Value.Item1.X,Value.Item1.Y,Value.Item2,Timestamp
Value.Item1.X,Value.Item1.Y,Value.Item2,Timestamp
197.92804,248.638336,1,2026-09-01T14:58:54.7555712+01:00
200.668869,252.279114,1,2026-09-01T14:58:54.7873536+01:00
204.14267,257.254791,1,2026-09-01T14:58:54.8194048+01:00
207.698975,265.274841,1,2026-09-01T14:58:54.8516096+01:00
210.400146,273.601593,1,2026-09-01T14:58:54.8834304+01:00
210.823502,280.804443,1,2026-09-01T14:58:54.9154432+01:00
209.52063,284.313324,1,2026-09-01T14:58:54.9476352+01:00
210.095261,284.413055,1,2026-09-01T14:58:54.9795584+01:00
211.479309,279.999756,1,2026-09-01T14:58:55.0118144+01:00
214.421936,274.598358,1,2026-09-01T14:58:55.0434688+01:00
217.721909,270.292999,1,2026-09-01T14:58:55.0755456+01:00
217.716858,264.69873,1,2026-09-01T14:58:55.1235840+01:00
215.235443,256.247589,1,2026-09-01T14:58:55.1556608+01:00
211.052887,241.998749,1,2026-09-01T14:58:55.1872128+01:00
201.590561,218.547211,1,2026-09-01T14:58:55.2198272+01:00
185.602417,191.94664,1,2026-09-01T14:58:55.2513920+01:00
167.695923,169.179031,1,2026-09-01T14:58:55.2834688+01:00
151.149216,147.739761,1,2026-09-01T14:58:55.3152768+01:00
134.111404,134.967422,1,2026-09-01T14:58:55.3476608+01:00
120.072418,128.316483,1,2026-09-01T14:58:55.3797504+01:00
109.910263,123.767059,1,2026-09-01T14:58:55.4116096+01:00
110.396942,131.659653,1,2026-09-01T14:58:55.4440704+01:00
91.1980743,92.8526077,1,2026-09-01T14:58:55.4916736+01:00
93.7166824,85.7650528,2,2026-09-01T14:58:55.5233792+01:00
106.880669,93.6456757,2,2026-09-01T14:58:55.5555200+01:00
111.452194,103.877037,2,2026-09-01T14:58:55.5877760+01:00
121.454201,104.406761,2,2026-09-01T14:58:55.6199168+01:00
134.897736,104.006805,2,2026-09-01T14:58:55.6516736+01:00
146.148727,111.80732,2,2026-09-01T14:58:55.6835712+01:00
157.579773,116.027184,2,2026-09-01T14:58:55.7160192+01:00
170.874741,119.902855,2,2026-09-01T14:58:55.7474560+01:00
181.316788,122.210876,2,2026-09-01T14:58:55.7797888+01:00
193.058975,124.437561,2,2026-09-01T14:58:55.8116864+01:00
217.201218,137.33313,2,2026-09-01T14:58:55.8596096+01:00
246.492706,156.306931,2,2026-09-01T14:58:55.8914688+01:00
270.959473,176.960999,2,2026-09-01T14:58:55.9238528+01:00
291.771393,198.821548,2,2026-09-01T14:58:55.9558400+01:00
309.770569,215.920212,2,2026-09-01T14:58:55.9874176+01:00
325.4151,228.91185,2,2026-09-01T14:58:56.0199296+01:00
337.096161,236.522812,2,2026-09-01T14:58:56.0516096+01:00
346.567902,238.998917,2,2026-09-01T14:58:56.0835968+01:00
354.004517,238.661972,2,2026-09-01T14:58:56.1156608+01:00
359.462677,237.197556,2,2026-09-01T14:58:56.1477376+01:00
364.254333,236.446838,2,2026-09-01T14:58:56.1798400+01:00
367.857056,235.022583,2,2026-09-01T14:58:56.2116736+01:00
371.08252,234.047913,2,2026-09-01T14:58:56.2596224+01:00
373.901978,228.428925,2,2026-09-01T14:58:56.2915072+01:00
376.353912,222.602676,2,2026-09-01T14:58:56.3240064+01:00
376.993073,214.780807,2,2026-09-01T14:58:56.3557888+01:00
377.699951,206.233215,2,2026-09-01T14:58:56.3875712+01:00
377.622131,198.359299,2,2026-09-01T14:58:56.4201728+01:00
374.885803,195.164917,2,2026-09-01T14:58:56.4515328+01:00
369.217468,191.067017,2,2026-09-01T14:58:56.4832640+01:00
361.659515,188.560791,2,2026-09-01T14:58:56.5157248+01:00
353.379303,185.962097,3,2026-09-01T14:58:56.5472896+01:00
347.404297,183.832916,3,2026-09-01T14:58:56.5796480+01:00
343.572418,180.060867,3,2026-09-01T14:58:56.6276096+01:00
342.433563,177.470383,3,2026-09-01T14:58:56.6594688+01:00
344.081726,173.024261,3,2026-09-01T14:58:56.6916480+01:00
347.785339,170.645447,3,2026-09-01T14:58:56.7241728+01:00
351.528961,167.758743,3,2026-09-01T14:58:56.7558656+01:00
355.554626,164.323639,3,2026-09-01T14:58:56.7874944+01:00
360.216431,161.863464,3,2026-09-01T14:58:56.8200448+01:00
361.820313,160.907608,3,2026-09-01T14:58:56.8515968+01:00
358.960175,166.202789,3,2026-09-01T14:58:56.8844928+01:00
350.032349,179.374649,3,2026-09-01T14:58:56.9165568+01:00
333.901459,196.777817,3,2026-09-01T14:58:56.9475584+01:00
309.423889,221.443069,3,2026-09-01T14:58:56.9955456+01:00
278.766449,247.251511,3,2026-09-01T14:58:57.0281600+01:00
246.674591,268.413513,3,2026-09-01T14:58:57.0596864+01:00
211.68811,286.238708,3,2026-09-01T14:58:57.0916736+01:00
180.792801,296.558563,3,2026-09-01T14:58:57.1242112+01:00
162.202347,290.536102,3,2026-09-01T14:58:57.1561472+01:00
137.787125,289.444153,3,2026-09-01T14:58:57.1876864+01:00
125.483337,285.345917,3,2026-09-01T14:58:57.2198528+01:00
113.377296,289.466187,3,2026-09-01T14:58:57.2516864+01:00
104.956635,292.361969,3,2026-09-01T14:58:57.2835712+01:00
94.9838486,298.493011,3,2026-09-01T14:58:57.3155968+01:00
75.4804916,320.869476,3,2026-09-01T14:58:57.3639808+01:00
77.3813477,308.097931,3,2026-09-01T14:58:57.3957376+01:00
58.9275665,302.274933,3,2026-09-01T14:58:57.4278784+01:00
56.6916924,306.925934,3,2026-09-01T14:58:57.4596736+01:00
56.76968,313.110565,3,2026-09-01T14:58:57.4917888+01:00
58.7167778,320.657654,3,2026-09-01T14:58:57.5236992+01:00
66.9450378,357.036133,3,2026-09-01T14:58:57.5560832+01:00
79.4873123,344.827209,3,2026-09-01T14:58:57.5875840+01:00
87.6638336,353.199615,3,2026-09-01T14:58:57.6199680+01:00
94.1075516,359.374115,3,2026-09-01T14:58:57.6524800+01:00
99.2260818,361.307404,3,2026-09-01T14:58:57.6842496+01:00
102.653397,360.642212,4,2026-09-01T14:58:57.7321600+01:00
105.494804,355.910767,4,2026-09-01T14:58:57.7635840+01:00
107.545547,349.242157,4,2026-09-01T14:58:57.7958016+01:00
110.808121,342.109619,4,2026-09-01T14:58:57.8276736+01:00
113.105316,334.776764,4,2026-09-01T14:58:57.8597376+01:00
117.022026,327.5755,4,2026-09-01T14:58:57.8924032+01:00
121.685036,323.107178,4,2026-09-01T14:58:57.9238912+01:00
133.116501,313.34668,4,2026-09-01T14:58:57.9560576+01:00
150.160248,291.439178,4,2026-09-01T14:58:57.9877120+01:00
162.104706,283.432739,4,2026-09-01T14:58:58.0199808+01:00
185.517136,270.264221,4,2026-09-01T14:58:58.0520320+01:00
213.342224,260.667175,4,2026-09-01T14:58:58.0843392+01:00
243.608887,247.158646,4,2026-09-01T14:58:58.1322112+01:00
273.325653,236.331299,4,2026-09-01T14:58:58.1638784+01:00
303.272125,226.374374,4,2026-09-01T14:58:58.1961472+01:00
331.082245,217.304749,4,2026-09-01T14:58:58.2275456+01:00
357.512238,210.414536,4,2026-09-01T14:58:58.2599040+01:00
379.565887,207.839874,4,2026-09-01T14:58:58.2921728+01:00
400.22641,202.980789,4,2026-09-01T14:58:58.3239168+01:00
417.264923,198.689636,4,2026-09-01T14:58:58.3561984+01:00
431.201721,193.140823,4,2026-09-01T14:58:58.3881216+01:00
443.113007,187.039154,4,2026-09-01T14:58:58.4203776+01:00
452.403168,181.887985,4,2026-09-01T14:58:58.4517248+01:00
458.700195,177.705292,5,2026-09-01T14:58:58.5000832+01:00
462.746063,174.437057,5,2026-09-01T14:58:58.5317376+01:00
463.583649,171.203384,5,2026-09-01T14:58:58.5639680+01:00
461.302887,168.693771,5,2026-09-01T14:58:58.5957376+01:00
455.921326,169.023026,5,2026-09-01T14:58:58.6276736+01:00
449.674927,169.295441,5,2026-09-01T14:58:58.6599296+01:00
444.295715,168.881989,5,2026-09-01T14:58:58.6922624+01:00
440.596191,166.868729,5,2026-09-01T14:58:58.7239424+01:00
439.871979,163.628052,5,2026-09-01T14:58:58.7559168+01:00
441.65683,159.292542,5,2026-09-01T14:58:58.7878528+01:00
446.416748,149.978073,5,2026-09-01T14:58:58.8201472+01:00
454.924988,138.970367,5,2026-09-01T14:58:58.8678016+01:00
463.849121,127.988716,5,2026-09-01T14:58:58.9000704+01:00
474.729919,119.401878,5,2026-09-01T14:58:58.9320576+01:00
486.273468,115.665085,5,2026-09-01T14:58:58.9642112+01:00
498.398865,115.699364,5,2026-09-01T14:58:58.9958400+01:00
511.26297,116.911621,5,2026-09-01T14:58:59.0278912+01:00
524.295105,121.175613,5,2026-09-01T14:58:59.0602624+01:00
536.479614,124.72818,5,2026-09-01T14:58:59.0918656+01:00
547.159424,126.798874,5,2026-09-01T14:58:59.1242752+01:00
556.168396,128.71138,5,2026-09-01T14:58:59.1559040+01:00
563.690125,131.082077,5,2026-09-01T14:58:59.1881344+01:00
569.229858,133.362396,5,2026-09-01T14:58:59.2362368+01:00
572.908325,136.535446,5,2026-09-01T14:58:59.2678912+01:00
575.444092,139.27153,6,2026-09-01T14:58:59.2999040+01:00
577.91626,139.840317,6,2026-09-01T14:58:59.3322752+01:00
579.356995,137.148972,6,2026-09-01T14:58:59.3638912+01:00
578.590576,132.703781,6,2026-09-01T14:58:59.3958272+01:00
576.691406,127.992775,6,2026-09-01T14:58:59.4288512+01:00
572.059204,123.070862,6,2026-09-01T14:58:59.4605568+01:00
566.689697,117.941536,6,2026-09-01T14:58:59.4921344+01:00
557.704529,114.432404,6,2026-09-01T14:58:59.5241984+01:00
544.757629,112.539017,6,2026-09-01T14:58:59.5562624+01:00
525.967529,112.74382,6,2026-09-01T14:58:59.6040704+01:00
501.912842,120.172066,6,2026-09-01T14:58:59.6359424+01:00
474.184387,141.868759,6,2026-09-01T14:58:59.6678144+01:00
448.569763,165.960312,6,2026-09-01T14:58:59.7007488+01:00
423.262543,198.307007,6,2026-09-01T14:58:59.7322112+01:00
398.129211,235.125076,6,2026-09-01T14:58:59.7641728+01:00
383.536438,266.638794,6,2026-09-01T14:58:59.7962496+01:00
372.901062,289.663452,6,2026-09-01T14:58:59.8279296+01:00
369.739716,303.960022,6,2026-09-01T14:58:59.8608128+01:00
372.451324,310.276306,6,2026-09-01T14:58:59.8922496+01:00
379.411621,313.664032,6,2026-09-01T14:58:59.9241600+01:00
386.73703,313.580597,6,2026-09-01T14:58:59.9720448+01:00
393.807739,312.741577,7,2026-09-01T14:59:00.0044032+01:00
398.696106,311.439758,7,2026-09-01T14:59:00.0359680+01:00
401.907135,305.737518,7,2026-09-01T14:59:00.0680448+01:00
402.360809,297.072784,7,2026-09-01T14:59:00.0999296+01:00
399.970551,286.196472,7,2026-09-01T14:59:00.1321856+01:00
393.387451,272.8909,7,2026-09-01T14:59:00.1639552+01:00
382.936462,259.378082,7,2026-09-01T14:59:00.1960320+01:00
369.883942,246.159943,7,2026-09-01T14:59:00.2280960+01:00
355.377869,234.887833,7,2026-09-01T14:59:00.2604672+01:00
336.911072,226.184448,7,2026-09-01T14:59:00.2926336+01:00
312.899597,218.942596,7,2026-09-01T14:59:00.3244544+01:00
281.044067,215.158524,7,2026-09-01T14:59:00.3723904+01:00
240.821747,215.168396,7,2026-09-01T14:59:00.4040704+01:00
190.725693,218.64505,7,2026-09-01T14:59:00.4362496+01:00
141.533173,224.914459,7,2026-09-01T14:59:00.4679296+01:00
102.46759,228.000854,7,2026-09-01T14:59:00.5005312+01:00
69.0408325,236.289536,7,2026-09-01T14:59:00.5320960+01:00
45.4935989,258.469391,7,2026-09-01T14:59:00.5641472+01:00
34.7438927,271.642914,7,2026-09-01T14:59:00.5960448+01:00
27.3559856,281.863159,7,2026-09-01T14:59:00.6282240+01:00
22.5559959,290.110474,7,2026-09-01T14:59:00.6600960+01:00
17.2104359,290.926788,8,2026-09-01T14:59:00.6925824+01:00
11.0377131,288.725525,8,2026-09-01T14:59:00.7408384+01:00
6.55555534,279.129089,8,2026-09-01T14:59:00.7723264+01:00
6.52707291,262.695435,8,2026-09-01T14:59:00.8041856+01:00
10.1769495,279.416229,8,2026-09-01T14:59:00.8359168+01:00
20.4711227,275.855377,8,2026-09-01T14:59:00.8680192+01:00
36.7615547,271.883636,8,2026-09-01T14:59:00.9002880+01:00
55.5614204,270.430573,8,2026-09-01T14:59:00.9323904+01:00
77.1455841,270.645569,8,2026-09-01T14:59:00.9642240+01:00
103.276169,262.781036,8,2026-09-01T14:59:00.9964160+01:00
135.282227,253.135269,8,2026-09-01T14:59:01.0287744+01:00
168.254364,246.31105,8,2026-09-01T14:59:01.0603648+01:00
196.70256,245.423981,8,2026-09-01T14:59:01.1081216+01:00
213.281662,253.816254,8,2026-09-01T14:59:01.1407360+01:00
215.934845,273.458008,8,2026-09-01T14:59:01.1721856+01:00
210.222885,297.717133,8,2026-09-01T14:59:01.2040064+01:00
199.773148,321.575867,8,2026-09-01T14:59:01.2366848+01:00
194.416702,337.56662,8,2026-09-01T14:59:01.2683392+01:00
191.439621,347.478638,8,2026-09-01T14:59:01.3001216+01:00
190.064667,353.558533,8,2026-09-01T14:59:01.3323520+01:00
189.018265,357.950226,8,2026-09-01T14:59:01.3641216+01:00
188.411804,361.075836,9,2026-09-01T14:59:01.3964288+01:00
189.938705,362.276855,9,2026-09-01T14:59:01.4280832+01:00
193.567993,362.582825,9,2026-09-01T14:59:01.4763648+01:00
198.571152,359.845612,9,2026-09-01T14:59:01.5083008+01:00
206.104202,355.547241,9,2026-09-01T14:59:01.5407360+01:00
214.232666,347.951813,9,2026-09-01T14:59:01.5720960+01:00
223.008636,335.838684,9,2026-09-01T14:59:01.6044288+01:00
232.554688,322.562195,9,2026-09-01T14:59:01.6363392+01:00
244.558334,307.450958,9,2026-09-01T14:59:01.6681856+01:00
258.221375,291.615509,9,2026-09-01T14:59:01.7001600+01:00
272.034088,270.175629,9,2026-09-01T14:59:01.7322112+01:00
278.351501,250.731781,9,2026-09-01T14:59:01.7643136+01:00
273.601257,232.833298,9,2026-09-01T14:59:01.7970176+01:00
255.011948,219.495728,9,2026-09-01T14:59:01.8441088+01:00
224.937943,201.258698,9,2026-09-01T14:59:01.8763392+01:00
186.513107,184.584381,9,2026-09-01T14:59:01.9081984+01:00
148.150665,168.351639,9,2026-09-01T14:59:01.9403776+01:00
104.698143,164.019852,9,2026-09-01T14:59:01.9723648+01:00
66.2535858,161.105988,9,2026-09-01T14:59:02.0045440+01:00
32.776432,160.024231,9,2026-09-01T14:59:02.0366848+01:00
14.4286118,148.61235,9,2026-09-01T14:59:02.0680576+01:00
5.3938427,133.230896,9,2026-09-01T14:59:02.1003776+01:00
9.24849224,153.237061,10,2026-09-01T14:59:02.2127488+01:00
20.5708523,167.338959,10,2026-09-01T14:59:02.2448128+01:00
33.9870415,175.230148,10,2026-09-01T14:59:02.2770304+01:00
49.7865448,178.914795,10,2026-09-01T14:59:02.3085952+01:00
65.6704559,178.443085,10,2026-09-01T14:59:02.3404544+01:00
79.0913773,178.53186,10,2026-09-01T14:59:02.3732352+01:00
88.4805832,177.041504,10,2026-09-01T14:59:02.4044928+01:00
86.9254227,155.073929,10,2026-09-01T14:59:02.4363392+01:00
94.5610123,179.103043,10,2026-09-01T14:59:02.4683904+01:00
102.794174,185.82959,10,2026-09-01T14:59:02.5006208+01:00
121.019112,191.936783,10,2026-09-01T14:59:02.5326208+01:00
145.923981,195.70134,10,2026-09-01T14:59:02.5649408+01:00
172.66246,199.598175,10,2026-09-01T14:59:02.6124544+01:00
201.112305,196.628693,10,2026-09-01T14:59:02.6446080+01:00
226.491119,190.611237,10,2026-09-01T14:59:02.6763648+01:00
248.538467,184.894791,10,2026-09-01T14:59:02.7084288+01:00
270.037689,179.316711,10,2026-09-01T14:59:02.7408256+01:00
291.835327,175.142746,10,2026-09-01T14:59:02.7729280+01:00
311.23349,171.446152,10,2026-09-01T14:59:02.8053120+01:00
327.492737,167.008926,10,2026-09-01T14:59:02.8365952+01:00
341.786713,165.069885,10,2026-09-01T14:59:02.8685696+01:00
352.13382,164.280075,10,2026-09-01T14:59:02.9002752+01:00
359.496307,163.334457,10,2026-09-01T14:59:02.9325824+01:00
364.446747,161.761444,10,2026-09-01T14:59:02.9811200+01:00
365.051697,159.422165,10,2026-09-01T14:59:03.0124416+01:00
360.625671,155.297104,10,2026-09-01T14:59:03.0445696+01:00
349.681213,147.505493,10,2026-09-01T14:59:03.0764544+01:00
330.979034,136.006134,10,2026-09-01T14:59:03.1085312+01:00
301.25061,126.25692,10,2026-09-01T14:59:03.1404032+01:00
256.564575,111.201035,10,2026-09-01T14:59:03.1723776+01:00
197.059753,89.8833389,10,2026-09-01T14:59:03.2046848+01:00
134.178482,83.8676376,10,2026-09-01T14:59:03.2365312+01:00
70.4873123,84.6437149,10,2026-09-01T14:59:03.2684288+01:00
Value.Item1.X,Value.Item1.Y,Value.Item2,Timestamp
297.441071,316.470795,1,2026-09-01T14:59:28.7436672+01:00
298.68277,328.95636,1,2026-09-01T14:59:28.7758720+01:00
297.972626,332.69223,1,2026-09-01T14:59:28.8234112+01:00
295.126953,328.528412,1,2026-09-01T14:59:28.8555264+01:00
289.152313,321.436005,1,2026-09-01T14:59:28.8879232+01:00
282.387329,312.841736,1,2026-09-01T14:59:28.9197184+01:00
276.152374,305.496429,1,2026-09-01T14:59:28.9517440+01:00
272.774139,298.876587,1,2026-09-01T14:59:28.9836800+01:00
272.889282,292.424408,1,2026-09-01T14:59:29.0154880+01:00
278.152954,286.447784,1,2026-09-01T14:59:29.0476160+01:00
294.54303,275.46936,1,2026-09-01T14:59:29.0794624+01:00
319.615875,260.183411,1,2026-09-01T14:59:29.1116288+01:00
349.444122,236.442795,1,2026-09-01T14:59:29.1438208+01:00
376.984192,210.162827,1,2026-09-01T14:59:29.1914624+01:00
403.581085,177.888535,1,2026-09-01T14:59:29.2239232+01:00
422.618835,153.307449,1,2026-09-01T14:59:29.2555264+01:00
435.96521,129.750443,1,2026-09-01T14:59:29.2876928+01:00
446.241394,108.062309,1,2026-09-01T14:59:29.3198336+01:00
452.079132,91.6758423,1,2026-09-01T14:59:29.3515520+01:00
454.700073,73.1698837,1,2026-09-01T14:59:29.3841024+01:00
453.276611,56.062027,1,2026-09-01T14:59:29.4157696+01:00
448.553955,43.160408,1,2026-09-01T14:59:29.4479104+01:00
443.173767,33.4095192,1,2026-09-01T14:59:29.4797696+01:00
439.256805,26.863266,1,2026-09-01T14:59:29.5116800+01:00
435.244263,22.6295795,2,2026-09-01T14:59:29.5599360+01:00
434.328979,20.5513096,2,2026-09-01T14:59:29.5917184+01:00
437.101257,22.5875702,2,2026-09-01T14:59:29.6239744+01:00
443.331116,27.0771275,2,2026-09-01T14:59:29.6557824+01:00
451.358246,36.271286,2,2026-09-01T14:59:29.6876032+01:00
458.174103,57.5770912,2,2026-09-01T14:59:29.7201152+01:00
463.920654,90.5063553,2,2026-09-01T14:59:29.7516032+01:00
469.566101,125.498131,2,2026-09-01T14:59:29.7839744+01:00
472.741211,152.023636,2,2026-09-01T14:59:29.8155264+01:00
476.945404,165.83371,2,2026-09-01T14:59:29.8477824+01:00
480.516876,175.569656,2,2026-09-01T14:59:29.8796672+01:00
485.388184,183.494202,2,2026-09-01T14:59:29.9281536+01:00
492.688324,194.468872,2,2026-09-01T14:59:29.9595392+01:00
500.867828,206.813721,2,2026-09-01T14:59:29.9919104+01:00
508.112701,221.59314,2,2026-09-01T14:59:30.0240128+01:00
515.373596,234.579941,2,2026-09-01T14:59:30.0557824+01:00
522.564209,244.222031,2,2026-09-01T14:59:30.0880512+01:00
528.963684,251.418655,2,2026-09-01T14:59:30.1199360+01:00
537.318298,254.367081,2,2026-09-01T14:59:30.1518336+01:00
544.049744,253.924316,2,2026-09-01T14:59:30.1840896+01:00
551.376404,250.50148,2,2026-09-01T14:59:30.2159360+01:00
556.822571,248.626434,2,2026-09-01T14:59:30.2477824+01:00
562.667664,245.803146,2,2026-09-01T14:59:30.2957312+01:00
566.942139,245.507721,2,2026-09-01T14:59:30.3276416+01:00
570.751831,248.189316,2,2026-09-01T14:59:30.3605632+01:00
573.414307,250.54921,2,2026-09-01T14:59:30.3917568+01:00
575.301636,253.774673,2,2026-09-01T14:59:30.4242944+01:00
576.247375,257.643494,2,2026-09-01T14:59:30.4562432+01:00
576.995667,261.07135,2,2026-09-01T14:59:30.4884352+01:00
577.386414,265.673615,3,2026-09-01T14:59:30.5197312+01:00
575.223877,269.047821,3,2026-09-01T14:59:30.5515776+01:00
572.480774,273.832458,3,2026-09-01T14:59:30.5841792+01:00
570.377014,276.678223,3,2026-09-01T14:59:30.6158720+01:00
565.347046,277.638306,3,2026-09-01T14:59:30.6479872+01:00
558.039063,277.5802,3,2026-09-01T14:59:30.6962816+01:00
550.620667,273.302521,3,2026-09-01T14:59:30.7282944+01:00
539.98584,272.789948,3,2026-09-01T14:59:30.7601024+01:00
525.174988,275.133698,3,2026-09-01T14:59:30.7918848+01:00
510.078339,277.888977,3,2026-09-01T14:59:30.8239232+01:00
495.55072,268.988861,3,2026-09-01T14:59:30.8558720+01:00
480.669891,258.95047,3,2026-09-01T14:59:30.8880128+01:00
470.396942,237.416245,3,2026-09-01T14:59:30.9202816+01:00
462.90625,212.133102,3,2026-09-01T14:59:30.9523712+01:00
456.33728,188.846878,3,2026-09-01T14:59:30.9838976+01:00
451.051636,162.997818,3,2026-09-01T14:59:31.0159104+01:00
447.966064,143.02626,3,2026-09-01T14:59:31.0639616+01:00
445.490509,126.801163,3,2026-09-01T14:59:31.0960000+01:00
443.968781,113.061478,3,2026-09-01T14:59:31.1279616+01:00
443.138214,104.168221,3,2026-09-01T14:59:31.1604096+01:00
443.799896,95.5916901,3,2026-09-01T14:59:31.1920896+01:00
445.255341,90.1238022,4,2026-09-01T14:59:31.2240896+01:00
445.297211,91.0099716,4,2026-09-01T14:59:31.2563456+01:00
445.748077,93.9870834,4,2026-09-01T14:59:31.2881408+01:00
441.745697,104.012367,4,2026-09-01T14:59:31.3201536+01:00
434.859161,124.017548,4,2026-09-01T14:59:31.3517440+01:00
422.476624,145.456024,4,2026-09-01T14:59:31.3841664+01:00
405.262146,166.825073,4,2026-09-01T14:59:31.4318208+01:00
383.126221,182.135208,4,2026-09-01T14:59:31.4640256+01:00
362.267029,192.112885,4,2026-09-01T14:59:31.4963328+01:00
343.726349,198.780396,4,2026-09-01T14:59:31.5281792+01:00
328.717926,207.748444,4,2026-09-01T14:59:31.5599872+01:00
320.557068,215.125122,4,2026-09-01T14:59:31.5919488+01:00
321.560425,224.546387,4,2026-09-01T14:59:31.6242560+01:00
330.769196,228.585571,4,2026-09-01T14:59:31.6560768+01:00
348.031464,230.777115,4,2026-09-01T14:59:31.6884480+01:00
369.406006,226.288666,4,2026-09-01T14:59:31.7201024+01:00
395.555176,222.207169,4,2026-09-01T14:59:31.7519360+01:00
422.264709,214.523422,4,2026-09-01T14:59:31.7996416+01:00
453.437866,208.640198,4,2026-09-01T14:59:31.8318592+01:00
477.646484,209.204575,4,2026-09-01T14:59:31.8646272+01:00
502.466705,213.931717,4,2026-09-01T14:59:31.8964480+01:00
522.937012,221.830414,4,2026-09-01T14:59:31.9280128+01:00
539.218018,235.431366,4,2026-09-01T14:59:31.9602304+01:00
550.87323,252.569077,4,2026-09-01T14:59:31.9918720+01:00
559.712524,264.05957,4,2026-09-01T14:59:32.0240768+01:00
567.575195,268.131958,4,2026-09-01T14:59:32.0560384+01:00
573.664795,271.001709,4,2026-09-01T14:59:32.0880384+01:00
579.995178,269.400726,5,2026-09-01T14:59:32.1200896+01:00
585.672913,265.325867,5,2026-09-01T14:59:32.1683200+01:00
589.713013,259.279663,5,2026-09-01T14:59:32.2005504+01:00
590.915222,250.98056,5,2026-09-01T14:59:32.2321536+01:00
588.977844,239.95929,5,2026-09-01T14:59:32.2642560+01:00
584.702209,229.512619,5,2026-09-01T14:59:32.2960512+01:00
576.703979,220.557999,5,2026-09-01T14:59:32.3277568+01:00
568.024231,212.789764,5,2026-09-01T14:59:32.3606400+01:00
559.5047,204.730606,5,2026-09-01T14:59:32.3918336+01:00
549.496155,203.324295,5,2026-09-01T14:59:32.4241536+01:00
537.593994,201.898666,5,2026-09-01T14:59:32.4562688+01:00
523.31427,204.62738,5,2026-09-01T14:59:32.4881664+01:00
505.967468,212.338486,5,2026-09-01T14:59:32.5197440+01:00
486.554901,228.167999,5,2026-09-01T14:59:32.5680256+01:00
458.792542,247.294785,5,2026-09-01T14:59:32.6001664+01:00
423.841156,283.554749,5,2026-09-01T14:59:32.6320896+01:00
385.712311,299.677002,5,2026-09-01T14:59:32.6641024+01:00
345.582611,310.882202,5,2026-09-01T14:59:32.6961024+01:00
310.512878,311.364594,5,2026-09-01T14:59:32.7279872+01:00
275.10675,311.118195,5,2026-09-01T14:59:32.7598848+01:00
245.2173,309.458435,5,2026-09-01T14:59:32.7920256+01:00
219.417847,307.106873,5,2026-09-01T14:59:32.8247168+01:00
202.506012,302.859528,5,2026-09-01T14:59:32.8558976+01:00
186.68222,303.929657,5,2026-09-01T14:59:32.8880768+01:00
174.793808,306.088135,5,2026-09-01T14:59:32.9362048+01:00
165.680756,307.987549,5,2026-09-01T14:59:32.9684480+01:00
159.312988,311.782776,5,2026-09-01T14:59:33.0002560+01:00
156.169174,316.484131,5,2026-09-01T14:59:33.0319872+01:00
154.257797,321.995148,6,2026-09-01T14:59:33.0640256+01:00
153.262039,329.117828,6,2026-09-01T14:59:33.0959744+01:00
153.881241,333.521759,6,2026-09-01T14:59:33.1281408+01:00
156.473724,335.90271,6,2026-09-01T14:59:33.1600640+01:00
160.125458,336.070007,6,2026-09-01T14:59:33.1922688+01:00
166.75145,332.788757,6,2026-09-01T14:59:33.2244224+01:00
176.224869,322.099243,6,2026-09-01T14:59:33.2564096+01:00
187.163452,307.463928,6,2026-09-01T14:59:33.3039616+01:00
197.743851,290.12674,6,2026-09-01T14:59:33.3360896+01:00
206.92128,271.170166,6,2026-09-01T14:59:33.3685504+01:00
214.581985,252.635208,6,2026-09-01T14:59:33.4000768+01:00
218.280029,239.178665,6,2026-09-01T14:59:33.4321152+01:00
218.666916,233.573608,6,2026-09-01T14:59:33.4642304+01:00
214.275269,242.894424,6,2026-09-01T14:59:33.4961920+01:00
206.46965,262.130524,6,2026-09-01T14:59:33.5287552+01:00
193.825897,291.039001,6,2026-09-01T14:59:33.5609088+01:00
180.758698,318.914581,6,2026-09-01T14:59:33.5924608+01:00
164.29007,344.017548,6,2026-09-01T14:59:33.6240256+01:00
149.259018,357.939911,6,2026-09-01T14:59:33.6720640+01:00
138.074951,365.279114,6,2026-09-01T14:59:33.7042816+01:00
128.543198,369.497375,6,2026-09-01T14:59:33.7363840+01:00
123.129089,371.287506,6,2026-09-01T14:59:33.7681792+01:00
120.157433,371.307648,6,2026-09-01T14:59:33.8005120+01:00
119.765656,369.872314,7,2026-09-01T14:59:33.8319872+01:00
120.430763,368.205048,7,2026-09-01T14:59:33.8646016+01:00
122.413063,365.667786,7,2026-09-01T14:59:33.8964352+01:00
127.406448,362.174957,7,2026-09-01T14:59:33.9283712+01:00
133.197784,356.429993,7,2026-09-01T14:59:33.9603328+01:00
141.156616,345.925262,7,2026-09-01T14:59:33.9924736+01:00
148.617722,334.598785,7,2026-09-01T14:59:34.0404480+01:00
156.914566,325.368591,7,2026-09-01T14:59:34.0720896+01:00
163.291718,320.272186,7,2026-09-01T14:59:34.1041664+01:00
168.792648,318.555603,7,2026-09-01T14:59:34.1360512+01:00
174.085175,318.076782,7,2026-09-01T14:59:34.1683968+01:00
177.407089,315.505646,7,2026-09-01T14:59:34.2001024+01:00
176.782211,304.893036,7,2026-09-01T14:59:34.2324096+01:00
170.503159,291.007874,7,2026-09-01T14:59:34.2642816+01:00
165.420258,261.972656,7,2026-09-01T14:59:34.2965760+01:00
152.696686,223.796356,7,2026-09-01T14:59:34.3283328+01:00
154.877823,206.404251,7,2026-09-01T14:59:34.3601152+01:00
148.277618,167.003159,7,2026-09-01T14:59:34.4085888+01:00
142.00177,123.178459,7,2026-09-01T14:59:34.4403840+01:00
132.017395,51.7506218,7,2026-09-01T14:59:34.4724608+01:00
139.637985,42.7235794,7,2026-09-01T14:59:34.5046912+01:00
138.587402,25.4230671,7,2026-09-01T14:59:34.5362816+01:00
146.72731,32.908062,7,2026-09-01T14:59:34.5683584+01:00
155.264694,37.7215538,8,2026-09-01T14:59:34.6004992+01:00
164.496857,50.23983,8,2026-09-01T14:59:34.6322432+01:00
176.579483,56.8342438,8,2026-09-01T14:59:34.6647296+01:00
188.758072,61.5169373,8,2026-09-01T14:59:34.6975360+01:00
197.9711,64.9097214,8,2026-09-01T14:59:34.7286016+01:00
203.658051,67.675148,8,2026-09-01T14:59:34.7605120+01:00
206.766434,74.398941,8,2026-09-01T14:59:34.8084608+01:00
207.217072,88.439949,8,2026-09-01T14:59:34.8402816+01:00
212.68483,111.555565,8,2026-09-01T14:59:34.8723456+01:00
222.275055,133.2686,8,2026-09-01T14:59:34.9041408+01:00
234.643616,153.198059,8,2026-09-01T14:59:34.9365120+01:00
243.876175,177.998901,8,2026-09-01T14:59:34.9685504+01:00
245.613815,205.606354,8,2026-09-01T14:59:35.0006784+01:00
240.961899,220.841095,8,2026-09-01T14:59:35.0326144+01:00
231.168167,224.299057,8,2026-09-01T14:59:35.0643840+01:00
215.126053,222.905518,8,2026-09-01T14:59:35.0966400+01:00
203.582077,202.98027,8,2026-09-01T14:59:35.1287424+01:00
184.983749,181.226196,8,2026-09-01T14:59:35.1762432+01:00
168.187561,160.719574,8,2026-09-01T14:59:35.2085376+01:00
163.193314,146.537567,8,2026-09-01T14:59:35.2406144+01:00
154.315613,121.803513,8,2026-09-01T14:59:35.2724736+01:00
153.117828,114.028664,8,2026-09-01T14:59:35.3045888+01:00
161.254196,99.4656296,9,2026-09-01T14:59:35.3363072+01:00
152.953979,94.6414871,9,2026-09-01T14:59:35.3686144+01:00
161.460052,98.6510544,9,2026-09-01T14:59:35.4008320+01:00
168.639328,112.403786,9,2026-09-01T14:59:35.4321920+01:00
175.625671,125.43148,9,2026-09-01T14:59:35.4645504+01:00
191.512115,129.477036,9,2026-09-01T14:59:35.4963072+01:00
208.523926,145.055969,9,2026-09-01T14:59:35.5446400+01:00
226.722137,167.471451,9,2026-09-01T14:59:35.5765760+01:00
246.203873,183.280655,9,2026-09-01T14:59:35.6084864+01:00
264.554779,192.844727,9,2026-09-01T14:59:35.6406272+01:00
284.416016,201.069534,9,2026-09-01T14:59:35.6724480+01:00
303.25531,204.666885,9,2026-09-01T14:59:35.7046144+01:00
317.026703,200.994827,9,2026-09-01T14:59:35.7366016+01:00
326.185211,188.850464,9,2026-09-01T14:59:35.7686400+01:00
330.793274,172.741699,9,2026-09-01T14:59:35.8007168+01:00
330.067627,153.238968,9,2026-09-01T14:59:35.8322432+01:00
324.282898,130.555328,9,2026-09-01T14:59:35.8646912+01:00
315.241333,105.290665,9,2026-09-01T14:59:35.9122304+01:00
303.588837,81.9301529,9,2026-09-01T14:59:35.9448704+01:00
291.760345,62.1571808,9,2026-09-01T14:59:35.9762304+01:00
280.964111,48.4615364,9,2026-09-01T14:59:36.0088320+01:00
272.269897,39.0540733,9,2026-09-01T14:59:36.0409600+01:00
263.465485,34.0653458,9,2026-09-01T14:59:36.0725376+01:00
264.194916,36.9805832,10,2026-09-01T14:59:36.1045760+01:00
273.279724,39.5813484,10,2026-09-01T14:59:36.1366016+01:00
279.910156,46.4687195,10,2026-09-01T14:59:36.1692800+01:00
288.083801,55.5822105,10,2026-09-01T14:59:36.2015488+01:00
299.163513,65.8553543,10,2026-09-01T14:59:36.2325376+01:00
313.192108,80.9228897,10,2026-09-01T14:59:36.2809472+01:00
328.74826,100.45681,10,2026-09-01T14:59:36.3127040+01:00
341.652985,124.119621,10,2026-09-01T14:59:36.3447808+01:00
350.656006,149.052155,10,2026-09-01T14:59:36.3769856+01:00
356.692261,175.540405,10,2026-09-01T14:59:36.4087680+01:00
362.34198,202.924545,10,2026-09-01T14:59:36.4409344+01:00
365.196533,232.171936,10,2026-09-01T14:59:36.4724864+01:00
364.204132,252.588715,10,2026-09-01T14:59:36.5047936+01:00
360.393616,262.485382,10,2026-09-01T14:59:36.5369088+01:00
355.000244,267.576233,10,2026-09-01T14:59:36.5689856+01:00
348.729858,269.313721,10,2026-09-01T14:59:36.6009344+01:00
342.831268,264.815338,10,2026-09-01T14:59:36.6487552+01:00
335.29599,259.380981,10,2026-09-01T14:59:36.6812544+01:00
326.036163,254.968979,10,2026-09-01T14:59:36.7125760+01:00
315.602844,251.945694,10,2026-09-01T14:59:36.7449728+01:00
303.401581,248.939331,10,2026-09-01T14:59:36.7771648+01:00
287.044556,244.282471,10,2026-09-01T14:59:36.8091648+01:00
265.361938,240.420349,10,2026-09-01T14:59:36.8409472+01:00
236.673264,234.417709,10,2026-09-01T14:59:36.8725504+01:00
197.939209,226.362839,10,2026-09-01T14:59:36.9047168+01:00
149.998978,216.703125,10,2026-09-01T14:59:36.9368832+01:00
102.435883,222.952011,10,2026-09-01T14:59:36.9689728+01:00
601.772583,79.7863007,10,2026-09-01T14:59:37.6724608+01:00
Value.Item1.X,Value.Item1.Y,Value.Item2,Timestamp
573.996521,219.259628,1,2026-09-01T14:59:59.2042368+01:00
581.027405,225.354904,1,2026-09-01T14:59:59.2369408+01:00
585.02356,228.749985,1,2026-09-01T14:59:59.2684288+01:00
584.870789,226.056961,1,2026-09-01T14:59:59.3005056+01:00
579.35144,220.006348,1,2026-09-01T14:59:59.3483392+01:00
569.17627,213.442703,1,2026-09-01T14:59:59.3803776+01:00
554.899902,204.36145,1,2026-09-01T14:59:59.4124800+01:00
536.973328,193.054291,1,2026-09-01T14:59:59.4444160+01:00
517.96167,183.846176,1,2026-09-01T14:59:59.4764160+01:00
497.628082,178.289017,1,2026-09-01T14:59:59.5081728+01:00
477.6297,175.751846,1,2026-09-01T14:59:59.5412736+01:00
458.21344,172.720459,1,2026-09-01T14:59:59.5727232+01:00
434.9599,167.390488,1,2026-09-01T14:59:59.6046080+01:00
404.678467,163.013351,1,2026-09-01T14:59:59.6366080+01:00
362.02655,163.717697,1,2026-09-01T14:59:59.6684288+01:00
314.069092,162.15535,1,2026-09-01T14:59:59.7004160+01:00
262.888794,159.024841,1,2026-09-01T14:59:59.7486080+01:00
208.115601,153.980057,1,2026-09-01T14:59:59.7803648+01:00
155.6409,153.55571,1,2026-09-01T14:59:59.8132736+01:00
124.721855,153.14595,1,2026-09-01T14:59:59.8443776+01:00
102.255272,155.866714,1,2026-09-01T14:59:59.8762112+01:00
93.7505798,163.501236,1,2026-09-01T14:59:59.9084288+01:00
93.7991867,173.064987,1,2026-09-01T14:59:59.9402496+01:00
95.9145126,180.210999,1,2026-09-01T14:59:59.9725056+01:00
94.3953934,186.94902,1,2026-09-01T15:00:00.0042880+01:00
87.6918945,192.594955,1,2026-09-01T15:00:00.0364800+01:00
80.385643,192.676132,1,2026-09-01T15:00:00.0683264+01:00
71.8764267,185.50946,1,2026-09-01T15:00:00.1167232+01:00
61.7822952,180.078232,1,2026-09-01T15:00:00.1481728+01:00
51.1615486,175.968964,1,2026-09-01T15:00:00.1810944+01:00
44.7474289,153.666992,1,2026-09-01T15:00:00.2126208+01:00
42.7412415,132.155884,1,2026-09-01T15:00:00.2444928+01:00
44.5488586,116.365738,1,2026-09-01T15:00:00.2765952+01:00
48.5236435,103.807358,1,2026-09-01T15:00:00.3085056+01:00
53.1186447,92.0178528,1,2026-09-01T15:00:00.3406848+01:00
59.2629013,78.4723892,1,2026-09-01T15:00:00.3727360+01:00
65.6706467,71.0275955,2,2026-09-01T15:00:00.4044672+01:00
67.4086304,76.8542709,2,2026-09-01T15:00:00.4366720+01:00
68.7433548,85.6570435,2,2026-09-01T15:00:00.4844928+01:00
69.2519302,95.230835,2,2026-09-01T15:00:00.5167872+01:00
69.7238464,106.850456,2,2026-09-01T15:00:00.5488896+01:00
70.8876114,118.703094,2,2026-09-01T15:00:00.5815168+01:00
73.5749893,129.35936,2,2026-09-01T15:00:00.6125824+01:00
79.0575333,133.801041,2,2026-09-01T15:00:00.6448512+01:00
87.9442215,133.923431,2,2026-09-01T15:00:00.6762752+01:00
103.745148,135.519547,2,2026-09-01T15:00:00.7084544+01:00
129.332291,142.239639,2,2026-09-01T15:00:00.7406976+01:00
155.481262,156.119934,2,2026-09-01T15:00:00.7726848+01:00
190.978683,177.512573,2,2026-09-01T15:00:00.8045184+01:00
230.684677,202.522156,2,2026-09-01T15:00:00.8527360+01:00
269.17746,234.745941,2,2026-09-01T15:00:00.8848256+01:00
303.5383,267.333466,2,2026-09-01T15:00:00.9163904+01:00
334.476227,295.804993,2,2026-09-01T15:00:00.9484928+01:00
362.920807,324.215546,2,2026-09-01T15:00:00.9803904+01:00
387.167847,345.485626,2,2026-09-01T15:00:01.0128640+01:00
412.316345,352.515381,2,2026-09-01T15:00:01.0444032+01:00
436.505341,353.518372,2,2026-09-01T15:00:01.0767616+01:00
459.059052,352.592896,3,2026-09-01T15:00:01.1087360+01:00
474.992859,349.417786,3,2026-09-01T15:00:01.1405056+01:00
486.492249,347.186707,3,2026-09-01T15:00:01.1728000+01:00
490.023956,344.777069,3,2026-09-01T15:00:01.2205952+01:00
487.839539,342.046234,3,2026-09-01T15:00:01.2529920+01:00
481.755798,337.383087,3,2026-09-01T15:00:01.2846976+01:00
471.637909,328.820129,3,2026-09-01T15:00:01.3167872+01:00
459.908264,316.917023,3,2026-09-01T15:00:01.3486464+01:00
445.904907,305.435425,3,2026-09-01T15:00:01.3805440+01:00
430.291687,288.709259,3,2026-09-01T15:00:01.4131072+01:00
413.82959,267.204254,3,2026-09-01T15:00:01.4445056+01:00
392.141785,242.53038,3,2026-09-01T15:00:01.4769408+01:00
367.92215,220.737854,3,2026-09-01T15:00:01.5090048+01:00
344.432861,203.600327,3,2026-09-01T15:00:01.5412864+01:00
321.357788,185.134613,3,2026-09-01T15:00:01.5887744+01:00
304.39743,167.6745,3,2026-09-01T15:00:01.6206720+01:00
296.097626,154.715393,3,2026-09-01T15:00:01.6529536+01:00
295.094604,150.326187,3,2026-09-01T15:00:01.6845312+01:00
298.348663,153.829773,3,2026-09-01T15:00:01.7165696+01:00
303.310089,161.102707,3,2026-09-01T15:00:01.7487232+01:00
309.000214,171.498795,4,2026-09-01T15:00:01.7813120+01:00
313.121399,179.210205,4,2026-09-01T15:00:01.8137984+01:00
315.438568,182.663834,4,2026-09-01T15:00:01.8448000+01:00
315.755157,182.056198,4,2026-09-01T15:00:01.8766592+01:00
310.839264,179.731735,4,2026-09-01T15:00:01.9087872+01:00
302.561493,174.652252,4,2026-09-01T15:00:01.9407104+01:00
293.619141,166.493683,4,2026-09-01T15:00:01.9885312+01:00
284.36557,159.707108,4,2026-09-01T15:00:02.0209920+01:00
271.84903,150.748718,4,2026-09-01T15:00:02.0530688+01:00
259.611633,140.737305,4,2026-09-01T15:00:02.0848256+01:00
261.213776,143.779068,4,2026-09-01T15:00:02.1166336+01:00
281.059235,158.912186,4,2026-09-01T15:00:02.1488256+01:00
306.459381,172.641602,4,2026-09-01T15:00:02.1806976+01:00
333.361664,186.734314,4,2026-09-01T15:00:02.2126720+01:00
362.581665,204.705917,4,2026-09-01T15:00:02.2448128+01:00
389.443329,226.038406,4,2026-09-01T15:00:02.2766848+01:00
412.779388,251.137711,4,2026-09-01T15:00:02.3088896+01:00
431.987,278.050873,4,2026-09-01T15:00:02.3571456+01:00
446.388824,303.038239,4,2026-09-01T15:00:02.3885696+01:00
456.130737,320.608459,4,2026-09-01T15:00:02.4207104+01:00
462.073364,329.857666,4,2026-09-01T15:00:02.4525696+01:00
466.530914,327.772675,5,2026-09-01T15:00:02.4845824+01:00
468.3685,318.254639,5,2026-09-01T15:00:02.5168640+01:00
466.696136,306.49411,5,2026-09-01T15:00:02.5491072+01:00
461.723694,291.833832,5,2026-09-01T15:00:02.5809792+01:00
454.056732,278.187622,5,2026-09-01T15:00:02.6128768+01:00
444.501678,266.335052,5,2026-09-01T15:00:02.6447104+01:00
432.817383,250.25647,6,2026-09-01T15:00:02.6769664+01:00
418.57843,231.996719,6,2026-09-01T15:00:02.7247872+01:00
402.452179,214.303711,6,2026-09-01T15:00:02.7566336+01:00
385.237183,198.158051,6,2026-09-01T15:00:02.7884544+01:00
365.993835,180.459137,6,2026-09-01T15:00:02.8221056+01:00
343.504333,161.101425,6,2026-09-01T15:00:02.8530048+01:00
324.068573,143.223038,6,2026-09-01T15:00:02.8848384+01:00
319.392212,134.74472,6,2026-09-01T15:00:02.9166080+01:00
331.499023,145.777359,6,2026-09-01T15:00:02.9491456+01:00
354.888672,156.766434,6,2026-09-01T15:00:02.9808896+01:00
379.535187,171.048492,6,2026-09-01T15:00:03.0127360+01:00
398.268616,187.274765,6,2026-09-01T15:00:03.0449792+01:00
410.943909,203.219986,6,2026-09-01T15:00:03.0928000+01:00
412.77359,211.723083,6,2026-09-01T15:00:03.1250560+01:00
403.21405,210.782379,6,2026-09-01T15:00:03.1570432+01:00
381.7034,203.230179,6,2026-09-01T15:00:03.1890816+01:00
347.622833,190.66806,6,2026-09-01T15:00:03.2210560+01:00
301.1987,176.654755,6,2026-09-01T15:00:03.2526848+01:00
243.94809,159.137283,6,2026-09-01T15:00:03.2853248+01:00
184.960571,133.660339,6,2026-09-01T15:00:03.3176320+01:00
106.063942,112.8078,6,2026-09-01T15:00:03.3494656+01:00
49.1323738,93.4859009,6,2026-09-01T15:00:03.3810432+01:00
16.5726337,62.911499,6,2026-09-01T15:00:03.4129280+01:00
6.94081831,23.8230343,7,2026-09-01T15:00:03.5572992+01:00
10.1641436,26.4604778,7,2026-09-01T15:00:03.5888896+01:00
10.5022573,30.2857151,7,2026-09-01T15:00:03.6209280+01:00
10.1727467,30.8075466,7,2026-09-01T15:00:03.6528128+01:00
12.5119123,38.6922073,7,2026-09-01T15:00:03.6846336+01:00
23.3380814,74.1411362,7,2026-09-01T15:00:03.7170816+01:00
47.5012741,97.6544189,7,2026-09-01T15:00:03.7486592+01:00
83.646637,119.829498,7,2026-09-01T15:00:03.7812224+01:00
132.444565,138.453232,7,2026-09-01T15:00:03.8290432+01:00
172.169022,163.91011,7,2026-09-01T15:00:03.8624512+01:00
214.737854,182.736145,7,2026-09-01T15:00:03.8930688+01:00
260.775452,195.64032,7,2026-09-01T15:00:03.9252992+01:00
317.753906,197.527298,7,2026-09-01T15:00:03.9569024+01:00
368.026031,198.01767,7,2026-09-01T15:00:03.9889536+01:00
408.173981,202.722778,7,2026-09-01T15:00:04.0208000+01:00
439.338409,208.966187,7,2026-09-01T15:00:04.0529280+01:00
461.81369,220.139633,7,2026-09-01T15:00:04.0850176+01:00
478.251495,231.764999,7,2026-09-01T15:00:04.1171840+01:00
489.038147,241.776947,7,2026-09-01T15:00:04.1490304+01:00
497.558655,247.335175,7,2026-09-01T15:00:04.1813632+01:00
503.365479,245.705536,7,2026-09-01T15:00:04.2295808+01:00
508.965179,241.599045,7,2026-09-01T15:00:04.2609024+01:00
514.197693,237.823395,7,2026-09-01T15:00:04.2928512+01:00
518.035461,234.218491,7,2026-09-01T15:00:04.3251328+01:00
521.441406,229.138901,8,2026-09-01T15:00:04.3574528+01:00
524.511719,223.782639,8,2026-09-01T15:00:04.3896832+01:00
526.876892,220.006729,8,2026-09-01T15:00:04.4209920+01:00
526.05249,216.231506,8,2026-09-01T15:00:04.4529152+01:00
522.994873,211.711533,8,2026-09-01T15:00:04.4849920+01:00
518.585327,209.284332,8,2026-09-01T15:00:04.5170432+01:00
515.220764,207.302078,8,2026-09-01T15:00:04.5487872+01:00
514.408203,206.500137,8,2026-09-01T15:00:04.5974656+01:00
513.89502,210.329117,8,2026-09-01T15:00:04.6292992+01:00
514.191895,218.545792,8,2026-09-01T15:00:04.6612992+01:00
513.858521,226.062408,8,2026-09-01T15:00:04.6928256+01:00
511.591278,231.962112,8,2026-09-01T15:00:04.7250048+01:00
506.410187,236.081238,8,2026-09-01T15:00:04.7572608+01:00
497.707947,244.188141,8,2026-09-01T15:00:04.7889536+01:00
484.68103,258.173859,8,2026-09-01T15:00:04.8209920+01:00
471.853943,273.220551,8,2026-09-01T15:00:04.8531456+01:00
466.846069,285.396179,8,2026-09-01T15:00:04.8852736+01:00
467.878876,293.762573,8,2026-09-01T15:00:04.9174400+01:00
473.146118,298.779236,8,2026-09-01T15:00:04.9659776+01:00
479.108002,302.046448,8,2026-09-01T15:00:04.9969792+01:00
484.76001,304.640137,8,2026-09-01T15:00:05.0296960+01:00
489.517914,304.538086,8,2026-09-01T15:00:05.0612864+01:00
492.207611,301.756226,8,2026-09-01T15:00:05.0928768+01:00
494.472412,297.016754,8,2026-09-01T15:00:05.1256192+01:00
495.324127,289.848633,9,2026-09-01T15:00:05.1574144+01:00
492.241638,282.947632,9,2026-09-01T15:00:05.1889664+01:00
485.413971,273.829163,9,2026-09-01T15:00:05.2211712+01:00
473.765533,264.136169,9,2026-09-01T15:00:05.2532608+01:00
458.303375,253.854767,9,2026-09-01T15:00:05.2852352+01:00
437.645142,249.521271,9,2026-09-01T15:00:05.3330816+01:00
421.445465,247.987488,9,2026-09-01T15:00:05.3651712+01:00
408.884033,245.046997,9,2026-09-01T15:00:05.3972096+01:00
398.187042,236.453583,9,2026-09-01T15:00:05.4293504+01:00
383.941528,224.519745,9,2026-09-01T15:00:05.4610048+01:00
361.829254,213.162796,9,2026-09-01T15:00:05.4928384+01:00
331.787415,205.351791,9,2026-09-01T15:00:05.5252224+01:00
294.610199,202.089325,9,2026-09-01T15:00:05.5572224+01:00
254.7332,203.722198,9,2026-09-01T15:00:05.5891200+01:00
212.276794,211.531281,9,2026-09-01T15:00:05.6214016+01:00
180.634064,225.603363,9,2026-09-01T15:00:05.6530816+01:00
158.699661,243.569824,9,2026-09-01T15:00:05.7017600+01:00
153.605103,257.860657,9,2026-09-01T15:00:05.7331456+01:00
154.031372,266.365875,9,2026-09-01T15:00:05.7653248+01:00
154.33139,270.277222,9,2026-09-01T15:00:05.7973760+01:00
153.437271,270.261108,10,2026-09-01T15:00:05.8291200+01:00
152.882004,268.169098,10,2026-09-01T15:00:05.8614400+01:00
153.695267,263.078491,10,2026-09-01T15:00:05.8934656+01:00
157.082611,257.865204,10,2026-09-01T15:00:05.9253248+01:00
161.076645,253.249985,10,2026-09-01T15:00:05.9572608+01:00
166.036194,250.063919,10,2026-09-01T15:00:05.9896192+01:00
174.731964,244.730225,10,2026-09-01T15:00:06.0215424+01:00
187.980789,231.929092,10,2026-09-01T15:00:06.0533888+01:00
200.970276,216.34964,10,2026-09-01T15:00:06.1011072+01:00
213.238937,200.796082,10,2026-09-01T15:00:06.1337344+01:00
225.186279,189.146271,10,2026-09-01T15:00:06.1659520+01:00
236.111649,180.503937,10,2026-09-01T15:00:06.1980416+01:00
246.657745,170.902023,10,2026-09-01T15:00:06.2296448+01:00
257.224823,160.956299,10,2026-09-01T15:00:06.2617216+01:00
267.139038,151.14711,10,2026-09-01T15:00:06.2933504+01:00
274.32309,141.591812,10,2026-09-01T15:00:06.3253632+01:00
275.641235,133.098007,10,2026-09-01T15:00:06.3571584+01:00
269.298157,126.237984,10,2026-09-01T15:00:06.3893504+01:00
251.853912,122.309875,10,2026-09-01T15:00:06.4214016+01:00
225.164368,119.800728,10,2026-09-01T15:00:06.4697600+01:00
187.786499,121.579758,10,2026-09-01T15:00:06.5012608+01:00
140.881958,120.697769,10,2026-09-01T15:00:06.5333120+01:00
87.5989075,132.46962,10,2026-09-01T15:00:06.5658240+01:00
44.1745377,142.354553,10,2026-09-01T15:00:06.5978496+01:00
Value.Item1.X,Value.Item1.Y,Value.Item2,Timestamp
414.893402,247.405762,1,2026-09-01T15:00:27.9821824+01:00
415.532166,241.179031,1,2026-09-01T15:00:28.0298624+01:00
410.111786,228.230347,1,2026-09-01T15:00:28.0618112+01:00
397.140747,215.459167,1,2026-09-01T15:00:28.0939776+01:00
382.541748,204.051498,1,2026-09-01T15:00:28.1261312+01:00
369.00946,193.995651,1,2026-09-01T15:00:28.1582080+01:00
361.488922,186.495255,1,2026-09-01T15:00:28.1899520+01:00
358.18158,181.56366,1,2026-09-01T15:00:28.2221056+01:00
357.680084,179.199173,1,2026-09-01T15:00:28.2540160+01:00
350.149078,181.810104,1,2026-09-01T15:00:28.2859264+01:00
331.895111,182.226318,1,2026-09-01T15:00:28.3176960+01:00
300.096954,179.976242,1,2026-09-01T15:00:28.3500032+01:00
254.594223,178.400787,1,2026-09-01T15:00:28.3977216+01:00
204.310638,178.634872,1,2026-09-01T15:00:28.4300032+01:00
158.996872,177.992142,1,2026-09-01T15:00:28.4620416+01:00
119.178329,172.185776,1,2026-09-01T15:00:28.4937216+01:00
85.4262695,158.027618,1,2026-09-01T15:00:28.5259392+01:00
65.3802719,154.359192,1,2026-09-01T15:00:28.5581952+01:00
55.9321404,135.288635,1,2026-09-01T15:00:28.5899776+01:00
55.8861771,137.398453,1,2026-09-01T15:00:28.6221184+01:00
50.4076271,147.904587,1,2026-09-01T15:00:28.6541696+01:00
46.1899834,128.636459,2,2026-09-01T15:00:28.6866048+01:00
53.1296234,133.059387,2,2026-09-01T15:00:28.7183488+01:00
60.1143875,126.576988,2,2026-09-01T15:00:28.7503104+01:00
72.6170349,140.812042,2,2026-09-01T15:00:28.7978240+01:00
105.536407,160.260635,2,2026-09-01T15:00:28.8298240+01:00
149.747101,183.676086,2,2026-09-01T15:00:28.8620416+01:00
193.576065,201.033188,2,2026-09-01T15:00:28.8944384+01:00
244.960861,225.190643,2,2026-09-01T15:00:28.9258496+01:00
294.192261,245.243622,2,2026-09-01T15:00:28.9580032+01:00
339.645538,256.995911,2,2026-09-01T15:00:28.9897088+01:00
385.515808,257.553864,2,2026-09-01T15:00:29.0220160+01:00
429.749084,244.842682,2,2026-09-01T15:00:29.0539648+01:00
472.775635,218.829514,2,2026-09-01T15:00:29.0860544+01:00
498.822937,204.264206,2,2026-09-01T15:00:29.1183232+01:00
525.19458,188.581329,2,2026-09-01T15:00:29.1661184+01:00
542.533386,179.418503,2,2026-09-01T15:00:29.1982080+01:00
552.710815,172.692352,2,2026-09-01T15:00:29.2300416+01:00
554.903625,165.734268,2,2026-09-01T15:00:29.2629888+01:00
550.083435,159.603439,2,2026-09-01T15:00:29.2938240+01:00
537.180237,157.254868,2,2026-09-01T15:00:29.3263232+01:00
521.589783,155.278763,2,2026-09-01T15:00:29.3582976+01:00
506.33252,152.192764,2,2026-09-01T15:00:29.3900032+01:00
496.862244,145.4608,2,2026-09-01T15:00:29.4221696+01:00
490.923065,138.310272,3,2026-09-01T15:00:29.4543104+01:00
485.953217,128.848923,3,2026-09-01T15:00:29.4860416+01:00
481.70755,118.704674,3,2026-09-01T15:00:29.5339776+01:00
476.153168,113.107475,3,2026-09-01T15:00:29.5659776+01:00
468.990936,112.95546,3,2026-09-01T15:00:29.5979136+01:00
461.979431,121.860886,3,2026-09-01T15:00:29.6300800+01:00
455.866913,138.849167,3,2026-09-01T15:00:29.6623744+01:00
447.122406,162.192581,3,2026-09-01T15:00:29.6945152+01:00
432.712128,187.182297,3,2026-09-01T15:00:29.7260672+01:00
406.800751,211.19252,3,2026-09-01T15:00:29.7582464+01:00
370.341888,231.437851,3,2026-09-01T15:00:29.7900288+01:00
317.336914,247.128235,3,2026-09-01T15:00:29.8223488+01:00
254.66217,249.748154,3,2026-09-01T15:00:29.8544384+01:00
185.109726,246.57428,3,2026-09-01T15:00:29.9021952+01:00
136.653931,234.784103,3,2026-09-01T15:00:29.9339648+01:00
102.450317,219.275146,3,2026-09-01T15:00:29.9662208+01:00
91.135231,207.964325,3,2026-09-01T15:00:29.9979392+01:00
96.2797546,225.8582,3,2026-09-01T15:00:30.0300800+01:00
103.681816,241.553146,3,2026-09-01T15:00:30.0621184+01:00
115.98719,254.144196,3,2026-09-01T15:00:30.0940288+01:00
135.189804,262.406891,3,2026-09-01T15:00:30.1266816+01:00
157.388168,267.434998,3,2026-09-01T15:00:30.1582336+01:00
180.817963,264.260498,4,2026-09-01T15:00:30.1901696+01:00
214.221542,255.872803,4,2026-09-01T15:00:30.2225664+01:00
252.116135,247.941284,4,2026-09-01T15:00:30.2700928+01:00
288.573395,236.603928,4,2026-09-01T15:00:30.3019776+01:00
319.571808,222.958145,4,2026-09-01T15:00:30.3341184+01:00
346.03714,203.795364,4,2026-09-01T15:00:30.3659264+01:00
363.90271,176.476959,4,2026-09-01T15:00:30.3988608+01:00
369.976868,155.485214,4,2026-09-01T15:00:30.4301696+01:00
362.465027,155.756805,4,2026-09-01T15:00:30.4621440+01:00
339.044037,176.679459,4,2026-09-01T15:00:30.4946176+01:00
306.889801,198.281693,4,2026-09-01T15:00:30.5261696+01:00
273.414734,209.526825,4,2026-09-01T15:00:30.5585792+01:00
248.945389,202.23497,4,2026-09-01T15:00:30.5901312+01:00
232.039734,182.56604,4,2026-09-01T15:00:30.6386688+01:00
220.589447,156.699326,4,2026-09-01T15:00:30.6701824+01:00
212.807114,129.885513,4,2026-09-01T15:00:30.7022080+01:00
209.997009,110.341248,4,2026-09-01T15:00:30.7343232+01:00
211.992752,108.74662,4,2026-09-01T15:00:30.7659648+01:00
213.620102,118.827515,5,2026-09-01T15:00:30.7985408+01:00
217.717133,133.312622,5,2026-09-01T15:00:30.8301440+01:00
227.8797,146.211914,5,2026-09-01T15:00:30.8624640+01:00
245.34642,150.47496,5,2026-09-01T15:00:30.8944128+01:00
270.185944,152.138977,5,2026-09-01T15:00:30.9265536+01:00
299.065552,156.042664,5,2026-09-01T15:00:30.9585024+01:00
329.19873,163.289261,5,2026-09-01T15:00:30.9903744+01:00
354.802826,172.758636,5,2026-09-01T15:00:31.0391936+01:00
369.572693,177.511292,5,2026-09-01T15:00:31.0701696+01:00
369.806549,179.78093,5,2026-09-01T15:00:31.1022720+01:00
358.465881,184.425186,5,2026-09-01T15:00:31.1345024+01:00
331.860901,192.984909,5,2026-09-01T15:00:31.1660800+01:00
290.649323,196.580246,5,2026-09-01T15:00:31.1986432+01:00
238.00592,198.646515,5,2026-09-01T15:00:31.2304768+01:00
187.376724,198.864594,5,2026-09-01T15:00:31.2630400+01:00
148.051086,191.506073,5,2026-09-01T15:00:31.2944640+01:00
117.2407,182.890167,5,2026-09-01T15:00:31.3261952+01:00
115.304314,158.84314,5,2026-09-01T15:00:31.3587456+01:00
112.353897,170.481308,5,2026-09-01T15:00:31.4064896+01:00
118.917648,184.820038,5,2026-09-01T15:00:31.4385792+01:00
131.761734,184.018646,6,2026-09-01T15:00:31.4706432+01:00
150.964645,185.545242,6,2026-09-01T15:00:31.5022976+01:00
166.844086,197.30188,6,2026-09-01T15:00:31.5344768+01:00
198.529953,196.438431,6,2026-09-01T15:00:31.5666048+01:00
237.68074,202.977798,6,2026-09-01T15:00:31.5983232+01:00
279.186249,205.944489,6,2026-09-01T15:00:31.6303488+01:00
312.19397,206.618164,6,2026-09-01T15:00:31.6624128+01:00
335.299835,207.501602,6,2026-09-01T15:00:31.6946688+01:00
344.172668,204.375183,6,2026-09-01T15:00:31.7270528+01:00
340.164368,202.919495,6,2026-09-01T15:00:31.7747456+01:00
339.347504,205.091248,6,2026-09-01T15:00:31.8066048+01:00
354.604309,210.06514,6,2026-09-01T15:00:31.8386816+01:00
382.895477,211.548813,6,2026-09-01T15:00:31.8702976+01:00
414.704254,208.553131,6,2026-09-01T15:00:31.9022848+01:00
449.701935,202.178238,6,2026-09-01T15:00:31.9341952+01:00
478.116669,198.854172,6,2026-09-01T15:00:31.9665280+01:00
500.55838,196.477493,6,2026-09-01T15:00:31.9985536+01:00
521.101868,188.12355,6,2026-09-01T15:00:32.0304768+01:00
537.112915,177.116913,6,2026-09-01T15:00:32.0623104+01:00
545.948547,164.970062,6,2026-09-01T15:00:32.0945152+01:00
549.754028,153.213242,6,2026-09-01T15:00:32.1425920+01:00
550.765503,146.71933,6,2026-09-01T15:00:32.1741440+01:00
547.606201,149.638962,7,2026-09-01T15:00:32.2063744+01:00
539.142822,158.820892,7,2026-09-01T15:00:32.2386432+01:00
523.093262,169.441803,7,2026-09-01T15:00:32.2703488+01:00
496.568634,185.062103,7,2026-09-01T15:00:32.3024512+01:00
464.834778,195.637329,7,2026-09-01T15:00:32.3343232+01:00
415.622437,217.312195,7,2026-09-01T15:00:32.3662592+01:00
374.143707,231.07489,7,2026-09-01T15:00:32.3983104+01:00
349.072784,243.514191,7,2026-09-01T15:00:32.4300928+01:00
335.85675,247.529129,7,2026-09-01T15:00:32.4622464+01:00
325.322662,248.297791,7,2026-09-01T15:00:32.5101440+01:00
311.437592,250.087585,7,2026-09-01T15:00:32.5427072+01:00
289.890717,255.621719,7,2026-09-01T15:00:32.5742848+01:00
261.931244,253.97287,7,2026-09-01T15:00:32.6061440+01:00
226.031281,237.642883,7,2026-09-01T15:00:32.6386304+01:00
180.78743,209.777161,7,2026-09-01T15:00:32.6702720+01:00
136.204666,174.906067,7,2026-09-01T15:00:32.7022464+01:00
90.91996,141.238678,7,2026-09-01T15:00:32.7345408+01:00
53.3649712,129.256302,7,2026-09-01T15:00:32.7663616+01:00
67.2270737,104.826744,7,2026-09-01T15:00:32.9102976+01:00
111.413231,91.0061722,7,2026-09-01T15:00:32.9422208+01:00
143.078857,99.0448227,7,2026-09-01T15:00:32.9744000+01:00
168.119141,102.965569,7,2026-09-01T15:00:33.0068480+01:00
186.740433,103.239075,7,2026-09-01T15:00:33.0387200+01:00
192.967606,97.5199432,7,2026-09-01T15:00:33.0702720+01:00
183.617126,89.4994431,7,2026-09-01T15:00:33.1022720+01:00
169.791534,79.5703506,8,2026-09-01T15:00:33.1344384+01:00
163.840012,70.6629944,8,2026-09-01T15:00:33.1664896+01:00
166.354782,81.425972,8,2026-09-01T15:00:33.1988992+01:00
177.770264,100.000282,8,2026-09-01T15:00:33.2304256+01:00
197.250015,117.007622,8,2026-09-01T15:00:33.2784768+01:00
225.109344,138.063141,8,2026-09-01T15:00:33.3105024+01:00
261.199066,161.65596,8,2026-09-01T15:00:33.3425664+01:00
300.130402,178.191467,8,2026-09-01T15:00:33.3746944+01:00
347.033813,190.232056,8,2026-09-01T15:00:33.4065024+01:00
393.279419,196.389984,8,2026-09-01T15:00:33.4384640+01:00
427.545166,204.48941,8,2026-09-01T15:00:33.4705792+01:00
450.239105,217.032303,8,2026-09-01T15:00:33.5026304+01:00
459.836731,242.38826,8,2026-09-01T15:00:33.5348480+01:00
463.182373,266.486237,8,2026-09-01T15:00:33.5670272+01:00
461.756561,272.693787,8,2026-09-01T15:00:33.5985664+01:00
452.107483,267.362152,9,2026-09-01T15:00:33.6469760+01:00
436.268097,255.123154,9,2026-09-01T15:00:33.6784640+01:00
417.065063,239.720413,9,2026-09-01T15:00:33.7105024+01:00
395.832916,219.322983,9,2026-09-01T15:00:33.7427840+01:00
373.723511,198.668198,9,2026-09-01T15:00:33.7744000+01:00
354.158813,181.376709,9,2026-09-01T15:00:33.8068096+01:00
337.014465,165.579971,9,2026-09-01T15:00:33.8382592+01:00
321.289886,147.529129,9,2026-09-01T15:00:33.8704896+01:00
310.903931,135.865402,9,2026-09-01T15:00:33.9025536+01:00
301.647308,133.976395,9,2026-09-01T15:00:33.9348992+01:00
281.789063,129.303268,9,2026-09-01T15:00:33.9670784+01:00
249.937729,108.215805,9,2026-09-01T15:00:34.0149376+01:00
216.150955,79.7971497,9,2026-09-01T15:00:34.0466048+01:00
197.569916,53.4923973,9,2026-09-01T15:00:34.0786432+01:00
194.221817,40.1113319,9,2026-09-01T15:00:34.1107456+01:00
197.416489,38.1560516,9,2026-09-01T15:00:34.1422336+01:00
207.695145,44.7819481,9,2026-09-01T15:00:34.1745792+01:00
215.449875,61.6120377,9,2026-09-01T15:00:34.2065408+01:00
219.838837,93.068779,10,2026-09-01T15:00:34.2388224+01:00
226.95015,128.457657,10,2026-09-01T15:00:34.2706432+01:00
243.067856,158.559189,10,2026-09-01T15:00:34.3028480+01:00
265.605042,179.852921,10,2026-09-01T15:00:34.3351168+01:00
288.687653,196.442062,10,2026-09-01T15:00:34.3829248+01:00
311.055573,214.485764,10,2026-09-01T15:00:34.4151680+01:00
331.746552,229.787521,10,2026-09-01T15:00:34.4469888+01:00
346.764954,241.349075,10,2026-09-01T15:00:34.4796928+01:00
352.352478,247.824387,10,2026-09-01T15:00:34.5107328+01:00
354.407593,253.734787,10,2026-09-01T15:00:34.5427840+01:00
360.542847,263.643005,10,2026-09-01T15:00:34.5748864+01:00
366.91568,272.32901,10,2026-09-01T15:00:34.6067712+01:00
369.102081,271.176697,10,2026-09-01T15:00:34.6388096+01:00
369.559174,261.364532,10,2026-09-01T15:00:34.6707456+01:00
367.531586,249.030136,10,2026-09-01T15:00:34.7031680+01:00
360.352417,236.915222,10,2026-09-01T15:00:34.7511168+01:00
345.548401,228.99295,10,2026-09-01T15:00:34.7829120+01:00
323.2854,226.887177,10,2026-09-01T15:00:34.8150272+01:00
291.488098,228.359116,10,2026-09-01T15:00:34.8468480+01:00
250.145844,233.817215,10,2026-09-01T15:00:34.8787584+01:00
201.938202,244.007355,10,2026-09-01T15:00:34.9107840+01:00
152.559082,258.374481,10,2026-09-01T15:00:34.9427072+01:00
91.8929901,283.944031,10,2026-09-01T15:00:34.9749248+01:00
Value.Item1.X,Value.Item1.Y,Value.Item2,Timestamp
255.510971,218.612335,1,2026-09-01T15:00:54.1520896+01:00
224.900925,182.159683,1,2026-09-01T15:00:54.1843200+01:00
184.663757,133.261688,1,2026-09-01T15:00:54.2159744+01:00
143.765472,78.7058716,1,2026-09-01T15:00:54.2479744+01:00
106.986816,44.9337807,1,2026-09-01T15:00:54.2960256+01:00
52.9743347,27.6303329,1,2026-09-01T15:00:54.3283200+01:00
19.4209957,7.44372272,1,2026-09-01T15:00:54.3601280+01:00
155.643921,65.7799377,1,2026-09-01T15:00:54.4563328+01:00
211.116608,123.289513,1,2026-09-01T15:00:54.4883072+01:00
253.51973,183.323318,1,2026-09-01T15:00:54.5200640+01:00
282.631531,229.152405,1,2026-09-01T15:00:54.5523328+01:00
299.998871,256.811401,1,2026-09-01T15:00:54.5843328+01:00
317.310059,262.475464,1,2026-09-01T15:00:54.6160128+01:00
338.693298,255.045792,1,2026-09-01T15:00:54.6644096+01:00
368.379639,237.810303,1,2026-09-01T15:00:54.6959872+01:00
396.207184,223.898453,1,2026-09-01T15:00:54.7284992+01:00
424.623505,210.27739,1,2026-09-01T15:00:54.7600896+01:00
446.560364,198.285278,1,2026-09-01T15:00:54.7919872+01:00
460.477814,186.689743,1,2026-09-01T15:00:54.8243584+01:00
465.551788,176.564514,1,2026-09-01T15:00:54.8565504+01:00
460.063324,167.773102,2,2026-09-01T15:00:54.8884352+01:00
442.507355,163.611877,2,2026-09-01T15:00:54.9202048+01:00
416.064392,167.47879,2,2026-09-01T15:00:54.9520640+01:00
382.996826,173.988586,2,2026-09-01T15:00:54.9841536+01:00
356.125397,181.533081,2,2026-09-01T15:00:55.0321152+01:00
332.164093,189.614502,2,2026-09-01T15:00:55.0642432+01:00
310.700958,195.405045,2,2026-09-01T15:00:55.0962560+01:00
292.207428,196.225983,2,2026-09-01T15:00:55.1283072+01:00
278.185089,197.751968,2,2026-09-01T15:00:55.1601024+01:00
270.148529,195.058792,2,2026-09-01T15:00:55.1921536+01:00
277.835602,190.921967,2,2026-09-01T15:00:55.2243840+01:00
312.487305,203.657166,2,2026-09-01T15:00:55.2562560+01:00
358.169403,214.082077,2,2026-09-01T15:00:55.2881536+01:00
395.410919,222.029877,2,2026-09-01T15:00:55.3204352+01:00
425.84671,232.92511,2,2026-09-01T15:00:55.3522816+01:00
449.080963,245.131317,2,2026-09-01T15:00:55.4000896+01:00
462.280579,257.305786,2,2026-09-01T15:00:55.4321920+01:00
470.844025,263.64621,2,2026-09-01T15:00:55.4645760+01:00
476.339783,259.821594,2,2026-09-01T15:00:55.4961920+01:00
479.560883,250.832062,2,2026-09-01T15:00:55.5286656+01:00
477.534271,242.019455,2,2026-09-01T15:00:55.5604992+01:00
473.258667,233.117188,3,2026-09-01T15:00:55.5922176+01:00
466.319824,226.618118,3,2026-09-01T15:00:55.6244480+01:00
454.007477,222.399155,3,2026-09-01T15:00:55.6566272+01:00
439.468872,219.248184,3,2026-09-01T15:00:55.6881792+01:00
423.839661,216.825012,3,2026-09-01T15:00:55.7201280+01:00
406.467865,216.313034,3,2026-09-01T15:00:55.7684992+01:00
389.793732,213.301849,3,2026-09-01T15:00:55.8001024+01:00
373.006653,211.458725,3,2026-09-01T15:00:55.8324480+01:00
356.491638,213.340286,3,2026-09-01T15:00:55.8647168+01:00
340.882996,220.898315,3,2026-09-01T15:00:55.8964736+01:00
325.030426,230.786362,3,2026-09-01T15:00:55.9285760+01:00
301.916138,229.631622,3,2026-09-01T15:00:55.9605376+01:00
267.991058,214.506729,3,2026-09-01T15:00:55.9926656+01:00
228.846771,179.813614,3,2026-09-01T15:00:56.0242944+01:00
187.27446,126.399277,3,2026-09-01T15:00:56.0565504+01:00
154.965179,60.8202896,3,2026-09-01T15:00:56.0886528+01:00
141.025482,32.7463341,3,2026-09-01T15:00:56.1363840+01:00
143.639862,24.1080933,3,2026-09-01T15:00:56.1683712+01:00
160.618973,22.4034557,3,2026-09-01T15:00:56.2001536+01:00
188.325836,24.812727,3,2026-09-01T15:00:56.2323584+01:00
211.861725,32.7755814,4,2026-09-01T15:00:56.2640896+01:00
220.919373,35.2577171,4,2026-09-01T15:00:56.2963328+01:00
219.430328,31.7533474,4,2026-09-01T15:00:56.3281792+01:00
213.705307,25.0241795,4,2026-09-01T15:00:56.3607040+01:00
209.484314,22.3323879,4,2026-09-01T15:00:56.3923584+01:00
213.627274,25.0637283,4,2026-09-01T15:00:56.4243456+01:00
223.1819,37.9537201,4,2026-09-01T15:00:56.4564352+01:00
231.660812,72.7623749,4,2026-09-01T15:00:56.4886784+01:00
242.65686,115.743507,4,2026-09-01T15:00:56.5365888+01:00
256.900879,158.799744,4,2026-09-01T15:00:56.5686144+01:00
278.538483,183.304977,4,2026-09-01T15:00:56.6001408+01:00
313.093109,192.463242,4,2026-09-01T15:00:56.6324096+01:00
351.966492,199.051498,4,2026-09-01T15:00:56.6643456+01:00
377.296448,208.714554,4,2026-09-01T15:00:56.6963456+01:00
390.073181,209.570328,4,2026-09-01T15:00:56.7282048+01:00
387.677246,212.929565,4,2026-09-01T15:00:56.7603456+01:00
376.501953,215.974945,4,2026-09-01T15:00:56.7920384+01:00
364.914307,203.640076,4,2026-09-01T15:00:56.8242560+01:00
356.370758,183.440857,4,2026-09-01T15:00:56.8561408+01:00
353.377197,157.26593,4,2026-09-01T15:00:56.9044096+01:00
359.050842,133.974182,4,2026-09-01T15:00:56.9364480+01:00
371.29425,124.670685,4,2026-09-01T15:00:56.9682688+01:00
380.425446,124.883026,4,2026-09-01T15:00:57.0002688+01:00
380.541443,132.669846,4,2026-09-01T15:00:57.0324608+01:00
372.103638,144.036087,5,2026-09-01T15:00:57.0643968+01:00
359.117157,147.773804,5,2026-09-01T15:00:57.0962432+01:00
340.884644,138.168777,5,2026-09-01T15:00:57.1284224+01:00
322.089478,122.526161,5,2026-09-01T15:00:57.1604480+01:00
311.846588,112.183853,5,2026-09-01T15:00:57.1923072+01:00
313.326904,125.333641,5,2026-09-01T15:00:57.2243072+01:00
322.747772,145.497101,5,2026-09-01T15:00:57.2725888+01:00
330.77594,169.884628,5,2026-09-01T15:00:57.3043328+01:00
335.580841,193.184341,5,2026-09-01T15:00:57.3361536+01:00
330.192719,214.685669,5,2026-09-01T15:00:57.3686144+01:00
311.464508,234.46019,5,2026-09-01T15:00:57.4006272+01:00
282.363892,252.433334,5,2026-09-01T15:00:57.4324352+01:00
245.180847,271.363007,5,2026-09-01T15:00:57.4643840+01:00
205.72435,296.81076,5,2026-09-01T15:00:57.4963840+01:00
176.714233,323.068542,5,2026-09-01T15:00:57.5290752+01:00
160.20253,344.135162,5,2026-09-01T15:00:57.5605760+01:00
154.718719,353.556061,5,2026-09-01T15:00:57.5924608+01:00
162.279327,355.889954,5,2026-09-01T15:00:57.6406528+01:00
173.190826,349.274323,5,2026-09-01T15:00:57.6725248+01:00
189.751282,325.90509,6,2026-09-01T15:00:57.7045632+01:00
206.094009,290.895203,6,2026-09-01T15:00:57.7364736+01:00
230.700058,242.219467,6,2026-09-01T15:00:57.7685632+01:00
256.624542,202.46344,6,2026-09-01T15:00:57.8004224+01:00
286.676361,166.438568,6,2026-09-01T15:00:57.8323712+01:00
315.486145,140.634445,6,2026-09-01T15:00:57.8645376+01:00
342.480469,124.113449,6,2026-09-01T15:00:57.8964480+01:00
364.059998,115.779022,6,2026-09-01T15:00:57.9290240+01:00
376.22583,118.41729,6,2026-09-01T15:00:57.9609344+01:00
381.11554,129.336487,6,2026-09-01T15:00:58.0084480+01:00
389.852234,142.437592,6,2026-09-01T15:00:58.0404480+01:00
406.365875,152.763443,6,2026-09-01T15:00:58.0724096+01:00
425.011902,161.341904,6,2026-09-01T15:00:58.1044352+01:00
443.482483,167.313553,6,2026-09-01T15:00:58.1364864+01:00
460.056702,170.170853,6,2026-09-01T15:00:58.1688704+01:00
473.259033,165.792206,6,2026-09-01T15:00:58.2005504+01:00
484.33255,157.157318,6,2026-09-01T15:00:58.2327296+01:00
493.720215,144.032684,6,2026-09-01T15:00:58.2650880+01:00
500.086853,127.491463,6,2026-09-01T15:00:58.2968576+01:00
506.072571,115.483444,6,2026-09-01T15:00:58.3285120+01:00
510.792389,107.802765,6,2026-09-01T15:00:58.3768576+01:00
512.792664,101.418289,6,2026-09-01T15:00:58.4086272+01:00
517.73822,98.2184677,6,2026-09-01T15:00:58.4410496+01:00
522.019958,100.062256,6,2026-09-01T15:00:58.4724480+01:00
522.766602,104.668228,6,2026-09-01T15:00:58.5047168+01:00
559.937195,142.620117,6,2026-09-01T15:00:58.6646016+01:00
567.787292,155.724686,6,2026-09-01T15:00:58.6969472+01:00
570.803955,170.560547,6,2026-09-01T15:00:58.7290112+01:00
573.936157,178.8638,6,2026-09-01T15:00:58.7768448+01:00
575.932312,180.215454,6,2026-09-01T15:00:58.8086784+01:00
578.886169,176.492996,7,2026-09-01T15:00:58.8408448+01:00
581.350708,172.102951,7,2026-09-01T15:00:58.8724608+01:00
584.771057,168.491364,7,2026-09-01T15:00:58.9046656+01:00
589.713928,162.920959,7,2026-09-01T15:00:58.9371904+01:00
594.043457,159.387375,7,2026-09-01T15:00:58.9693056+01:00
598.998535,157.331268,7,2026-09-01T15:00:59.0011264+01:00
601.147888,157.554016,7,2026-09-01T15:00:59.0325120+01:00
598.727661,155.499329,7,2026-09-01T15:00:59.0647808+01:00
590.289978,149.594528,7,2026-09-01T15:00:59.0967680+01:00
570.310791,144.854401,7,2026-09-01T15:00:59.1450112+01:00
538.480103,145.661636,7,2026-09-01T15:00:59.1769216+01:00
498.497437,155.4254,7,2026-09-01T15:00:59.2087808+01:00
456.399567,171.588303,7,2026-09-01T15:00:59.2407040+01:00
411.290161,199.662613,7,2026-09-01T15:00:59.2727168+01:00
378.655792,233.335754,7,2026-09-01T15:00:59.3045888+01:00
354.363953,266.570251,7,2026-09-01T15:00:59.3365760+01:00
330.816254,297.735626,7,2026-09-01T15:00:59.3685248+01:00
310.784332,323.176636,7,2026-09-01T15:00:59.4004992+01:00
300.189911,332.183838,7,2026-09-01T15:00:59.4328320+01:00
296.023834,333.051727,7,2026-09-01T15:00:59.4652416+01:00
291.538635,330.53009,7,2026-09-01T15:00:59.5127296+01:00
285.704956,323.339111,8,2026-09-01T15:00:59.5449472+01:00
277.071899,312.34079,8,2026-09-01T15:00:59.5769856+01:00
270.293274,295.558258,8,2026-09-01T15:00:59.6089344+01:00
267.561432,270.308228,8,2026-09-01T15:00:59.6411264+01:00
269.949554,235.635056,8,2026-09-01T15:00:59.6726400+01:00
274.570679,204.273743,8,2026-09-01T15:00:59.7047040+01:00
277.406769,177.254669,8,2026-09-01T15:00:59.7370752+01:00
277.77356,158.550079,8,2026-09-01T15:00:59.7688448+01:00
275.529999,146.571976,8,2026-09-01T15:00:59.8006656+01:00
272.571716,134.396973,8,2026-09-01T15:00:59.8327680+01:00
278.080231,118.233009,8,2026-09-01T15:00:59.8808192+01:00
292.689209,109.871727,8,2026-09-01T15:00:59.9126272+01:00
312.170563,113.598419,8,2026-09-01T15:00:59.9448448+01:00
331.57193,129.472839,8,2026-09-01T15:00:59.9772032+01:00
344.31543,153.434097,8,2026-09-01T15:01:00.0088576+01:00
347.217865,179.761475,8,2026-09-01T15:01:00.0408064+01:00
336.115051,210.962799,8,2026-09-01T15:01:00.0727552+01:00
317.977081,231.849976,8,2026-09-01T15:01:00.1045760+01:00
303.38205,235.824661,8,2026-09-01T15:01:00.1369088+01:00
293.712769,232.905365,8,2026-09-01T15:01:00.1688320+01:00
284.670044,228.1353,8,2026-09-01T15:01:00.2005504+01:00
271.018799,222.071823,9,2026-09-01T15:01:00.2493440+01:00
254.821259,214.476715,9,2026-09-01T15:01:00.2808448+01:00
236.893051,208.766846,9,2026-09-01T15:01:00.3129216+01:00
219.899811,203.11322,9,2026-09-01T15:01:00.3450112+01:00
206.355576,192.73909,9,2026-09-01T15:01:00.3771136+01:00
208.32486,176.158676,9,2026-09-01T15:01:00.4088704+01:00
217.588287,184.083847,9,2026-09-01T15:01:00.4410624+01:00
244.597198,187.425842,9,2026-09-01T15:01:00.4729472+01:00
278.163879,185.076202,9,2026-09-01T15:01:00.5048832+01:00
312.970917,180.610016,9,2026-09-01T15:01:00.5370496+01:00
339.723022,177.90538,9,2026-09-01T15:01:00.5689984+01:00
366.385345,176.101273,9,2026-09-01T15:01:00.6006528+01:00
391.917725,182.78009,9,2026-09-01T15:01:00.6491904+01:00
421.060883,197.121323,9,2026-09-01T15:01:00.6806528+01:00
447.605408,215.499847,9,2026-09-01T15:01:00.7128832+01:00
471.911499,237.687714,9,2026-09-01T15:01:00.7451520+01:00
489.284149,263.066101,9,2026-09-01T15:01:00.7772800+01:00
499.604187,286.442383,9,2026-09-01T15:01:00.8092928+01:00
503.941223,305.242981,9,2026-09-01T15:01:00.8409984+01:00
510.752289,313.894745,9,2026-09-01T15:01:00.8728448+01:00
518.354614,315.764252,9,2026-09-01T15:01:00.9049728+01:00
524.609985,315.168915,9,2026-09-01T15:01:00.9368704+01:00
528.71405,309.868469,10,2026-09-01T15:01:00.9691648+01:00
528.439575,301.838318,10,2026-09-01T15:01:01.0170752+01:00
524.797791,291.08371,10,2026-09-01T15:01:01.0495616+01:00
516.092834,280.738861,10,2026-09-01T15:01:01.0810240+01:00
497.177216,273.46936,10,2026-09-01T15:01:01.1130880+01:00
471.51297,270.161652,10,2026-09-01T15:01:01.1451264+01:00
437.094086,271.036835,10,2026-09-01T15:01:01.1772928+01:00
396.947174,275.721039,10,2026-09-01T15:01:01.2090624+01:00
351.557312,280.819855,10,2026-09-01T15:01:01.2416256+01:00
306.595703,278.963593,10,2026-09-01T15:01:01.2731776+01:00
264.3237,264.708923,10,2026-09-01T15:01:01.3049856+01:00
226.164078,233.284027,10,2026-09-01T15:01:01.3375232+01:00
198.779617,201.564865,10,2026-09-01T15:01:01.3850752+01:00
182.78595,166.874313,10,2026-09-01T15:01:01.4173312+01:00
180.004959,133.971558,10,2026-09-01T15:01:01.4493440+01:00
182.395828,148.756699,10,2026-09-01T15:01:01.4814848+01:00
187.397461,169.898697,10,2026-09-01T15:01:01.5130880+01:00
179.938156,198.464996,10,2026-09-01T15:01:01.5454976+01:00
168.062698,221.883057,10,2026-09-01T15:01:01.5773952+01:00
148.588989,251.120163,10,2026-09-01T15:01:01.6091392+01:00
124.119415,277.961395,10,2026-09-01T15:01:01.6412800+01:00
81.7370071,356.26059,10,2026-09-01T15:01:01.7051008+01:00
73.645668,379.325531,10,2026-09-01T15:01:01.7532416+01:00
353.232666,46.8452034,10,2026-09-01T15:01:02.4410368+01:00
368.519989,26.9039993,10,2026-09-01T15:01:02.4893184+01:00
389.485779,16.0216198,10,2026-09-01T15:01:02.5212800+01:00
444.106445,10.9629068,10,2026-09-01T15:01:02.5539328+01:00
488.132263,25.8497639,10,2026-09-01T15:01:02.5850880+01:00
531.935059,28.5880585,10,2026-09-01T15:01:02.6173952+01:00
602.8797,49.051281,10,2026-09-01T15:01:02.6494464+01:00
550.356445,30.1519718,10,2026-09-01T15:01:02.6811904+01:00
629.308472,108.346428,10,2026-09-01T15:01:02.7129984+01:00
622.481567,87.6957397,10,2026-09-01T15:01:02.7451648+01:00
Value.Item1.X,Value.Item1.Y,Value.Item2,Timestamp
107.023849,52.1808815,1,2026-09-01T15:01:44.0174464+01:00
104.337601,54.8306122,1,2026-09-01T15:01:44.0494848+01:00
106.266365,58.4930763,1,2026-09-01T15:01:44.0816128+01:00
114.513557,64.6436844,1,2026-09-01T15:01:44.1137280+01:00
125.972519,72.1088867,1,2026-09-01T15:01:44.1452928+01:00
144.419495,82.125946,1,2026-09-01T15:01:44.1779840+01:00
178.696869,100.636238,1,2026-09-01T15:01:44.2089856+01:00
210.467621,124.75444,1,2026-09-01T15:01:44.2571520+01:00
239.899765,138.467789,1,2026-09-01T15:01:44.2893568+01:00
275.559052,150.86792,1,2026-09-01T15:01:44.3209856+01:00
311.245941,165.355896,1,2026-09-01T15:01:44.3531904+01:00
342.533539,181.001938,1,2026-09-01T15:01:44.3860480+01:00
368.253632,202.754257,1,2026-09-01T15:01:44.4175872+01:00
382.484009,223.82164,1,2026-09-01T15:01:44.4496128+01:00
391.757294,230.969391,1,2026-09-01T15:01:44.4822912+01:00
396.800659,230.329544,1,2026-09-01T15:01:44.5137920+01:00
400.071106,226.183563,1,2026-09-01T15:01:44.5453440+01:00
403.056519,216.054901,2,2026-09-01T15:01:44.5773440+01:00
408.233093,204.473923,2,2026-09-01T15:01:44.6249344+01:00
413.031372,196.658676,2,2026-09-01T15:01:44.6572544+01:00
416.0961,188.045334,2,2026-09-01T15:01:44.6892160+01:00
416.620178,180.755661,2,2026-09-01T15:01:44.7214336+01:00
415.354309,175.958725,2,2026-09-01T15:01:44.7539712+01:00
412.612,172.991302,2,2026-09-01T15:01:44.7851520+01:00
408.735199,169.407852,2,2026-09-01T15:01:44.8172672+01:00
407.892944,164.568069,2,2026-09-01T15:01:44.8489600+01:00
407.082458,165.562531,2,2026-09-01T15:01:44.8816128+01:00
399.391449,170.86795,2,2026-09-01T15:01:44.9138944+01:00
375.092133,176.982864,2,2026-09-01T15:01:44.9459584+01:00
332.829071,188.302902,2,2026-09-01T15:01:44.9773312+01:00
276.605591,197.097824,2,2026-09-01T15:01:45.0252928+01:00
207.497314,210.840942,2,2026-09-01T15:01:45.0574336+01:00
149.284576,219.054871,2,2026-09-01T15:01:45.0892928+01:00
99.0517654,214.282059,2,2026-09-01T15:01:45.1216000+01:00
75.7315445,230.52034,2,2026-09-01T15:01:45.1536384+01:00
63.8319778,221.614944,2,2026-09-01T15:01:45.1856000+01:00
58.9970398,215.088577,2,2026-09-01T15:01:45.2181504+01:00
57.5029144,210.425018,2,2026-09-01T15:01:45.2492544+01:00
58.0380859,206.650482,2,2026-09-01T15:01:45.2816384+01:00
55.9541817,212.56839,2,2026-09-01T15:01:45.3139456+01:00
49.4160881,228.487503,3,2026-09-01T15:01:45.3457792+01:00
46.3981667,219.41246,3,2026-09-01T15:01:45.3934336+01:00
46.1656799,226.983063,3,2026-09-01T15:01:45.4253824+01:00
55.0619812,228.076187,3,2026-09-01T15:01:45.4582400+01:00
80.9281006,230.400375,3,2026-09-01T15:01:45.4893184+01:00
121.159325,248.671173,3,2026-09-01T15:01:45.5216000+01:00
162.483551,251.796173,3,2026-09-01T15:01:45.5535616+01:00
207.439392,252.305283,3,2026-09-01T15:01:45.5859072+01:00
253.429123,247.852234,3,2026-09-01T15:01:45.6182272+01:00
297.488861,238.810425,3,2026-09-01T15:01:45.6496896+01:00
341.357422,217.533264,3,2026-09-01T15:01:45.6825728+01:00
382.990875,183.132935,3,2026-09-01T15:01:45.7140096+01:00
418.085785,141.51738,3,2026-09-01T15:01:45.7614080+01:00
444.02356,105.284447,3,2026-09-01T15:01:45.7933952+01:00
468.846405,63.9559174,3,2026-09-01T15:01:45.8252032+01:00
486.816925,30.2196198,3,2026-09-01T15:01:45.8577024+01:00
497.508667,15.2563982,3,2026-09-01T15:01:45.8906752+01:00
500.690002,10.7922764,3,2026-09-01T15:01:45.9214336+01:00
504.466583,10.3852463,3,2026-09-01T15:01:45.9533952+01:00
510.68338,12.552371,3,2026-09-01T15:01:45.9852544+01:00
511.864258,14.5641022,4,2026-09-01T15:01:46.0180224+01:00
512.109558,17.5839825,4,2026-09-01T15:01:46.0496256+01:00
508.840637,20.8727398,4,2026-09-01T15:01:46.0816768+01:00
505.202606,22.7692699,4,2026-09-01T15:01:46.1298944+01:00
500.81311,23.3128948,4,2026-09-01T15:01:46.1617024+01:00
496.76889,24.6020145,4,2026-09-01T15:01:46.1937152+01:00
491.396698,27.7121563,4,2026-09-01T15:01:46.2254336+01:00
483.135986,34.7201958,4,2026-09-01T15:01:46.2574848+01:00
471.944427,49.4936943,4,2026-09-01T15:01:46.2894208+01:00
459.100433,74.0126419,4,2026-09-01T15:01:46.3213824+01:00
446.32959,107.71138,4,2026-09-01T15:01:46.3537024+01:00
441.036682,145.306076,4,2026-09-01T15:01:46.3852160+01:00
443.259735,171.917816,4,2026-09-01T15:01:46.4176000+01:00
455.083405,188.431717,4,2026-09-01T15:01:46.4497024+01:00
468.674225,205.962387,4,2026-09-01T15:01:46.4977920+01:00
482.110382,227.207443,4,2026-09-01T15:01:46.5300224+01:00
491.83432,252.297775,4,2026-09-01T15:01:46.5622272+01:00
497.840576,277.576599,4,2026-09-01T15:01:46.5937792+01:00
502.433105,292.262726,4,2026-09-01T15:01:46.6255872+01:00
509.31665,297.554077,4,2026-09-01T15:01:46.6577152+01:00
515.925842,301.768768,4,2026-09-01T15:01:46.6895232+01:00
521.691528,310.685577,4,2026-09-01T15:01:46.7212928+01:00
527.805359,320.921448,4,2026-09-01T15:01:46.7534976+01:00
533.165405,334.993835,4,2026-09-01T15:01:46.7853184+01:00
539.07666,343.426056,4,2026-09-01T15:01:46.8179712+01:00
545.503296,343.683075,4,2026-09-01T15:01:46.8496000+01:00
551.7948,342.924194,4,2026-09-01T15:01:46.8976512+01:00
555.982544,342.178436,4,2026-09-01T15:01:46.9301760+01:00
559.006653,340.852844,4,2026-09-01T15:01:46.9616256+01:00
560.129822,337.099396,4,2026-09-01T15:01:46.9940480+01:00
561.895691,331.729279,5,2026-09-01T15:01:47.0260480+01:00
561.398254,324.700958,5,2026-09-01T15:01:47.0574080+01:00
559.192444,317.518951,5,2026-09-01T15:01:47.0895872+01:00
555.69519,309.307007,5,2026-09-01T15:01:47.1218176+01:00
552.617249,299.036865,5,2026-09-01T15:01:47.1543424+01:00
548.511047,289.591156,5,2026-09-01T15:01:47.1857536+01:00
542.95459,280.009491,5,2026-09-01T15:01:47.2180224+01:00
532.657715,273.338806,5,2026-09-01T15:01:47.2653952+01:00
514.812378,273.894989,5,2026-09-01T15:01:47.2980992+01:00
494.020996,272.809387,5,2026-09-01T15:01:47.3301376+01:00
465.326965,279.83786,5,2026-09-01T15:01:47.3616000+01:00
429.036438,284.831787,5,2026-09-01T15:01:47.3939584+01:00
391.841339,284.750641,5,2026-09-01T15:01:47.4255744+01:00
340.984619,292.421173,5,2026-09-01T15:01:47.4577536+01:00
285.084473,297.518677,5,2026-09-01T15:01:47.4896512+01:00
226.132202,310.729828,5,2026-09-01T15:01:47.5213952+01:00
178.95636,328.410278,5,2026-09-01T15:01:47.5538944+01:00
133.276245,344.365845,5,2026-09-01T15:01:47.5862400+01:00
88.3388138,364.320953,5,2026-09-01T15:01:47.6335360+01:00
65.926178,373.770416,5,2026-09-01T15:01:47.6654848+01:00
55.4825363,376.82373,5,2026-09-01T15:01:47.6980480+01:00
50.7203827,376.512665,5,2026-09-01T15:01:47.7299456+01:00
49.1889114,375.385925,5,2026-09-01T15:01:47.7622144+01:00
51.3352203,373.043091,6,2026-09-01T15:01:47.7940736+01:00
52.7780609,372.227081,6,2026-09-01T15:01:47.8257792+01:00
54.4423065,371.269257,6,2026-09-01T15:01:47.8582016+01:00
57.8314552,370.38028,6,2026-09-01T15:01:47.8894976+01:00
61.8141823,368.416138,6,2026-09-01T15:01:47.9216128+01:00
67.1096725,365.581055,6,2026-09-01T15:01:47.9537280+01:00
75.9210281,359.659027,6,2026-09-01T15:01:48.0024064+01:00
92.5255737,349.596527,6,2026-09-01T15:01:48.0340480+01:00
108.673218,341.706818,6,2026-09-01T15:01:48.0659200+01:00
125.122322,342.977234,6,2026-09-01T15:01:48.0982144+01:00
141.15712,344.946381,6,2026-09-01T15:01:48.1301120+01:00
160.133408,339.184998,6,2026-09-01T15:01:48.1617024+01:00
185.532089,323.019592,6,2026-09-01T15:01:48.1936640+01:00
221.044586,299.797424,6,2026-09-01T15:01:48.2256768+01:00
255.59552,281.612946,6,2026-09-01T15:01:48.2576640+01:00
283.618927,273.274841,6,2026-09-01T15:01:48.2896256+01:00
303.644806,274.937622,6,2026-09-01T15:01:48.3217536+01:00
314.0112,283.555084,7,2026-09-01T15:01:48.3702144+01:00
316.01004,294.247742,7,2026-09-01T15:01:48.4015616+01:00
313.308838,303.237518,7,2026-09-01T15:01:48.4338944+01:00
307.859497,306.07547,7,2026-09-01T15:01:48.4655104+01:00
300.715485,306.364441,7,2026-09-01T15:01:48.4980096+01:00
291.799927,306.974182,7,2026-09-01T15:01:48.5304960+01:00
281.799316,307.265564,7,2026-09-01T15:01:48.5625600+01:00
269.804749,309.194092,7,2026-09-01T15:01:48.5937920+01:00
257.670502,309.454285,7,2026-09-01T15:01:48.6257408+01:00
252.969772,306.512482,7,2026-09-01T15:01:48.6581760+01:00
259.36972,298.654846,7,2026-09-01T15:01:48.6897536+01:00
280.696075,282.702301,7,2026-09-01T15:01:48.7376896+01:00
313.110413,255.765549,7,2026-09-01T15:01:48.7700096+01:00
349.674164,224.917175,7,2026-09-01T15:01:48.8015744+01:00
385.27774,191.143646,7,2026-09-01T15:01:48.8338688+01:00
413.342926,161.999161,7,2026-09-01T15:01:48.8656384+01:00
433.187561,136.64238,7,2026-09-01T15:01:48.8983424+01:00
446.22525,116.372475,7,2026-09-01T15:01:48.9302400+01:00
453.975128,101.351921,7,2026-09-01T15:01:48.9619328+01:00
458.380035,89.168251,7,2026-09-01T15:01:48.9941120+01:00
461.133087,81.5260162,7,2026-09-01T15:01:49.0256896+01:00
463.351105,80.4845581,7,2026-09-01T15:01:49.0580224+01:00
465.030609,84.8092422,7,2026-09-01T15:01:49.0898944+01:00
466.202972,95.2355194,7,2026-09-01T15:01:49.1377920+01:00
465.819,108.119385,7,2026-09-01T15:01:49.1698304+01:00
464.556885,118.376411,7,2026-09-01T15:01:49.2016768+01:00
465.529083,126.723541,7,2026-09-01T15:01:49.2337280+01:00
471.278839,128.065445,7,2026-09-01T15:01:49.2658176+01:00
479.095581,125.810455,7,2026-09-01T15:01:49.2983680+01:00
489.038269,125.000092,7,2026-09-01T15:01:49.3304960+01:00
498.63266,130.623672,7,2026-09-01T15:01:49.3625216+01:00
506.695404,140.200958,7,2026-09-01T15:01:49.3938944+01:00
512.253784,150.586014,8,2026-09-01T15:01:49.4258560+01:00
514.315125,156.458588,8,2026-09-01T15:01:49.4577408+01:00
511.876495,155.211655,8,2026-09-01T15:01:49.5058944+01:00
505.466125,150.677399,8,2026-09-01T15:01:49.5379712+01:00
493.970215,145.610977,8,2026-09-01T15:01:49.5698432+01:00
476.755371,142.826721,8,2026-09-01T15:01:49.6019328+01:00
454.143158,140.322891,8,2026-09-01T15:01:49.6341504+01:00
427.244141,138.6745,8,2026-09-01T15:01:49.6658176+01:00
395.210419,140.262665,8,2026-09-01T15:01:49.6982784+01:00
362.767639,143.733627,8,2026-09-01T15:01:49.7303808+01:00
332.630371,147.749176,8,2026-09-01T15:01:49.7625472+01:00
304.764221,148.324768,8,2026-09-01T15:01:49.7938816+01:00
276.582184,137.200211,8,2026-09-01T15:01:49.8260096+01:00
250.485901,117.907127,8,2026-09-01T15:01:49.8742272+01:00
231.947266,94.245285,8,2026-09-01T15:01:49.9070464+01:00
220.925491,77.2035217,8,2026-09-01T15:01:49.9381248+01:00
218.721024,68.1546707,8,2026-09-01T15:01:49.9698816+01:00
223.3759,69.2311249,8,2026-09-01T15:01:50.0020736+01:00
233.098068,72.2986679,8,2026-09-01T15:01:50.0338560+01:00
245.411423,72.983696,8,2026-09-01T15:01:50.0660864+01:00
260.944489,71.4542084,8,2026-09-01T15:01:50.0983936+01:00
277.478882,68.4509811,8,2026-09-01T15:01:50.1302144+01:00
291.293579,66.9467773,8,2026-09-01T15:01:50.1625472+01:00
302.68985,69.4585953,8,2026-09-01T15:01:50.1943680+01:00
310.861237,78.3162766,8,2026-09-01T15:01:50.2418560+01:00
314.252289,86.6628876,9,2026-09-01T15:01:50.2744448+01:00
312.328979,91.8460388,9,2026-09-01T15:01:50.3066752+01:00
307.543915,93.943924,9,2026-09-01T15:01:50.3378560+01:00
302.326538,93.5630188,9,2026-09-01T15:01:50.3699968+01:00
298.7052,97.2139359,9,2026-09-01T15:01:50.4020352+01:00
298.662415,105.901787,9,2026-09-01T15:01:50.4342272+01:00
300.505524,120.62925,9,2026-09-01T15:01:50.4659584+01:00
304.058502,137.137909,9,2026-09-01T15:01:50.4984576+01:00
310.03009,154.330673,9,2026-09-01T15:01:50.5305728+01:00
318.132294,167.562531,9,2026-09-01T15:01:50.5620864+01:00
333.372528,172.819412,9,2026-09-01T15:01:50.6100736+01:00
357.142212,172.011063,9,2026-09-01T15:01:50.6418432+01:00
381.378326,178.889999,9,2026-09-01T15:01:50.6743936+01:00
402.163025,193.988815,9,2026-09-01T15:01:50.7070208+01:00
415.550812,214.56778,9,2026-09-01T15:01:50.7383040+01:00
424.639832,235.438583,9,2026-09-01T15:01:50.7701120+01:00
425.976349,252.913605,10,2026-09-01T15:01:50.8022784+01:00
426.941406,249.632828,10,2026-09-01T15:01:50.8347776+01:00
426.075836,233.759995,10,2026-09-01T15:01:50.8661888+01:00
423.807007,209.899307,10,2026-09-01T15:01:50.8985088+01:00
416.796814,186.825317,10,2026-09-01T15:01:50.9306624+01:00
407.697449,163.518478,10,2026-09-01T15:01:50.9781504+01:00
396.119965,146.629257,10,2026-09-01T15:01:51.0103296+01:00
380.450562,139.915009,10,2026-09-01T15:01:51.0425344+01:00
359.731415,143.846008,10,2026-09-01T15:01:51.0742528+01:00
333.61087,157.121826,10,2026-09-01T15:01:51.1070336+01:00
298.808472,178.916519,10,2026-09-01T15:01:51.1389312+01:00
265.557617,194.810196,10,2026-09-01T15:01:51.1703808+01:00
237.267029,206.663986,10,2026-09-01T15:01:51.2023936+01:00
220.378983,214.535629,10,2026-09-01T15:01:51.2343936+01:00
216.154816,213.663101,10,2026-09-01T15:01:51.2661376+01:00
218.280243,210.616074,10,2026-09-01T15:01:51.2987648+01:00
221.493713,208.781265,10,2026-09-01T15:01:51.3313792+01:00
222.538986,211.118851,10,2026-09-01T15:01:51.3781632+01:00
220.684265,218.028793,10,2026-09-01T15:01:51.4099200+01:00
215.527908,225.272812,10,2026-09-01T15:01:51.4424448+01:00
205.630936,235.154068,10,2026-09-01T15:01:51.4742144+01:00
189.949158,248.978348,10,2026-09-01T15:01:51.5062016+01:00
170.075867,267.846283,10,2026-09-01T15:01:51.5385984+01:00
144.938187,296.731232,10,2026-09-01T15:01:51.5703040+01:00
121.697136,326.296143,10,2026-09-01T15:01:51.6025984+01:00
100.746948,353.331421,10,2026-09-01T15:01:51.6341888+01:00
85.0638123,381.981903,10,2026-09-01T15:01:51.6662784+01:00
Value.Item1.X,Value.Item1.Y,Value.Item2,Timestamp
165.74649,368.941833,1,2026-09-01T15:02:08.9104896+01:00
165.231598,373.705353,1,2026-09-01T15:02:08.9432960+01:00
161.190308,371.16568,1,2026-09-01T15:02:08.9763328+01:00
165.351059,367.361115,1,2026-09-01T15:02:09.0063232+01:00
192.622208,361.366608,1,2026-09-01T15:02:09.0544512+01:00
233.002335,352.174316,1,2026-09-01T15:02:09.0868608+01:00
287.403503,318.851807,1,2026-09-01T15:02:09.1186688+01:00
347.820374,264.293701,1,2026-09-01T15:02:09.1506688+01:00
404.065399,209.660339,1,2026-09-01T15:02:09.1826816+01:00
449.360748,152.394333,1,2026-09-01T15:02:09.2141824+01:00
479.225677,110.721733,1,2026-09-01T15:02:09.2462720+01:00
503.336639,75.2856979,1,2026-09-01T15:02:09.2784640+01:00
522.339417,51.7753448,1,2026-09-01T15:02:09.3102592+01:00
537.270569,42.7673874,1,2026-09-01T15:02:09.3421696+01:00
549.859436,46.7144661,1,2026-09-01T15:02:09.3744128+01:00
558.104614,60.5957603,1,2026-09-01T15:02:09.4062976+01:00
562.453796,77.0361938,1,2026-09-01T15:02:09.4553728+01:00
559.000671,97.1711884,1,2026-09-01T15:02:09.4866176+01:00
548.629272,117.311684,1,2026-09-01T15:02:09.5182464+01:00
534.461731,137.292313,1,2026-09-01T15:02:09.5505920+01:00
523.868835,155.639359,1,2026-09-01T15:02:09.5825664+01:00
524.621582,173.579803,1,2026-09-01T15:02:09.6150400+01:00
530.013794,202.086426,1,2026-09-01T15:02:09.6465408+01:00
539.818726,238.613602,1,2026-09-01T15:02:09.6783616+01:00
550.079346,277.500488,1,2026-09-01T15:02:09.7104256+01:00
559.574341,310.846344,1,2026-09-01T15:02:09.7423744+01:00
570.983948,331.819855,1,2026-09-01T15:02:09.7746560+01:00
586.307129,340.811005,1,2026-09-01T15:02:09.8222848+01:00
597.502991,346.823486,1,2026-09-01T15:02:09.8543104+01:00
602.694275,352.383911,1,2026-09-01T15:02:09.8863872+01:00
614.561829,347.754425,2,2026-09-01T15:02:10.0463232+01:00
606.519836,340.724854,2,2026-09-01T15:02:10.0789760+01:00
587.710632,332.564667,2,2026-09-01T15:02:10.1104128+01:00
567.302734,310.803589,2,2026-09-01T15:02:10.1424128+01:00
545.575134,288.720093,2,2026-09-01T15:02:10.1902464+01:00
524.282104,272.984924,2,2026-09-01T15:02:10.2223360+01:00
502.567719,262.180206,2,2026-09-01T15:02:10.2543616+01:00
475.645355,257.32251,2,2026-09-01T15:02:10.2861696+01:00
437.505524,254.982574,2,2026-09-01T15:02:10.3183360+01:00
387.611389,245.500092,2,2026-09-01T15:02:10.3508480+01:00
319.751343,241.007385,2,2026-09-01T15:02:10.3827456+01:00
246.297073,248.161819,2,2026-09-01T15:02:10.4149760+01:00
168.997665,275.883759,2,2026-09-01T15:02:10.4467840+01:00
101.706314,320.172119,2,2026-09-01T15:02:10.4791936+01:00
77.1708908,350.424835,2,2026-09-01T15:02:10.5107840+01:00
70.2640533,364.557037,2,2026-09-01T15:02:10.5581952+01:00
65.4044113,369.51059,2,2026-09-01T15:02:10.5904768+01:00
63.8944702,365.552521,2,2026-09-01T15:02:10.6222336+01:00
51.8368416,361.010529,3,2026-09-01T15:02:10.6545536+01:00
40.3434715,365.320374,3,2026-09-01T15:02:10.6864640+01:00
24.313591,366.922119,3,2026-09-01T15:02:10.7182592+01:00
11.1682987,353.394989,3,2026-09-01T15:02:10.7506816+01:00
17.4110813,349.871765,3,2026-09-01T15:02:10.7828864+01:00
39.3332596,340.667847,3,2026-09-01T15:02:10.8156928+01:00
63.9232101,325.695221,3,2026-09-01T15:02:10.8471424+01:00
95.747818,305.948883,3,2026-09-01T15:02:10.8795392+01:00
121.529465,289.433502,3,2026-09-01T15:02:10.9265920+01:00
137.1689,276.326965,3,2026-09-01T15:02:10.9582080+01:00
153.698975,258.120026,3,2026-09-01T15:02:10.9905536+01:00
177.656204,242.199402,3,2026-09-01T15:02:11.0225920+01:00
211.582504,223.908447,3,2026-09-01T15:02:11.0546432+01:00
241.517212,206.480042,3,2026-09-01T15:02:11.0867328+01:00
265.527252,191.268677,3,2026-09-01T15:02:11.1182720+01:00
284.667419,180.970688,3,2026-09-01T15:02:11.1508736+01:00
297.708832,179.08905,3,2026-09-01T15:02:11.1830400+01:00
303.25238,183.385529,4,2026-09-01T15:02:11.2146816+01:00
303.040802,190.470078,4,2026-09-01T15:02:11.2475776+01:00
299.938538,200.12912,4,2026-09-01T15:02:11.2946432+01:00
293.285553,209.7509,4,2026-09-01T15:02:11.3263616+01:00
281.96701,213.501068,4,2026-09-01T15:02:11.3586816+01:00
272.375427,211.656387,4,2026-09-01T15:02:11.3906304+01:00
275.378296,209.496597,4,2026-09-01T15:02:11.4224128+01:00
287.429199,203.874969,4,2026-09-01T15:02:11.4544768+01:00
306.977478,191.10083,4,2026-09-01T15:02:11.4864128+01:00
334.078369,177.783218,4,2026-09-01T15:02:11.5185920+01:00
366.074432,169.592163,4,2026-09-01T15:02:11.5508352+01:00
393.204132,173.653564,4,2026-09-01T15:02:11.5828352+01:00
410.798218,201.101257,4,2026-09-01T15:02:11.6146432+01:00
416.247498,246.296768,4,2026-09-01T15:02:11.6476032+01:00
414.132355,294.262177,4,2026-09-01T15:02:11.6948480+01:00
407.481445,335.32074,4,2026-09-01T15:02:11.7264512+01:00
400.51358,356.675293,4,2026-09-01T15:02:11.7584512+01:00
400.110016,363.112976,4,2026-09-01T15:02:11.7905536+01:00
401.436737,363.442505,4,2026-09-01T15:02:11.8225792+01:00
404.637329,359.688629,4,2026-09-01T15:02:11.8544256+01:00
403.548431,355.208069,5,2026-09-01T15:02:11.8868352+01:00
399.285797,349.467896,5,2026-09-01T15:02:11.9184000+01:00
393.00647,337.600281,5,2026-09-01T15:02:11.9509888+01:00
386.935333,309.80246,5,2026-09-01T15:02:11.9828864+01:00
380.735718,274.940369,5,2026-09-01T15:02:12.0153856+01:00
372.607361,238.177338,5,2026-09-01T15:02:12.0626432+01:00
363.026276,202.921173,5,2026-09-01T15:02:12.0944000+01:00
352.572235,168.219742,5,2026-09-01T15:02:12.1268352+01:00
353.472809,140.117661,5,2026-09-01T15:02:12.1587072+01:00
368.502899,131.113068,5,2026-09-01T15:02:12.1904896+01:00
384.52179,129.694092,5,2026-09-01T15:02:12.2224000+01:00
382.370728,139.343231,5,2026-09-01T15:02:12.2542976+01:00
354.501343,168.859192,5,2026-09-01T15:02:12.2869888+01:00
302.49173,200.430267,5,2026-09-01T15:02:12.3186176+01:00
230.898758,228.23233,5,2026-09-01T15:02:12.3513216+01:00
148.584015,255.62355,5,2026-09-01T15:02:12.3830400+01:00
89.4224548,267.764526,5,2026-09-01T15:02:12.4308736+01:00
62.0437622,256.562073,5,2026-09-01T15:02:12.4628736+01:00
56.5032921,230.854874,5,2026-09-01T15:02:12.4945024+01:00
59.7700806,234.136826,5,2026-09-01T15:02:12.5267584+01:00
64.4986801,247.349091,5,2026-09-01T15:02:12.5587072+01:00
76.2533035,252.834274,6,2026-09-01T15:02:12.5907840+01:00
88.5108948,256.194244,6,2026-09-01T15:02:12.6226176+01:00
100.673622,257.305878,6,2026-09-01T15:02:12.6546176+01:00
114.398567,258.702576,6,2026-09-01T15:02:12.6865408+01:00
130.395905,259.676422,6,2026-09-01T15:02:12.7188224+01:00
151.330597,262.017242,6,2026-09-01T15:02:12.7509376+01:00
168.683746,271.683319,6,2026-09-01T15:02:12.7992704+01:00
194.965424,273.702118,6,2026-09-01T15:02:12.8311424+01:00
223.803894,269.351959,6,2026-09-01T15:02:12.8627200+01:00
258.996918,257.003082,6,2026-09-01T15:02:12.8946560+01:00
307.560577,234.736786,6,2026-09-01T15:02:12.9265280+01:00
364.136414,211.277313,6,2026-09-01T15:02:12.9586176+01:00
417.816711,190.921951,6,2026-09-01T15:02:12.9905792+01:00
455.787048,187.792297,6,2026-09-01T15:02:13.0227072+01:00
478.0784,211.596863,6,2026-09-01T15:02:13.0546176+01:00
493.82547,236.795883,6,2026-09-01T15:02:13.0870400+01:00
504.126221,259.835419,6,2026-09-01T15:02:13.1201536+01:00
513.220276,269.282654,6,2026-09-01T15:02:13.1671296+01:00
518.599915,273.431885,6,2026-09-01T15:02:13.1991424+01:00
519.335205,273.432648,6,2026-09-01T15:02:13.2308736+01:00
515.389648,270.828583,6,2026-09-01T15:02:13.2626944+01:00
503.901215,270.100769,6,2026-09-01T15:02:13.2947584+01:00
483.469116,271.10733,6,2026-09-01T15:02:13.3267456+01:00
457.699371,266.980042,6,2026-09-01T15:02:13.3588608+01:00
427.504089,256.543396,6,2026-09-01T15:02:13.3906176+01:00
406.801819,239.495865,6,2026-09-01T15:02:13.4228096+01:00
394.643463,217.448822,6,2026-09-01T15:02:13.4546432+01:00
388.633392,195.958298,6,2026-09-01T15:02:13.4870528+01:00
385.441437,180.424637,6,2026-09-01T15:02:13.5351808+01:00
379.212555,179.463272,7,2026-09-01T15:02:13.5671680+01:00
368.47467,189.678116,7,2026-09-01T15:02:13.5990400+01:00
354.957001,198.748093,7,2026-09-01T15:02:13.6312064+01:00
338.09256,206.984558,7,2026-09-01T15:02:13.6627200+01:00
318.296722,209.507278,7,2026-09-01T15:02:13.6947712+01:00
297.724762,204.187943,7,2026-09-01T15:02:13.7269120+01:00
277.712738,199.451569,7,2026-09-01T15:02:13.7586816+01:00
260.267578,191.401657,7,2026-09-01T15:02:13.7908608+01:00
254.455994,182.542465,7,2026-09-01T15:02:13.8227456+01:00
263.911285,180.987259,7,2026-09-01T15:02:13.8555392+01:00
275.497803,174.636047,7,2026-09-01T15:02:13.8867072+01:00
281.940948,151.130722,7,2026-09-01T15:02:13.9351808+01:00
284.472778,117.885071,7,2026-09-01T15:02:13.9672064+01:00
284.643829,81.6859894,7,2026-09-01T15:02:14.0002048+01:00
280.454407,46.0153923,7,2026-09-01T15:02:14.0309888+01:00
268.491211,32.2969131,7,2026-09-01T15:02:14.0629504+01:00
263.493652,28.1623116,7,2026-09-01T15:02:14.0948096+01:00
268.587158,33.2271004,7,2026-09-01T15:02:14.1269376+01:00
280.652069,44.8133011,7,2026-09-01T15:02:14.1596032+01:00
292.023712,63.225235,7,2026-09-01T15:02:14.1907712+01:00
303.847015,92.0403671,7,2026-09-01T15:02:14.2229504+01:00
322.363312,125.197868,7,2026-09-01T15:02:14.2548352+01:00
345.339935,159.312149,7,2026-09-01T15:02:14.3030400+01:00
364.148712,186.145706,8,2026-09-01T15:02:14.3352320+01:00
382.844269,199.749756,8,2026-09-01T15:02:14.3673600+01:00
406.345337,209.254883,8,2026-09-01T15:02:14.3991808+01:00
429.814575,211.682968,8,2026-09-01T15:02:14.4308608+01:00
451.944427,210.610794,8,2026-09-01T15:02:14.4628992+01:00
468.325653,207.769135,8,2026-09-01T15:02:14.4948992+01:00
476.924622,203.27121,8,2026-09-01T15:02:14.5267072+01:00
479.457916,198.88002,8,2026-09-01T15:02:14.5592064+01:00
469.303986,195.9543,8,2026-09-01T15:02:14.5909376+01:00
448.331909,187.483261,8,2026-09-01T15:02:14.6228096+01:00
418.935913,170.755356,8,2026-09-01T15:02:14.6710144+01:00
388.532043,151.548141,8,2026-09-01T15:02:14.7027328+01:00
356.746918,138.404602,8,2026-09-01T15:02:14.7353984+01:00
319.982635,131.364639,8,2026-09-01T15:02:14.7676160+01:00
271.862732,126.746353,8,2026-09-01T15:02:14.7997952+01:00
215.566833,117.645447,8,2026-09-01T15:02:14.8312192+01:00
152.399246,112.916573,8,2026-09-01T15:02:14.8629504+01:00
88.1846085,108.347496,8,2026-09-01T15:02:14.9588864+01:00
112.605011,115.437584,8,2026-09-01T15:02:14.9909120+01:00
134.840408,112.530174,8,2026-09-01T15:02:15.0389888+01:00
153.083344,119.60836,8,2026-09-01T15:02:15.0714240+01:00
176.233505,128.97789,8,2026-09-01T15:02:15.1029760+01:00
207.804092,137.63591,9,2026-09-01T15:02:15.1352704+01:00
251.405441,144.343307,9,2026-09-01T15:02:15.1678848+01:00
302.718781,149.79686,9,2026-09-01T15:02:15.1995008+01:00
351.547119,154.165878,9,2026-09-01T15:02:15.2311680+01:00
396.8461,156.178513,9,2026-09-01T15:02:15.2629504+01:00
430.840881,161.618042,9,2026-09-01T15:02:15.2948864+01:00
455.127808,169.348389,9,2026-09-01T15:02:15.3269120+01:00
467.974182,173.352783,9,2026-09-01T15:02:15.3597184+01:00
471.19693,171.989075,9,2026-09-01T15:02:15.4071552+01:00
463.904694,170.479919,9,2026-09-01T15:02:15.4392960+01:00
446.11731,169.615082,9,2026-09-01T15:02:15.4709376+01:00
419.554962,169.081863,9,2026-09-01T15:02:15.5033472+01:00
385.575134,173.265671,9,2026-09-01T15:02:15.5359872+01:00
351.258484,185.696289,9,2026-09-01T15:02:15.5681664+01:00
323.197968,214.09816,9,2026-09-01T15:02:15.5995392+01:00
299.976227,253.388153,9,2026-09-01T15:02:15.6312832+01:00
277.435669,300.856781,9,2026-09-01T15:02:15.6629888+01:00
249.179016,340.466888,9,2026-09-01T15:02:15.6949888+01:00
225.484085,356.201538,9,2026-09-01T15:02:15.7268736+01:00
200.700821,365.781403,9,2026-09-01T15:02:15.7592576+01:00
186.933945,366.865234,9,2026-09-01T15:02:15.8069376+01:00
188.77272,362.373352,9,2026-09-01T15:02:15.8392448+01:00
199.517578,357.149139,9,2026-09-01T15:02:15.8708480+01:00
220.40921,351.15332,10,2026-09-01T15:02:15.9033600+01:00
245.40033,345.481049,10,2026-09-01T15:02:15.9358336+01:00
275.26297,336.345337,10,2026-09-01T15:02:15.9682304+01:00
307.951538,320.470093,10,2026-09-01T15:02:15.9994240+01:00
342.975525,300.34433,10,2026-09-01T15:02:16.0313216+01:00
374.780487,278.667847,10,2026-09-01T15:02:16.0631040+01:00
400.94632,255.08168,10,2026-09-01T15:02:16.0954112+01:00
426.565613,227.851944,10,2026-09-01T15:02:16.1271808+01:00
442.59079,209.269897,10,2026-09-01T15:02:16.1757312+01:00
447.069672,203.168533,10,2026-09-01T15:02:16.2073216+01:00
446.47345,199.179504,10,2026-09-01T15:02:16.2392448+01:00
444.643524,188.679901,10,2026-09-01T15:02:16.2712064+01:00
442.636658,176.919571,10,2026-09-01T15:02:16.3032064+01:00
440.826691,168.716904,10,2026-09-01T15:02:16.3358976+01:00
438.78299,165.012802,10,2026-09-01T15:02:16.3679360+01:00
436.041321,169.903519,10,2026-09-01T15:02:16.3997056+01:00
433.090393,181.824615,10,2026-09-01T15:02:16.4314496+01:00
430.552429,196.685501,10,2026-09-01T15:02:16.4632192+01:00
423.203552,219.369995,10,2026-09-01T15:02:16.4953472+01:00
407.726624,248.045731,10,2026-09-01T15:02:16.5433088+01:00
386.156769,283.259918,10,2026-09-01T15:02:16.5755392+01:00
351.802948,321.680267,10,2026-09-01T15:02:16.6077312+01:00
315.615204,349.315216,10,2026-09-01T15:02:16.6394496+01:00
271.921936,367.461212,10,2026-09-01T15:02:16.6715264+01:00
Value.Item1.X,Value.Item1.Y,Value.Item2,Timestamp
392.100739,334.805847,1,2026-09-01T15:02:35.6766592+01:00
386.926636,330.028046,1,2026-09-01T15:02:35.7086464+01:00
374.411255,319.32782,1,2026-09-01T15:02:35.7415040+01:00
355.839294,300.429749,1,2026-09-01T15:02:35.7729792+01:00
332.31546,272.723785,1,2026-09-01T15:02:35.8045312+01:00
306.778839,239.182373,1,2026-09-01T15:02:35.8525824+01:00
281.643646,209.774872,1,2026-09-01T15:02:35.8848384+01:00
266.546448,191.940872,1,2026-09-01T15:02:35.9170816+01:00
265.063385,191.058762,1,2026-09-01T15:02:35.9487360+01:00
273.708496,193.707596,1,2026-09-01T15:02:35.9809024+01:00
284.594513,189.405411,1,2026-09-01T15:02:36.0132608+01:00
291.761444,171.589355,1,2026-09-01T15:02:36.0443776+01:00
294.437866,141.269211,1,2026-09-01T15:02:36.0766464+01:00
288.439209,103.86541,1,2026-09-01T15:02:36.1088512+01:00
271.642975,69.2969818,1,2026-09-01T15:02:36.1406720+01:00
247.676483,49.0633736,1,2026-09-01T15:02:36.1886976+01:00
228.438583,41.5831413,1,2026-09-01T15:02:36.2207360+01:00
216.49704,40.1531067,1,2026-09-01T15:02:36.2526464+01:00
214.006439,44.2614517,1,2026-09-01T15:02:36.2847616+01:00
220.672699,52.807724,1,2026-09-01T15:02:36.3166208+01:00
230.869537,61.1399651,1,2026-09-01T15:02:36.3484800+01:00
241.667007,71.9933319,1,2026-09-01T15:02:36.3804928+01:00
250.473877,85.2493744,1,2026-09-01T15:02:36.4124416+01:00
256.816681,99.3307724,1,2026-09-01T15:02:36.4448128+01:00
261.320465,112.802612,1,2026-09-01T15:02:36.4768256+01:00
266.984314,126.247925,1,2026-09-01T15:02:36.5094400+01:00
271.417755,142.708969,1,2026-09-01T15:02:36.5566592+01:00
270.100555,157.373978,1,2026-09-01T15:02:36.5885696+01:00
266.78775,168.258011,2,2026-09-01T15:02:36.6209152+01:00
262.76178,182.307358,2,2026-09-01T15:02:36.6527744+01:00
255.942276,198.255356,2,2026-09-01T15:02:36.6850048+01:00
246.050644,216.087509,2,2026-09-01T15:02:36.7166208+01:00
243.242645,236.327545,2,2026-09-01T15:02:36.7485184+01:00
244.448578,241.964554,2,2026-09-01T15:02:36.7808256+01:00
236.878082,231.755936,2,2026-09-01T15:02:36.8125696+01:00
232.161514,214.525009,2,2026-09-01T15:02:36.8447360+01:00
235.363373,187.916275,2,2026-09-01T15:02:36.8767872+01:00
240.54277,152.518188,2,2026-09-01T15:02:36.9247744+01:00
249.409119,113.837845,2,2026-09-01T15:02:36.9566592+01:00
269.541901,80.1463165,2,2026-09-01T15:02:36.9888128+01:00
300.812775,65.9010391,2,2026-09-01T15:02:37.0208640+01:00
341.237061,68.6191635,2,2026-09-01T15:02:37.0539264+01:00
386.024719,90.5136337,2,2026-09-01T15:02:37.0849536+01:00
427.866974,109.205078,2,2026-09-01T15:02:37.1166976+01:00
461.00058,119.246559,2,2026-09-01T15:02:37.1486464+01:00
483.126007,112.328056,2,2026-09-01T15:02:37.1805184+01:00
497.875214,92.6867752,2,2026-09-01T15:02:37.2129536+01:00
502.463013,76.6087341,2,2026-09-01T15:02:37.2446976+01:00
497.32666,71.4986572,2,2026-09-01T15:02:37.2767616+01:00
483.59671,77.3877106,2,2026-09-01T15:02:37.3246720+01:00
461.844269,92.8580017,2,2026-09-01T15:02:37.3570816+01:00
439.410522,108.627052,2,2026-09-01T15:02:37.3894016+01:00
418.93103,117.880936,3,2026-09-01T15:02:37.4216064+01:00
406.083466,115.971222,3,2026-09-01T15:02:37.4536832+01:00
399.624908,98.5443649,3,2026-09-01T15:02:37.4851200+01:00
399.81366,74.307724,3,2026-09-01T15:02:37.5165952+01:00
405.038849,50.9146767,3,2026-09-01T15:02:37.5487488+01:00
412.998444,30.7848186,3,2026-09-01T15:02:37.5810432+01:00
419.459808,20.8973999,3,2026-09-01T15:02:37.6125696+01:00
424.190643,17.7973385,3,2026-09-01T15:02:37.6448768+01:00
430.218719,18.2659206,3,2026-09-01T15:02:37.6931072+01:00
437.882904,22.2893162,3,2026-09-01T15:02:37.7246208+01:00
437.551117,31.7474995,3,2026-09-01T15:02:37.7568256+01:00
430.150543,56.7325706,3,2026-09-01T15:02:37.7887360+01:00
410.108521,98.8418427,3,2026-09-01T15:02:37.8212352+01:00
366.176514,161.519699,3,2026-09-01T15:02:37.8544384+01:00
316.754028,227.13855,3,2026-09-01T15:02:37.8861952+01:00
264.591644,278.946991,3,2026-09-01T15:02:37.9173376+01:00
232.397415,300.570374,3,2026-09-01T15:02:37.9491456+01:00
221.050003,307.104584,3,2026-09-01T15:02:37.9807616+01:00
220.066269,307.742279,3,2026-09-01T15:02:38.0131584+01:00
224.447968,308.176941,4,2026-09-01T15:02:38.0610176+01:00
231.791656,309.137665,4,2026-09-01T15:02:38.0927360+01:00
241.874725,307.876617,4,2026-09-01T15:02:38.1247744+01:00
250.786041,307.253235,4,2026-09-01T15:02:38.1568256+01:00
261.140137,302.507294,4,2026-09-01T15:02:38.1886720+01:00
276.564545,293.623322,4,2026-09-01T15:02:38.2212096+01:00
295.804199,279.044189,4,2026-09-01T15:02:38.2531200+01:00
319.462463,259.551941,4,2026-09-01T15:02:38.2863744+01:00
345.338837,242.065765,4,2026-09-01T15:02:38.3172992+01:00
367.656586,229.272369,4,2026-09-01T15:02:38.3496064+01:00
383.604095,221.62059,4,2026-09-01T15:02:38.3809664+01:00
404.504028,218.433487,4,2026-09-01T15:02:38.4289536+01:00
437.692505,203.48851,4,2026-09-01T15:02:38.4609536+01:00
470.78775,182.520905,4,2026-09-01T15:02:38.4928128+01:00
493.587524,167.953293,4,2026-09-01T15:02:38.5248512+01:00
510.95874,165.644135,4,2026-09-01T15:02:38.5577984+01:00
520.28772,169.691116,4,2026-09-01T15:02:38.5888128+01:00
523.958191,175.147278,4,2026-09-01T15:02:38.6208256+01:00
520.077271,182.04213,5,2026-09-01T15:02:38.6534016+01:00
512.606079,183.489166,5,2026-09-01T15:02:38.6851200+01:00
499.325836,184.734665,5,2026-09-01T15:02:38.7169536+01:00
482.524994,181.032837,5,2026-09-01T15:02:38.7488000+01:00
456.718933,176.506927,5,2026-09-01T15:02:38.7968512+01:00
426.282928,168.909821,5,2026-09-01T15:02:38.8291584+01:00
383.214325,160.941727,5,2026-09-01T15:02:38.8613120+01:00
338.440369,151.875961,5,2026-09-01T15:02:38.8934400+01:00
293.412567,146.558365,5,2026-09-01T15:02:38.9251584+01:00
255.694839,147.988617,5,2026-09-01T15:02:38.9569152+01:00
223.935318,156.335083,5,2026-09-01T15:02:38.9893760+01:00
210.445282,170.213043,5,2026-09-01T15:02:39.0210560+01:00
215.217697,188.326233,5,2026-09-01T15:02:39.0531712+01:00
236.881897,202.938248,5,2026-09-01T15:02:39.0848000+01:00
270.446106,215.4841,5,2026-09-01T15:02:39.1170304+01:00
310.600037,227.227966,5,2026-09-01T15:02:39.1487872+01:00
349.891907,233.944443,5,2026-09-01T15:02:39.1975680+01:00
386.399139,234.19136,5,2026-09-01T15:02:39.2288768+01:00
413.01828,231.698898,5,2026-09-01T15:02:39.2610688+01:00
434.837372,219.71376,5,2026-09-01T15:02:39.2929408+01:00
451.274719,207.400345,5,2026-09-01T15:02:39.3250560+01:00
459.28714,198.698837,5,2026-09-01T15:02:39.3569024+01:00
462.03714,195.335892,5,2026-09-01T15:02:39.3889536+01:00
458.607788,199.454422,6,2026-09-01T15:02:39.4213760+01:00
448.92157,208.261993,6,2026-09-01T15:02:39.4539520+01:00
432.009766,219.87883,6,2026-09-01T15:02:39.4856064+01:00
409.667603,232.795303,6,2026-09-01T15:02:39.5180544+01:00
383.17749,240.839813,6,2026-09-01T15:02:39.5650560+01:00
354.078583,245.066589,6,2026-09-01T15:02:39.5969024+01:00
323.221985,245.844528,6,2026-09-01T15:02:39.6290688+01:00
292.901398,247.23378,6,2026-09-01T15:02:39.6619648+01:00
267.995514,249.890915,6,2026-09-01T15:02:39.6929024+01:00
245.924484,249.775269,6,2026-09-01T15:02:39.7250176+01:00
237.81134,239.187057,6,2026-09-01T15:02:39.7569024+01:00
256.425323,215.233322,6,2026-09-01T15:02:39.7891456+01:00
293.289154,191.704895,6,2026-09-01T15:02:39.8212992+01:00
336.528687,178.194275,6,2026-09-01T15:02:39.8532608+01:00
381.462311,171.583389,6,2026-09-01T15:02:39.8854784+01:00
428.364868,149.040329,6,2026-09-01T15:02:39.9329280+01:00
459.052307,129.746002,6,2026-09-01T15:02:39.9651072+01:00
481.978424,109.078583,6,2026-09-01T15:02:39.9970176+01:00
496.481415,90.8008347,6,2026-09-01T15:02:40.0290944+01:00
503.893982,79.1245041,6,2026-09-01T15:02:40.0610816+01:00
506.57196,78.9738693,6,2026-09-01T15:02:40.0939264+01:00
503.098053,88.5681152,6,2026-09-01T15:02:40.1252352+01:00
493.773041,101.103722,6,2026-09-01T15:02:40.1570560+01:00
479.829468,115.199303,7,2026-09-01T15:02:40.1890048+01:00
462.226318,127.67524,7,2026-09-01T15:02:40.2213248+01:00
436.80835,143.917572,7,2026-09-01T15:02:40.2532352+01:00
400.838348,169.519989,7,2026-09-01T15:02:40.3018624+01:00
361.72641,199.476501,7,2026-09-01T15:02:40.3335552+01:00
327.496765,220.82843,7,2026-09-01T15:02:40.3649280+01:00
313.709778,230.460754,7,2026-09-01T15:02:40.3971712+01:00
316.149384,231.225204,7,2026-09-01T15:02:40.4291072+01:00
323.774963,230.858887,7,2026-09-01T15:02:40.4609408+01:00
329.264771,240.468719,7,2026-09-01T15:02:40.4931840+01:00
334.306641,255.149155,7,2026-09-01T15:02:40.5251200+01:00
335.44577,265.837036,7,2026-09-01T15:02:40.5570560+01:00
332.029999,271.040283,7,2026-09-01T15:02:40.5892736+01:00
327.314026,268.364166,7,2026-09-01T15:02:40.6219008+01:00
329.794678,262.320648,7,2026-09-01T15:02:40.6694272+01:00
340.305847,254.677948,7,2026-09-01T15:02:40.7010304+01:00
353.003265,241.799637,7,2026-09-01T15:02:40.7334656+01:00
362.614502,224.628098,7,2026-09-01T15:02:40.7651328+01:00
365.764679,208.628418,7,2026-09-01T15:02:40.7971456+01:00
361.124634,198.800491,7,2026-09-01T15:02:40.8290688+01:00
350.201111,193.392197,7,2026-09-01T15:02:40.8609920+01:00
330.80722,189.748322,7,2026-09-01T15:02:40.8931712+01:00
297.671722,185.93367,7,2026-09-01T15:02:40.9251968+01:00
255.554077,181.481598,7,2026-09-01T15:02:40.9572096+01:00
191.057129,186.632584,7,2026-09-01T15:02:40.9893120+01:00
123.528214,190.606216,7,2026-09-01T15:02:41.0381440+01:00
43.1501198,246.089386,7,2026-09-01T15:02:41.2612480+01:00
63.1510544,289.995911,7,2026-09-01T15:02:41.2928640+01:00
77.8601608,329.650848,7,2026-09-01T15:02:41.3252608+01:00
82.3604965,357.584381,7,2026-09-01T15:02:41.3570048+01:00
82.2660828,374.02066,7,2026-09-01T15:02:41.3892992+01:00
80.5538483,383.26178,7,2026-09-01T15:02:41.4374400+01:00
102.836304,381.269806,8,2026-09-01T15:02:41.6932096+01:00
134.119171,369.03009,8,2026-09-01T15:02:41.7251840+01:00
178.448349,354.505432,8,2026-09-01T15:02:41.7573248+01:00
228.738937,334.011688,8,2026-09-01T15:02:41.8050560+01:00
274.795105,309.273438,8,2026-09-01T15:02:41.8377472+01:00
323.62442,283.290253,8,2026-09-01T15:02:41.8696448+01:00
363.754211,261.474915,8,2026-09-01T15:02:41.9016192+01:00
397.577698,238.541092,8,2026-09-01T15:02:41.9332352+01:00
421.764435,212.696091,8,2026-09-01T15:02:41.9653504+01:00
436.513794,186.276337,8,2026-09-01T15:02:41.9972864+01:00
443.583588,164.741913,8,2026-09-01T15:02:42.0294016+01:00
439.437958,158.026291,8,2026-09-01T15:02:42.0616320+01:00
426.627747,167.741409,8,2026-09-01T15:02:42.0932992+01:00
410.406769,182.085922,9,2026-09-01T15:02:42.1252480+01:00
398.42981,187.287323,9,2026-09-01T15:02:42.1735168+01:00
391.245178,184.991302,9,2026-09-01T15:02:42.2053120+01:00
388.473938,178.510864,9,2026-09-01T15:02:42.2377088+01:00
391.447906,176.707352,9,2026-09-01T15:02:42.2700160+01:00
399.944977,179.025543,9,2026-09-01T15:02:42.3014016+01:00
412.760742,180.269958,9,2026-09-01T15:02:42.3331968+01:00
426.198853,181.884903,9,2026-09-01T15:02:42.3656320+01:00
440.499725,180.757599,9,2026-09-01T15:02:42.3971840+01:00
451.339111,175.619034,9,2026-09-01T15:02:42.4293888+01:00
452.046875,167.888855,9,2026-09-01T15:02:42.4613888+01:00
436.342896,162.365295,9,2026-09-01T15:02:42.4935296+01:00
396.366608,162.538391,9,2026-09-01T15:02:42.5417472+01:00
338.445251,162.322006,9,2026-09-01T15:02:42.5737984+01:00
272.316162,163.949631,9,2026-09-01T15:02:42.6055168+01:00
204.264801,176.733902,9,2026-09-01T15:02:42.6375936+01:00
161.031433,184.860657,9,2026-09-01T15:02:42.6699136+01:00
136.397415,192.045975,9,2026-09-01T15:02:42.7014272+01:00
123.661423,197.023697,9,2026-09-01T15:02:42.7332608+01:00
119.309227,202.820129,9,2026-09-01T15:02:42.7654528+01:00
120.807892,204.832047,9,2026-09-01T15:02:42.7972864+01:00
125.161743,206.873016,10,2026-09-01T15:02:42.8297088+01:00
131.230087,205.479095,10,2026-09-01T15:02:42.8621440+01:00
137.153198,202.51265,10,2026-09-01T15:02:42.9102080+01:00
143.373077,200.420837,10,2026-09-01T15:02:42.9419136+01:00
152.034744,200.09668,10,2026-09-01T15:02:42.9739520+01:00
161.545868,203.057983,10,2026-09-01T15:02:43.0055040+01:00
172.85257,208.831879,10,2026-09-01T15:02:43.0380416+01:00
191.019806,214.639679,10,2026-09-01T15:02:43.0714880+01:00
216.854126,208.013107,10,2026-09-01T15:02:43.1016576+01:00
240.261902,201.966797,10,2026-09-01T15:02:43.1337088+01:00
261.780884,196.148102,10,2026-09-01T15:02:43.1657344+01:00
281.951233,191.759567,10,2026-09-01T15:02:43.1974912+01:00
300.19812,187.285477,10,2026-09-01T15:02:43.2297088+01:00
315.806976,186.873596,10,2026-09-01T15:02:43.2774912+01:00
326.727142,191.478165,10,2026-09-01T15:02:43.3096192+01:00
330.55838,203.501404,10,2026-09-01T15:02:43.3417728+01:00
324.875275,224.173309,10,2026-09-01T15:02:43.3740032+01:00
304.345123,254.082642,10,2026-09-01T15:02:43.4055936+01:00
269.706329,290.430328,10,2026-09-01T15:02:43.4380800+01:00
232.179916,330.979401,10,2026-09-01T15:02:43.4697600+01:00
198.813889,361.896576,10,2026-09-01T15:02:43.5017856+01:00
513.118835,32.4532967,10,2026-09-01T15:02:44.4776192+01:00
578.22876,51.7074852,10,2026-09-01T15:02:44.5100416+01:00
590.243408,96.4762115,10,2026-09-01T15:02:44.5417728+01:00
Value.Item1.X,Value.Item1.Y,Value.Item2,Timestamp
98.1074905,40.3005753,1,2026-09-01T15:03:10.6620800+01:00
104.698967,45.4842415,1,2026-09-01T15:03:10.6940288+01:00
113.502411,53.4351425,1,2026-09-01T15:03:10.7258752+01:00
120.297234,61.0146866,1,2026-09-01T15:03:10.7580672+01:00
128.967102,67.0334702,1,2026-09-01T15:03:10.7902336+01:00
143.255478,73.2053452,1,2026-09-01T15:03:10.8378624+01:00
169.535019,86.2054214,1,2026-09-01T15:03:10.8696192+01:00
197.921082,97.5524216,1,2026-09-01T15:03:10.9021568+01:00
226.823105,107.281624,1,2026-09-01T15:03:10.9339392+01:00
258.776184,117.460793,1,2026-09-01T15:03:10.9657984+01:00
297.678955,127.972473,1,2026-09-01T15:03:10.9978496+01:00
335.561127,141.89357,1,2026-09-01T15:03:11.0304384+01:00
358.125977,167.215103,1,2026-09-01T15:03:11.0622336+01:00
362.471405,210.651138,1,2026-09-01T15:03:11.0942336+01:00
350.426697,249.075562,1,2026-09-01T15:03:11.1266304+01:00
332.504639,269.594208,2,2026-09-01T15:03:11.1598336+01:00
317.240723,274.959991,2,2026-09-01T15:03:11.1910400+01:00
311.31778,266.311737,2,2026-09-01T15:03:11.2380672+01:00
312.268158,249.259949,2,2026-09-01T15:03:11.2699776+01:00
318.14267,227.936386,2,2026-09-01T15:03:11.3021312+01:00
324.205048,204.667725,3,2026-09-01T15:03:11.3338112+01:00
329.137543,179.340942,3,2026-09-01T15:03:11.3657216+01:00
334.138245,156.116608,3,2026-09-01T15:03:11.3981312+01:00
339.536011,134.987137,3,2026-09-01T15:03:11.4301184+01:00
345.108215,119.305267,3,2026-09-01T15:03:11.4626944+01:00
348.752594,113.456818,3,2026-09-01T15:03:11.4941824+01:00
348.13385,114.575043,3,2026-09-01T15:03:11.5260160+01:00
350.100342,115.921844,3,2026-09-01T15:03:11.5592320+01:00
360.543182,124.130371,3,2026-09-01T15:03:11.6058752+01:00
378.235352,131.643219,3,2026-09-01T15:03:11.6381056+01:00
397.567078,139.526077,3,2026-09-01T15:03:11.6702464+01:00
415.68161,150.011337,3,2026-09-01T15:03:11.7023616+01:00
427.109406,157.454391,3,2026-09-01T15:03:11.7339776+01:00
431.971863,158.352814,3,2026-09-01T15:03:11.7658880+01:00
429.29538,155.666473,3,2026-09-01T15:03:11.7980160+01:00
420.895477,153.048431,4,2026-09-01T15:03:11.8304128+01:00
408.092773,153.051758,4,2026-09-01T15:03:11.8622592+01:00
393.930695,153.86084,4,2026-09-01T15:03:11.8942720+01:00
377.007721,156.001007,4,2026-09-01T15:03:11.9266816+01:00
358.054474,156.881561,4,2026-09-01T15:03:11.9747840+01:00
334.872528,160.276321,4,2026-09-01T15:03:12.0067456+01:00
308.542114,166.168015,4,2026-09-01T15:03:12.0382336+01:00
293.959961,171.459106,4,2026-09-01T15:03:12.0700416+01:00
294.359558,180.614716,4,2026-09-01T15:03:12.1025024+01:00
303.59903,186.351181,4,2026-09-01T15:03:12.1340928+01:00
317.418854,187.298462,4,2026-09-01T15:03:12.1665536+01:00
330.206238,182.304977,4,2026-09-01T15:03:12.1986176+01:00
330.222504,161.672729,4,2026-09-01T15:03:12.2300416+01:00
307.347412,132.298706,4,2026-09-01T15:03:12.2623488+01:00
264.901398,107.082542,4,2026-09-01T15:03:12.2944384+01:00
209.452148,89.1038513,4,2026-09-01T15:03:12.3425408+01:00
148.539459,74.7331772,4,2026-09-01T15:03:12.3743616+01:00
84.255806,74.88237,4,2026-09-01T15:03:12.4068608+01:00
48.8813019,59.1729507,4,2026-09-01T15:03:12.4381824+01:00
53.9295464,30.5068111,4,2026-09-01T15:03:12.4703232+01:00
63.0458641,39.9477997,4,2026-09-01T15:03:12.5021824+01:00
81.7573318,42.4835167,5,2026-09-01T15:03:12.5340032+01:00
103.076241,39.8915977,5,2026-09-01T15:03:12.5664000+01:00
119.238113,41.4660568,5,2026-09-01T15:03:12.5985280+01:00
137.854599,49.6956482,5,2026-09-01T15:03:12.6302336+01:00
165.386597,67.0300903,5,2026-09-01T15:03:12.6624256+01:00
202.175247,100.601593,5,2026-09-01T15:03:12.7100160+01:00
244.518967,133.200943,5,2026-09-01T15:03:12.7423872+01:00
279.715637,156.630615,5,2026-09-01T15:03:12.7752960+01:00
298.77002,168.730148,5,2026-09-01T15:03:12.8063616+01:00
315.744781,184.225937,5,2026-09-01T15:03:12.8382336+01:00
334.109802,201.196243,5,2026-09-01T15:03:12.8703872+01:00
354.530914,219.135086,5,2026-09-01T15:03:12.9021440+01:00
383.109467,228.725845,5,2026-09-01T15:03:12.9341696+01:00
411.374176,233.672394,5,2026-09-01T15:03:12.9664768+01:00
434.388916,239.071396,5,2026-09-01T15:03:12.9982464+01:00
449.293884,248.772522,5,2026-09-01T15:03:13.0302720+01:00
457.835785,260.679352,5,2026-09-01T15:03:13.0781440+01:00
466.186859,268.96051,5,2026-09-01T15:03:13.1101696+01:00
473.016479,269.978699,5,2026-09-01T15:03:13.1424512+01:00
481.708466,261.911102,6,2026-09-01T15:03:13.1749504+01:00
487.254364,252.006378,6,2026-09-01T15:03:13.2071808+01:00
488.904083,242.220428,6,2026-09-01T15:03:13.2382720+01:00
486.636658,232.275513,6,2026-09-01T15:03:13.2701952+01:00
480.187012,223.595383,6,2026-09-01T15:03:13.3022464+01:00
471.435486,214.379318,6,2026-09-01T15:03:13.3345920+01:00
463.500763,198.940689,6,2026-09-01T15:03:13.3663232+01:00
453.617828,182.662872,6,2026-09-01T15:03:13.3983488+01:00
441.287659,167.750992,6,2026-09-01T15:03:13.4302336+01:00
422.63092,159.787323,6,2026-09-01T15:03:13.4781952+01:00
393.608002,165.314209,6,2026-09-01T15:03:13.5103104+01:00
353.259949,183.512436,6,2026-09-01T15:03:13.5428352+01:00
310.369812,209.900742,6,2026-09-01T15:03:13.5749760+01:00
253.116318,251.139557,6,2026-09-01T15:03:13.6070144+01:00
197.772522,295.208191,6,2026-09-01T15:03:13.6382720+01:00
145.816666,326.526276,6,2026-09-01T15:03:13.6702976+01:00
95.1293411,337.34906,6,2026-09-01T15:03:13.7023488+01:00
78.0938644,329.895844,6,2026-09-01T15:03:13.7342976+01:00
72.7450104,292.549164,6,2026-09-01T15:03:13.7666304+01:00
71.2312622,292.13504,6,2026-09-01T15:03:13.7984128+01:00
77.8362656,301.184906,6,2026-09-01T15:03:13.8466048+01:00
88.9077911,307.7836,6,2026-09-01T15:03:13.8782080+01:00
94.1336746,313.894165,7,2026-09-01T15:03:13.9103360+01:00
104.425903,311.150696,7,2026-09-01T15:03:13.9425024+01:00
116.818291,305.523376,7,2026-09-01T15:03:13.9751808+01:00
137.061752,297.925201,7,2026-09-01T15:03:14.0066560+01:00
159.447159,287.737366,7,2026-09-01T15:03:14.0382464+01:00
185.376602,275.595886,7,2026-09-01T15:03:14.0703360+01:00
217.48735,261.261505,7,2026-09-01T15:03:14.1026560+01:00
262.821289,241.711639,7,2026-09-01T15:03:14.1347200+01:00
312.137756,218.791245,7,2026-09-01T15:03:14.1661824+01:00
350.247253,194.127777,7,2026-09-01T15:03:14.2143360+01:00
374.145844,180.096313,7,2026-09-01T15:03:14.2465280+01:00
387.706024,169.719131,7,2026-09-01T15:03:14.2783872+01:00
390.246155,156.455399,7,2026-09-01T15:03:14.3102208+01:00
384.794403,138.819092,7,2026-09-01T15:03:14.3423744+01:00
375.833954,109.766541,7,2026-09-01T15:03:14.3750400+01:00
365.28598,77.6969757,7,2026-09-01T15:03:14.4071168+01:00
351.351624,48.1137962,7,2026-09-01T15:03:14.4385408+01:00
335.314453,33.673317,7,2026-09-01T15:03:14.4704384+01:00
323.492157,33.5861702,7,2026-09-01T15:03:14.5025408+01:00
316.620087,40.5148048,7,2026-09-01T15:03:14.5346304+01:00
314.099213,48.831356,8,2026-09-01T15:03:14.5827456+01:00
314.906067,53.5124817,8,2026-09-01T15:03:14.6148736+01:00
318.002991,49.3690109,8,2026-09-01T15:03:14.6462464+01:00
325.443146,42.9166107,8,2026-09-01T15:03:14.6786176+01:00
334.541077,38.261692,8,2026-09-01T15:03:14.7109376+01:00
345.807953,38.291481,8,2026-09-01T15:03:14.7426304+01:00
362.930176,46.0990334,8,2026-09-01T15:03:14.7747584+01:00
384.917786,66.8173828,8,2026-09-01T15:03:14.8068096+01:00
406.37439,92.2583466,8,2026-09-01T15:03:14.8387200+01:00
425.783844,119.654175,8,2026-09-01T15:03:14.8701696+01:00
445.068024,148.240204,8,2026-09-01T15:03:14.9027712+01:00
462.040039,174.462173,8,2026-09-01T15:03:14.9506432+01:00
476.767487,193.366608,8,2026-09-01T15:03:14.9824000+01:00
493.919983,205.990112,8,2026-09-01T15:03:15.0149376+01:00
508.534668,216.373581,8,2026-09-01T15:03:15.0461440+01:00
517.362,227.852142,8,2026-09-01T15:03:15.0784512+01:00
524.102356,237.822769,8,2026-09-01T15:03:15.1102080+01:00
532.528198,244.358582,8,2026-09-01T15:03:15.1428352+01:00
543.02655,244.713211,8,2026-09-01T15:03:15.1745792+01:00
552.272522,239.647202,8,2026-09-01T15:03:15.2071552+01:00
556.625244,235.405762,8,2026-09-01T15:03:15.2386176+01:00
560.075867,229.157089,8,2026-09-01T15:03:15.2703488+01:00
562.163635,224.523193,8,2026-09-01T15:03:15.3026048+01:00
564.827148,217.110535,8,2026-09-01T15:03:15.3503104+01:00
567.359558,212.090759,8,2026-09-01T15:03:15.3824512+01:00
570.305786,208.543701,8,2026-09-01T15:03:15.4146432+01:00
575.777161,203.272141,9,2026-09-01T15:03:15.4466176+01:00
584.214233,194.069534,9,2026-09-01T15:03:15.4788736+01:00
592.460632,187.96283,9,2026-09-01T15:03:15.5105408+01:00
597.149109,190.905579,9,2026-09-01T15:03:15.5426688+01:00
596.854736,202.807617,9,2026-09-01T15:03:15.5748224+01:00
593.577026,214.501846,9,2026-09-01T15:03:15.6067712+01:00
591.779175,223.815399,9,2026-09-01T15:03:15.6385792+01:00
590.453308,229.321701,9,2026-09-01T15:03:15.6708352+01:00
584.908752,232.691437,9,2026-09-01T15:03:15.7185792+01:00
572.87616,237.818573,9,2026-09-01T15:03:15.7504768+01:00
550.485779,241.911423,9,2026-09-01T15:03:15.7822848+01:00
517.064331,246.947098,9,2026-09-01T15:03:15.8148992+01:00
461.280853,255.867172,9,2026-09-01T15:03:15.8467584+01:00
393.464478,264.275024,9,2026-09-01T15:03:15.8787712+01:00
317.550232,275.158295,9,2026-09-01T15:03:15.9105280+01:00
241.240234,290.883545,9,2026-09-01T15:03:15.9426816+01:00
181.008408,304.572266,9,2026-09-01T15:03:15.9755136+01:00
124.40136,321.237915,9,2026-09-01T15:03:16.0075904+01:00
86.4464874,332.345703,9,2026-09-01T15:03:16.0388480+01:00
66.3453751,333.64679,9,2026-09-01T15:03:16.0868864+01:00
58.7191544,312.270569,9,2026-09-01T15:03:16.1184896+01:00
47.7136002,299.462646,9,2026-09-01T15:03:16.1505920+01:00
56.7685623,291.34201,9,2026-09-01T15:03:16.1825664+01:00
62.5654755,286.517059,9,2026-09-01T15:03:16.2149120+01:00
74.975235,280.346527,9,2026-09-01T15:03:16.2464256+01:00
88.7356644,269.687988,10,2026-09-01T15:03:16.2789376+01:00
103.574707,255.400223,10,2026-09-01T15:03:16.3106176+01:00
122.649307,245.082214,10,2026-09-01T15:03:16.3429376+01:00
138.005173,233.446487,10,2026-09-01T15:03:16.3755392+01:00
148.100311,226.65152,10,2026-09-01T15:03:16.4070784+01:00
152.362976,225.279175,10,2026-09-01T15:03:16.4547968+01:00
149.63295,224.272675,10,2026-09-01T15:03:16.4871552+01:00
141.746109,217.274857,10,2026-09-01T15:03:16.5186688+01:00
150.166672,233.055481,10,2026-09-01T15:03:16.5507072+01:00
163.743805,248.67157,10,2026-09-01T15:03:16.5827456+01:00
197.803253,244.528427,10,2026-09-01T15:03:16.6145920+01:00
236.093521,230.575317,10,2026-09-01T15:03:16.6468992+01:00
274.645844,210.829254,10,2026-09-01T15:03:16.6787072+01:00
311.442535,192.63002,10,2026-09-01T15:03:16.7106176+01:00
336.798889,182.055634,10,2026-09-01T15:03:16.7431552+01:00
349.790253,177.608185,10,2026-09-01T15:03:16.7750784+01:00
353.437683,176.998367,10,2026-09-01T15:03:16.8242176+01:00
348.574707,189.440979,10,2026-09-01T15:03:16.8556800+01:00
337.082031,212.904877,10,2026-09-01T15:03:16.8870784+01:00
315.780884,249.679031,10,2026-09-01T15:03:16.9260544+01:00
286.022858,290.192505,10,2026-09-01T15:03:16.9506176+01:00
247.46283,330.676605,10,2026-09-01T15:03:16.9833728+01:00
211.157654,357.229797,10,2026-09-01T15:03:17.0150272+01:00
177.789368,370.223419,10,2026-09-01T15:03:17.0470144+01:00
Value.Item1.X,Value.Item1.Y,Value.Item2,Timestamp
155.584381,178.207062,1,2026-09-01T15:34:50.1651072+01:00
158.435349,176.637268,1,2026-09-01T15:34:50.1971072+01:00
163.803574,179.14856,1,2026-09-01T15:34:50.2447744+01:00
172.230606,188.613724,1,2026-09-01T15:34:50.2769792+01:00
193.68219,195.906052,1,2026-09-01T15:34:50.3087872+01:00
211.413864,199.537888,1,2026-09-01T15:34:50.3405568+01:00
226.148468,200.795013,1,2026-09-01T15:34:50.3728000+01:00
119.716408,82.8923569,1,2026-09-01T15:34:50.7728256+01:00
84.3538055,77.3241348,1,2026-09-01T15:34:50.8052992+01:00
65.2425003,58.5958328,1,2026-09-01T15:34:50.8367104+01:00
60.4574661,28.4348965,2,2026-09-01T15:34:50.9654272+01:00
69.4353104,31.2128716,2,2026-09-01T15:34:51.0133248+01:00
80.7775116,33.1178207,2,2026-09-01T15:34:51.0447488+01:00
83.8071671,47.8266792,2,2026-09-01T15:34:51.0769024+01:00
89.1287613,54.4906235,2,2026-09-01T15:34:51.1086720+01:00
96.8223572,58.3840218,2,2026-09-01T15:34:51.1408896+01:00
104.599251,64.4228821,2,2026-09-01T15:34:51.1733504+01:00
114.621498,71.8349915,2,2026-09-01T15:34:51.2051584+01:00
126.909805,77.2622299,2,2026-09-01T15:34:51.2375936+01:00
144.078049,81.8275375,2,2026-09-01T15:34:51.2688256+01:00
170.879181,97.9339523,2,2026-09-01T15:34:51.3010432+01:00
205.696243,210.986923,2,2026-09-01T15:34:51.4127616+01:00
180.485413,254.436829,2,2026-09-01T15:34:51.4447104+01:00
161.393341,276.11261,2,2026-09-01T15:34:51.4770176+01:00
148.040802,280.444702,2,2026-09-01T15:34:51.5088512+01:00
140.402496,295.353333,2,2026-09-01T15:34:51.5409024+01:00
179.858948,245.369125,2,2026-09-01T15:34:51.9089024+01:00
191.654968,231.016647,2,2026-09-01T15:34:51.9410944+01:00
208.405594,227.098801,2,2026-09-01T15:34:51.9731200+01:00
226.933929,218.767624,2,2026-09-01T15:34:52.0054784+01:00
222.194962,207.023529,2,2026-09-01T15:34:52.0372096+01:00
205.480469,187.69989,2,2026-09-01T15:34:52.0694400+01:00
189.614304,162.153519,2,2026-09-01T15:34:52.1169152+01:00
167.191254,129.757309,2,2026-09-01T15:34:52.1490688+01:00
141.475067,118.088951,2,2026-09-01T15:34:52.1814528+01:00
136.030304,132.586182,2,2026-09-01T15:34:52.2452864+01:00
143.339005,157.619583,2,2026-09-01T15:34:52.2771200+01:00
138.577347,197.582123,2,2026-09-01T15:34:52.3089536+01:00
140.790573,208.899704,2,2026-09-01T15:34:52.3412224+01:00
139.904694,216.577316,2,2026-09-01T15:34:52.3732224+01:00
147.336273,211.07193,2,2026-09-01T15:34:52.4053760+01:00
144.384995,209.761871,2,2026-09-01T15:34:52.4372096+01:00
145.110641,216.99939,2,2026-09-01T15:34:52.4849408+01:00
149.138443,232.33696,2,2026-09-01T15:34:52.5172096+01:00
147.406387,249.43425,2,2026-09-01T15:34:52.5494784+01:00
147.676712,251.540115,2,2026-09-01T15:34:52.5809664+01:00
147.206909,254.161621,2,2026-09-01T15:34:52.6132608+01:00
147.215393,258.815186,2,2026-09-01T15:34:52.6448896+01:00
146.496338,253.038391,2,2026-09-01T15:34:52.6768768+01:00
141.26973,203.987976,3,2026-09-01T15:34:53.1417216+01:00
145.567963,218.563477,3,2026-09-01T15:34:53.1733248+01:00
150.812225,213.564377,3,2026-09-01T15:34:53.2053888+01:00
158.270767,210.374588,3,2026-09-01T15:34:53.2534016+01:00
166.343811,212.349319,3,2026-09-01T15:34:53.2851584+01:00
169.344833,217.582001,3,2026-09-01T15:34:53.3175936+01:00
172.698761,217.791275,3,2026-09-01T15:34:53.3490432+01:00
172.513809,215.619843,3,2026-09-01T15:34:53.3813504+01:00
172.038925,214.140717,3,2026-09-01T15:34:53.4131712+01:00
173.859314,211.253494,3,2026-09-01T15:34:53.4449152+01:00
176.852951,207.834366,3,2026-09-01T15:34:53.4772096+01:00
175.645386,207.141754,3,2026-09-01T15:34:53.5092864+01:00
172.166855,208.782288,3,2026-09-01T15:34:53.5420160+01:00
169.18692,217.193634,3,2026-09-01T15:34:53.5735680+01:00
166.242569,221.446793,3,2026-09-01T15:34:53.6212352+01:00
149.61496,249.797882,3,2026-09-01T15:34:53.6532224+01:00
143.938644,264.798828,3,2026-09-01T15:34:53.6853248+01:00
137.938217,281.808533,3,2026-09-01T15:34:53.7173888+01:00
132.56282,287.772339,3,2026-09-01T15:34:53.7493504+01:00
135.483459,336.597107,4,2026-09-01T15:34:54.0854272+01:00
133.73938,316.345001,4,2026-09-01T15:34:54.1171840+01:00
163.942505,233.406662,4,2026-09-01T15:34:54.9813248+01:00
170.323257,240.472443,4,2026-09-01T15:34:55.0135552+01:00
157.860916,249.498215,4,2026-09-01T15:34:55.0456448+01:00
149.18663,244.423599,4,2026-09-01T15:34:55.0777472+01:00
141.891876,239.562164,4,2026-09-01T15:34:55.1253888+01:00
137.423752,235.904968,4,2026-09-01T15:34:55.1576320+01:00
141.08287,235.737228,4,2026-09-01T15:34:55.1892352+01:00
41.8924103,273.723175,4,2026-09-01T15:34:56.8538880+01:00
49.9849091,264.827148,4,2026-09-01T15:34:56.8862208+01:00
181.274078,307.544983,5,2026-09-01T15:34:57.7976448+01:00
161.075394,322.225403,5,2026-09-01T15:34:57.8936320+01:00
159.279022,344.079132,5,2026-09-01T15:34:57.9260800+01:00
150.932266,350.821167,5,2026-09-01T15:34:57.9577344+01:00
147.324448,360.224335,5,2026-09-01T15:34:57.9900032+01:00
138.25177,362.879242,5,2026-09-01T15:34:58.0217344+01:00
141.941788,366.546448,5,2026-09-01T15:34:58.0539264+01:00
140.152969,366.310333,6,2026-09-01T15:34:58.1020928+01:00
137.694611,368.170105,6,2026-09-01T15:34:58.1336448+01:00
143.951065,367.914764,6,2026-09-01T15:34:58.1657984+01:00
142.80777,368.825836,6,2026-09-01T15:34:58.1979008+01:00
144.995255,368.943359,6,2026-09-01T15:34:58.2298880+01:00
137.236267,369.25824,6,2026-09-01T15:34:58.2621568+01:00
143.413208,368.742462,6,2026-09-01T15:34:58.2935680+01:00
150.453735,367.958344,6,2026-09-01T15:34:58.3262080+01:00
153.881638,368.033417,6,2026-09-01T15:34:58.3583744+01:00
160.042801,364.307404,6,2026-09-01T15:34:58.3900800+01:00
161.800537,363.357208,6,2026-09-01T15:34:58.4221440+01:00
172.105637,359.144806,6,2026-09-01T15:34:58.4702080+01:00
187.168701,349.595856,6,2026-09-01T15:34:58.5022848+01:00
210.514343,329.836334,6,2026-09-01T15:34:58.5336192+01:00
222.307419,297.788025,6,2026-09-01T15:34:58.5658496+01:00
242.915985,263.057648,6,2026-09-01T15:34:58.5976704+01:00
258.395386,217.880386,6,2026-09-01T15:34:58.6299776+01:00
276.031708,180.721222,6,2026-09-01T15:34:58.6617728+01:00
286.32547,155.015442,6,2026-09-01T15:34:58.6942208+01:00
283.105438,123.960815,6,2026-09-01T15:34:58.7260928+01:00
301.361023,99.9411926,6,2026-09-01T15:34:58.7578496+01:00
302.704102,87.7866135,6,2026-09-01T15:34:58.7900288+01:00
310.321838,75.1439209,6,2026-09-01T15:34:58.8380800+01:00
302.500458,70.5843735,6,2026-09-01T15:34:58.8697344+01:00
306.545044,67.9949265,7,2026-09-01T15:34:58.9023744+01:00
307.682373,72.6934738,7,2026-09-01T15:34:58.9336960+01:00
303.073608,85.4967041,7,2026-09-01T15:34:58.9658880+01:00
301.648346,107.347443,7,2026-09-01T15:34:58.9982720+01:00
303.445313,133.076202,7,2026-09-01T15:34:59.0299648+01:00
300.436218,168.296158,7,2026-09-01T15:34:59.0622464+01:00
306.270264,192.556503,7,2026-09-01T15:34:59.0942336+01:00
316.059387,220.108109,7,2026-09-01T15:34:59.1257088+01:00
342.944244,230.896835,7,2026-09-01T15:34:59.1581696+01:00
448.051788,79.2230606,7,2026-09-01T15:35:00.1982848+01:00
493.786072,110.670105,8,2026-09-01T15:35:00.3747840+01:00
499.593933,117.712822,8,2026-09-01T15:35:00.4058368+01:00
516.08374,120.703522,8,2026-09-01T15:35:00.4384128+01:00
521.552673,111.023804,8,2026-09-01T15:35:00.4703744+01:00
522.519165,100.673164,8,2026-09-01T15:35:00.5020672+01:00
516.069885,89.4507599,8,2026-09-01T15:35:00.5339392+01:00
509.450104,73.7049789,8,2026-09-01T15:35:00.5658880+01:00
499.241486,60.0138817,8,2026-09-01T15:35:00.5982976+01:00
486.112518,55.3336678,8,2026-09-01T15:35:00.6301696+01:00
471.48877,50.7245064,8,2026-09-01T15:35:00.6623616+01:00
455.47229,51.5832481,8,2026-09-01T15:35:00.7102592+01:00
443.471893,62.5427208,8,2026-09-01T15:35:00.7424896+01:00
443.618195,84.2257004,8,2026-09-01T15:35:00.7738240+01:00
453.272522,113.630486,8,2026-09-01T15:35:00.8062976+01:00
462.657654,139.34433,8,2026-09-01T15:35:00.8382720+01:00
479.317474,153.703842,8,2026-09-01T15:35:00.8700544+01:00
561.387573,165.760895,8,2026-09-01T15:35:01.3344256+01:00
553.52417,163.242355,8,2026-09-01T15:35:01.3664384+01:00
545.973389,158.851151,8,2026-09-01T15:35:01.3981952+01:00
535.337524,154.183029,8,2026-09-01T15:35:01.4301440+01:00
543.50415,149.659668,8,2026-09-01T15:35:01.4785280+01:00
541.947937,140.197754,8,2026-09-01T15:35:01.5102336+01:00
534.307068,146.233215,8,2026-09-01T15:35:01.5420800+01:00
529.777405,146.209244,8,2026-09-01T15:35:01.5741568+01:00
517.98407,144.513916,8,2026-09-01T15:35:01.6061696+01:00
498.693726,145.463928,9,2026-09-01T15:35:01.6380672+01:00
490.289246,151.622574,9,2026-09-01T15:35:01.6700160+01:00
484.625885,156.801132,9,2026-09-01T15:35:01.7021568+01:00
492.621857,161.392685,9,2026-09-01T15:35:01.7343360+01:00
497.481049,159.1754,9,2026-09-01T15:35:01.7664256+01:00
504.253998,154.083328,9,2026-09-01T15:35:01.7984896+01:00
510.657928,172.194016,9,2026-09-01T15:35:02.0701696+01:00
494.140076,183.569565,9,2026-09-01T15:35:02.1022848+01:00
484.873291,199.664566,9,2026-09-01T15:35:02.1341952+01:00
460.155975,207.4496,9,2026-09-01T15:35:02.1663360+01:00
425.67395,212.538849,9,2026-09-01T15:35:02.2146432+01:00
402.640411,219.194229,9,2026-09-01T15:35:02.2464640+01:00
379.407257,218.949646,9,2026-09-01T15:35:02.2782976+01:00
364.164032,227.416672,9,2026-09-01T15:35:02.3105664+01:00
323.623596,224.598618,9,2026-09-01T15:35:02.3746560+01:00
318.984558,218.663452,9,2026-09-01T15:35:02.4060800+01:00
320.27655,198.127899,9,2026-09-01T15:35:02.4388608+01:00
329.314331,179.506516,9,2026-09-01T15:35:02.4703360+01:00
272.844452,147.189682,9,2026-09-01T15:35:02.6462336+01:00
271.48056,148.559601,9,2026-09-01T15:35:02.6781568+01:00
273.272186,154.722473,9,2026-09-01T15:35:02.7102080+01:00
268.571808,170.730606,9,2026-09-01T15:35:02.7426048+01:00
264.182709,184.51503,9,2026-09-01T15:35:02.7747584+01:00
254.057968,203.089371,10,2026-09-01T15:35:02.9031040+01:00
257.817169,203.770828,10,2026-09-01T15:35:02.9508096+01:00
252.383469,201.641602,10,2026-09-01T15:35:02.9827072+01:00
250.710846,192.020081,10,2026-09-01T15:35:03.0149248+01:00
296.888733,233.366058,10,2026-09-01T15:35:03.4467328+01:00
292.053802,234.072311,10,2026-09-01T15:35:03.4785792+01:00
281.467682,234.675522,10,2026-09-01T15:35:03.5108864+01:00
272.826447,238.3293,10,2026-09-01T15:35:03.5429248+01:00
267.543427,253.290588,10,2026-09-01T15:35:03.5750784+01:00
262.246185,255.990417,10,2026-09-01T15:35:03.6063872+01:00
261.536957,258.77829,10,2026-09-01T15:35:03.6386688+01:00
262.231415,261.471771,10,2026-09-01T15:35:03.6707584+01:00
262.071869,266.369263,10,2026-09-01T15:35:03.7188352+01:00
262.276794,268.026917,10,2026-09-01T15:35:03.7509376+01:00
263.457336,275.761353,10,2026-09-01T15:35:03.7825152+01:00
266.588654,281.266388,10,2026-09-01T15:35:03.8148992+01:00
269.914246,285.726807,10,2026-09-01T15:35:03.8464000+01:00
271.75592,286.103638,10,2026-09-01T15:35:03.8785536+01:00
273.28006,287.227539,10,2026-09-01T15:35:03.9107200+01:00
272.595276,288.647247,10,2026-09-01T15:35:03.9428480+01:00
272.017151,288.579895,10,2026-09-01T15:35:03.9747712+01:00
270.186035,290.799164,10,2026-09-01T15:35:04.0067456+01:00
268.822815,291.57843,10,2026-09-01T15:35:04.0386688+01:00
268.445099,292.871887,10,2026-09-01T15:35:04.0867200+01:00
270.220001,295.504456,10,2026-09-01T15:35:04.1187840+01:00
273.758026,296.515076,10,2026-09-01T15:35:04.1507328+01:00
280.250458,299.355377,10,2026-09-01T15:35:04.1826048+01:00
287.091492,300.974518,10,2026-09-01T15:35:04.2145792+01:00
293.261688,303.086334,10,2026-09-01T15:35:04.2465920+01:00
291.944672,307.10144,10,2026-09-01T15:35:04.2788096+01:00
212.0112,296.298737,10,2026-09-01T15:35:04.3427584+01:00
268.397491,305.37323,10,2026-09-01T15:35:04.4070016+01:00
353.601166,303.911591,10,2026-09-01T15:35:04.5829376+01:00
170.815125,308.807831,10,2026-09-01T15:35:06.8233856+01:00
76.4493637,310.599152,10,2026-09-01T15:35:06.8879232+01:00
35.6559143,315.945343,10,2026-09-01T15:35:06.9194240+01:00
143.767868,379.13092,10,2026-09-01T15:35:07.9270144+01:00
139.732452,229.024567,10,2026-09-01T15:35:08.0554240+01:00
Value.Item1.X,Value.Item1.Y,Value.Item2,Timestamp
381.265778,129.46817,1,2026-09-01T15:35:26.1681920+01:00
377.826385,134.598267,1,2026-09-01T15:35:26.2007296+01:00
390.423096,135.764679,1,2026-09-01T15:35:26.2328576+01:00
402.063141,132.194489,1,2026-09-01T15:35:26.2642176+01:00
365.829163,137.386459,1,2026-09-01T15:35:26.3444352+01:00
424.413635,127.537956,1,2026-09-01T15:35:26.3764736+01:00
426.11496,118.388885,1,2026-09-01T15:35:26.4083968+01:00
420.215485,117.65889,1,2026-09-01T15:35:26.4403584+01:00
410.335419,115.01226,1,2026-09-01T15:35:26.4720640+01:00
391.404144,118.73185,1,2026-09-01T15:35:26.5043456+01:00
375.508911,124.437904,1,2026-09-01T15:35:26.5361792+01:00
357.49823,137.418854,1,2026-09-01T15:35:26.5681664+01:00
342.983459,152.061996,1,2026-09-01T15:35:26.6003712+01:00
332.370728,168.305511,1,2026-09-01T15:35:26.6321664+01:00
326.414673,180.599533,1,2026-09-01T15:35:26.6808576+01:00
323.738312,185.873718,1,2026-09-01T15:35:26.7122944+01:00
322.772797,188.526245,1,2026-09-01T15:35:26.7444608+01:00
325.962646,189.346252,2,2026-09-01T15:35:26.7761408+01:00
327.7099,188.302872,2,2026-09-01T15:35:26.8081792+01:00
328.834595,187.694778,2,2026-09-01T15:35:26.8405504+01:00
330.448944,187.115555,2,2026-09-01T15:35:26.8720896+01:00
330.781158,184.736877,2,2026-09-01T15:35:26.9044224+01:00
332.492737,183.288528,2,2026-09-01T15:35:26.9366912+01:00
331.923096,183.192154,2,2026-09-01T15:35:26.9683584+01:00
331.551147,182.072601,2,2026-09-01T15:35:27.0006784+01:00
327.225372,184.078491,2,2026-09-01T15:35:27.0483072+01:00
318.577667,183.761978,2,2026-09-01T15:35:27.0803968+01:00
302.17337,185.517654,2,2026-09-01T15:35:27.1123328+01:00
281.14325,189.241409,2,2026-09-01T15:35:27.1443328+01:00
261.964142,196.535065,2,2026-09-01T15:35:27.1764224+01:00
246.859726,207.177277,2,2026-09-01T15:35:27.2082176+01:00
237.117828,217.10437,2,2026-09-01T15:35:27.2405760+01:00
234.452362,225.267059,2,2026-09-01T15:35:27.2723328+01:00
236.656418,232.589966,2,2026-09-01T15:35:27.3044096+01:00
240.93251,239.090271,2,2026-09-01T15:35:27.3366016+01:00
245.053101,246.694489,2,2026-09-01T15:35:27.3687168+01:00
247.741257,256.250916,2,2026-09-01T15:35:27.4163712+01:00
250.573669,263.501862,2,2026-09-01T15:35:27.4485120+01:00
253.716248,267.513916,2,2026-09-01T15:35:27.4804736+01:00
258.637817,265.233734,2,2026-09-01T15:35:27.5125120+01:00
262.606476,261.117767,2,2026-09-01T15:35:27.5447424+01:00
266.497498,258.017151,2,2026-09-01T15:35:27.5765248+01:00
269.994781,256.468628,2,2026-09-01T15:35:27.6087680+01:00
273.786682,256.940308,3,2026-09-01T15:35:27.6403840+01:00
274.622986,260.663788,3,2026-09-01T15:35:27.6727296+01:00
274.175171,267.074188,3,2026-09-01T15:35:27.7047040+01:00
274.027374,274.035553,3,2026-09-01T15:35:27.7368064+01:00
273.438629,282.194824,3,2026-09-01T15:35:27.7845760+01:00
273.449188,285.686066,3,2026-09-01T15:35:27.8163456+01:00
270.855743,286.774719,3,2026-09-01T15:35:27.8484736+01:00
267.833282,281.271271,3,2026-09-01T15:35:27.8805632+01:00
261.831726,274.735962,3,2026-09-01T15:35:27.9124608+01:00
253.604965,266.746033,3,2026-09-01T15:35:27.9448960+01:00
241.437943,256.696503,3,2026-09-01T15:35:27.9764992+01:00
225.170547,247.195618,3,2026-09-01T15:35:28.0083328+01:00
202.105682,244.693771,3,2026-09-01T15:35:28.0403968+01:00
178.941742,247.677032,3,2026-09-01T15:35:28.0722816+01:00
156.843323,251.965698,3,2026-09-01T15:35:28.1046400+01:00
138.469345,258.016907,3,2026-09-01T15:35:28.1525120+01:00
122.482056,265.105896,3,2026-09-01T15:35:28.1850624+01:00
108.544708,272.655609,3,2026-09-01T15:35:28.2165120+01:00
102.923447,278.64267,4,2026-09-01T15:35:28.2487040+01:00
89.656868,310.241364,4,2026-09-01T15:35:28.2805248+01:00
106.793213,282.845703,4,2026-09-01T15:35:28.3127936+01:00
110.602562,280.848389,4,2026-09-01T15:35:28.3446400+01:00
123.1231,278.034729,4,2026-09-01T15:35:28.3764224+01:00
136.712067,274.175079,4,2026-09-01T15:35:28.4088320+01:00
151.253235,270.744141,4,2026-09-01T15:35:28.4407808+01:00
164.863052,266.426666,4,2026-09-01T15:35:28.4727168+01:00
177.804062,263.586304,4,2026-09-01T15:35:28.5043840+01:00
188.632462,260.409149,4,2026-09-01T15:35:28.5526400+01:00
197.815781,256.349426,4,2026-09-01T15:35:28.5847040+01:00
205.095535,252.998978,4,2026-09-01T15:35:28.6163840+01:00
213.240738,249.274048,4,2026-09-01T15:35:28.6488192+01:00
218.841278,245.841904,4,2026-09-01T15:35:28.6806400+01:00
222.316544,241.211243,4,2026-09-01T15:35:28.7130112+01:00
225.374161,238.408539,4,2026-09-01T15:35:28.7446400+01:00
233.697845,230.695145,4,2026-09-01T15:35:28.7773824+01:00
247.532349,210.687881,4,2026-09-01T15:35:28.8084608+01:00
263.541412,174.726944,4,2026-09-01T15:35:28.8404608+01:00
281.064331,131.432709,4,2026-09-01T15:35:28.8725760+01:00
295.252747,87.7835312,4,2026-09-01T15:35:28.9204736+01:00
304.545654,41.6478233,4,2026-09-01T15:35:28.9530112+01:00
298.860657,17.0787086,4,2026-09-01T15:35:28.9852416+01:00
297.030212,4.93781471,4,2026-09-01T15:35:29.0166272+01:00
310.489899,3.46801353,5,2026-09-01T15:35:29.2086016+01:00
314.65033,9.36869907,5,2026-09-01T15:35:29.2409344+01:00
319.184418,17.8756943,5,2026-09-01T15:35:29.2886784+01:00
325.627869,30.7046604,5,2026-09-01T15:35:29.3208448+01:00
331.131195,48.5413742,5,2026-09-01T15:35:29.3525248+01:00
334.953339,71.1612167,5,2026-09-01T15:35:29.3844864+01:00
338.940369,95.4887848,5,2026-09-01T15:35:29.4169216+01:00
345.108154,120.182045,5,2026-09-01T15:35:29.4485888+01:00
354.461731,142.211884,5,2026-09-01T15:35:29.4807552+01:00
368.145844,160.644547,5,2026-09-01T15:35:29.5127296+01:00
381.167297,181.271545,5,2026-09-01T15:35:29.5445248+01:00
392.394043,199.044739,5,2026-09-01T15:35:29.5765760+01:00
394.693573,227.777863,5,2026-09-01T15:35:29.6085120+01:00
396.194733,252.427414,5,2026-09-01T15:35:29.6567936+01:00
390.051941,280.145172,5,2026-09-01T15:35:29.6888320+01:00
382.61615,301.755493,5,2026-09-01T15:35:29.7208832+01:00
376.870972,317.151276,5,2026-09-01T15:35:29.7525120+01:00
372.073975,325.416016,5,2026-09-01T15:35:29.7847808+01:00
370.802612,329.334839,5,2026-09-01T15:35:29.8168064+01:00
371.016022,331.662598,6,2026-09-01T15:35:29.8488832+01:00
374.11554,331.560181,6,2026-09-01T15:35:29.8808320+01:00
376.960815,329.67453,6,2026-09-01T15:35:29.9125632+01:00
381.497498,327.087708,6,2026-09-01T15:35:29.9448960+01:00
386.240417,323.044342,6,2026-09-01T15:35:29.9773952+01:00
390.091339,319.056,6,2026-09-01T15:35:30.0250496+01:00
396.563263,313.412292,6,2026-09-01T15:35:30.0564736+01:00
397.167725,307.342072,6,2026-09-01T15:35:30.0889472+01:00
398.897827,297.71933,6,2026-09-01T15:35:30.1205632+01:00
396.136017,285.297424,6,2026-09-01T15:35:30.1524992+01:00
389.397552,272.37207,6,2026-09-01T15:35:30.1848320+01:00
375.591675,259.287628,6,2026-09-01T15:35:30.2167552+01:00
356.02417,248.559677,6,2026-09-01T15:35:30.2491776+01:00
333.189026,237.604095,6,2026-09-01T15:35:30.2806528+01:00
304.699554,229.925705,6,2026-09-01T15:35:30.3131008+01:00
270.475525,224.374954,6,2026-09-01T15:35:30.3449984+01:00
235.822296,211.072891,6,2026-09-01T15:35:30.3929216+01:00
203.116852,188.534058,6,2026-09-01T15:35:30.4249728+01:00
170.167114,157.317947,6,2026-09-01T15:35:30.4568448+01:00
142.715149,120.637108,6,2026-09-01T15:35:30.4891520+01:00
121.481812,89.0691223,6,2026-09-01T15:35:30.5209856+01:00
106.355476,67.6044693,6,2026-09-01T15:35:30.5529472+01:00
95.3647385,25.4082375,6,2026-09-01T15:35:30.5849344+01:00
103.703636,25.8498268,6,2026-09-01T15:35:30.6171904+01:00
110.237648,43.0569611,6,2026-09-01T15:35:30.6490496+01:00
120.407471,55.6890373,7,2026-09-01T15:35:30.6806912+01:00
126.76786,55.667057,7,2026-09-01T15:35:30.7127168+01:00
131.537109,55.2468376,7,2026-09-01T15:35:30.7451520+01:00
136.839172,55.1087341,7,2026-09-01T15:35:30.7929344+01:00
139.483704,55.9555283,7,2026-09-01T15:35:30.8248448+01:00
143.221313,59.0997887,7,2026-09-01T15:35:30.8571520+01:00
144.594162,71.2723007,7,2026-09-01T15:35:30.8889088+01:00
141.490814,74.87603,7,2026-09-01T15:35:30.9211264+01:00
140.55162,68.4171448,7,2026-09-01T15:35:30.9528832+01:00
141.468246,112.621864,7,2026-09-01T15:35:30.9849472+01:00
157.169067,145.853104,7,2026-09-01T15:35:31.0174720+01:00
175.739578,168.998215,7,2026-09-01T15:35:31.0491648+01:00
201.619583,191.167709,7,2026-09-01T15:35:31.0809600+01:00
228.624329,209.882507,7,2026-09-01T15:35:31.1131136+01:00
254.392563,223.348495,7,2026-09-01T15:35:31.1611392+01:00
277.139709,232.31546,7,2026-09-01T15:35:31.1931264+01:00
295.556885,236.935852,7,2026-09-01T15:35:31.2252288+01:00
312.633881,238.396591,7,2026-09-01T15:35:31.2571008+01:00
326.736908,237.578583,7,2026-09-01T15:35:31.2891392+01:00
339.658722,231.820541,7,2026-09-01T15:35:31.3209344+01:00
350.450348,225.864609,7,2026-09-01T15:35:31.3526912+01:00
359.987152,220.168762,7,2026-09-01T15:35:31.3850752+01:00
367.189209,217.894455,7,2026-09-01T15:35:31.4171392+01:00
371.934387,216.761658,7,2026-09-01T15:35:31.4492160+01:00
376.968201,218.125412,7,2026-09-01T15:35:31.4807680+01:00
379.993256,223.953049,8,2026-09-01T15:35:31.5289344+01:00
383.666565,228.881683,8,2026-09-01T15:35:31.5614080+01:00
386.033722,233.723145,8,2026-09-01T15:35:31.5929728+01:00
389.320099,235.833069,8,2026-09-01T15:35:31.6252160+01:00
391.626282,235.928986,8,2026-09-01T15:35:31.6571264+01:00
389.78891,233.208084,8,2026-09-01T15:35:31.6886528+01:00
387.298798,227.907013,8,2026-09-01T15:35:31.7210112+01:00
381.655212,220.64003,8,2026-09-01T15:35:31.7528704+01:00
366.230072,217.615143,8,2026-09-01T15:35:31.7852416+01:00
348.766388,210.511948,8,2026-09-01T15:35:31.8173056+01:00
323.62088,200.556625,8,2026-09-01T15:35:31.8490112+01:00
290.95871,189.331619,8,2026-09-01T15:35:31.8974592+01:00
255.595261,181.371826,8,2026-09-01T15:35:31.9286016+01:00
218.921143,174.305969,8,2026-09-01T15:35:31.9609344+01:00
182.772995,174.654465,8,2026-09-01T15:35:31.9927552+01:00
147.818298,179.448563,8,2026-09-01T15:35:32.0253440+01:00
118.900482,176.838943,8,2026-09-01T15:35:32.0571136+01:00
121.7658,187.503036,8,2026-09-01T15:35:32.0891008+01:00
42.5663567,205.544556,8,2026-09-01T15:35:32.1206912+01:00
38.1234779,203.801102,8,2026-09-01T15:35:32.1530496+01:00
43.497612,204.230591,9,2026-09-01T15:35:32.1851520+01:00
53.4286499,205.812607,9,2026-09-01T15:35:32.2173056+01:00
98.0875168,149.685165,9,2026-09-01T15:35:32.2654464+01:00
111.807396,172.35759,9,2026-09-01T15:35:32.2970240+01:00
140.099243,190.73793,9,2026-09-01T15:35:32.3290496+01:00
162.296341,191.770294,9,2026-09-01T15:35:32.3608320+01:00
184.517471,191.234833,9,2026-09-01T15:35:32.3934208+01:00
203.246262,189.983902,9,2026-09-01T15:35:32.4252800+01:00
219.148346,190.066803,9,2026-09-01T15:35:32.4570880+01:00
234.753876,193.300629,9,2026-09-01T15:35:32.4888448+01:00
253.573868,192.684067,9,2026-09-01T15:35:32.5210880+01:00
279.201813,189.14534,9,2026-09-01T15:35:32.5532800+01:00
309.607056,183.478714,9,2026-09-01T15:35:32.5852800+01:00
337.986298,181.920578,9,2026-09-01T15:35:32.6331776+01:00
365.861053,183.761795,9,2026-09-01T15:35:32.6648320+01:00
393.1026,186.817017,9,2026-09-01T15:35:32.6970240+01:00
436.087067,185.529022,9,2026-09-01T15:35:32.7610240+01:00
445.066711,194.763016,9,2026-09-01T15:35:32.7930624+01:00
454.391754,195.188309,9,2026-09-01T15:35:32.8256000+01:00
455.759369,192.46524,9,2026-09-01T15:35:32.8571520+01:00
459.942596,190.059219,9,2026-09-01T15:35:32.8889472+01:00
456.266296,188.191467,10,2026-09-01T15:35:32.9211008+01:00
450.325836,187.373505,10,2026-09-01T15:35:32.9536128+01:00
445.941376,185.274261,10,2026-09-01T15:35:32.9853312+01:00
433.326538,183.206406,10,2026-09-01T15:35:33.0330624+01:00
418.107361,183.774277,10,2026-09-01T15:35:33.0653696+01:00
398.826813,186.461563,10,2026-09-01T15:35:33.0971392+01:00
379.362885,189.369141,10,2026-09-01T15:35:33.1292032+01:00
361.9776,190.721848,10,2026-09-01T15:35:33.1615360+01:00
344.961639,193.09462,10,2026-09-01T15:35:33.1933568+01:00
327.548004,193.302185,10,2026-09-01T15:35:33.2258048+01:00
309.520416,191.327469,10,2026-09-01T15:35:33.2575104+01:00
289.989624,191.352585,10,2026-09-01T15:35:33.2893952+01:00
269.80127,197.805939,10,2026-09-01T15:35:33.3214336+01:00
250.046188,207.572357,10,2026-09-01T15:35:33.3534848+01:00
231.216324,216.328064,10,2026-09-01T15:35:33.4017792+01:00
215.686951,222.339325,10,2026-09-01T15:35:33.4331648+01:00
201.995026,225.807709,10,2026-09-01T15:35:33.4653440+01:00
186.379272,228.434097,10,2026-09-01T15:35:33.4976000+01:00
166.975418,231.832993,10,2026-09-01T15:35:33.5290752+01:00
142.96875,236.179169,10,2026-09-01T15:35:33.5618304+01:00
116.955315,238.851242,10,2026-09-01T15:35:33.5932928+01:00
86.10952,239.594009,10,2026-09-01T15:35:33.6256640+01:00
49.6396217,242.712616,10,2026-09-01T15:35:33.6577152+01:00
22.0732746,251.047195,10,2026-09-01T15:35:33.6891520+01:00
Value.Item1.X,Value.Item1.Y,Value.Item2,Timestamp
479.258575,250.095673,1,2026-09-01T15:35:47.2479232+01:00
472.976013,237.843735,1,2026-09-01T15:35:47.2799488+01:00
463.413696,228.964005,1,2026-09-01T15:35:47.3115392+01:00
452.012299,223.925339,1,2026-09-01T15:35:47.3443328+01:00
440.897308,220.850525,1,2026-09-01T15:35:47.3758720+01:00
428.640015,218.203384,1,2026-09-01T15:35:47.4077056+01:00
416.660248,215.165039,1,2026-09-01T15:35:47.4399488+01:00
400.572662,210.827972,1,2026-09-01T15:35:47.4717056+01:00
383.10849,205.521805,1,2026-09-01T15:35:47.5202816+01:00
366.129364,201.05896,1,2026-09-01T15:35:47.5521408+01:00
351.771698,194.580017,1,2026-09-01T15:35:47.5838336+01:00
339.150909,186.73671,1,2026-09-01T15:35:47.6159488+01:00
328.445801,180.703857,1,2026-09-01T15:35:47.6477440+01:00
321.552032,177.440659,1,2026-09-01T15:35:47.6799104+01:00
323.542633,172.202896,1,2026-09-01T15:35:47.7116544+01:00
333.536316,163.6819,1,2026-09-01T15:35:47.7440256+01:00
351.540588,151.714981,1,2026-09-01T15:35:47.7758208+01:00
370.417694,141.104965,1,2026-09-01T15:35:47.8083072+01:00
389.619354,132.31546,1,2026-09-01T15:35:47.8396416+01:00
407.91214,123.537064,1,2026-09-01T15:35:47.8718080+01:00
425.482208,116.860718,1,2026-09-01T15:35:47.9199360+01:00
441.957733,112.20739,1,2026-09-01T15:35:47.9520640+01:00
458.654236,110.510002,1,2026-09-01T15:35:47.9844608+01:00
475.47998,110.800819,1,2026-09-01T15:35:48.0160256+01:00
488.902618,111.992226,1,2026-09-01T15:35:48.0478976+01:00
496.322388,114.578468,1,2026-09-01T15:35:48.0802304+01:00
500.606262,116.333633,1,2026-09-01T15:35:48.1122944+01:00
499.912354,116.357117,1,2026-09-01T15:35:48.1439104+01:00
497.224945,118.303215,2,2026-09-01T15:35:48.1759872+01:00
493.65387,121.785538,2,2026-09-01T15:35:48.2078208+01:00
489.279053,125.917305,2,2026-09-01T15:35:48.2397952+01:00
484.296661,126.22937,2,2026-09-01T15:35:48.2882560+01:00
477.333252,126.213608,2,2026-09-01T15:35:48.3202560+01:00
468.212555,125.496712,2,2026-09-01T15:35:48.3517952+01:00
457.475647,123.77166,2,2026-09-01T15:35:48.3840256+01:00
444.708862,120.215546,2,2026-09-01T15:35:48.4163968+01:00
428.687225,112.671211,2,2026-09-01T15:35:48.4482944+01:00
410.866241,106.27243,2,2026-09-01T15:35:48.4809088+01:00
390.492188,103.06012,2,2026-09-01T15:35:48.5123456+01:00
376.310516,101.94442,2,2026-09-01T15:35:48.5438592+01:00
372.374725,108.998627,2,2026-09-01T15:35:48.5762944+01:00
378.121948,119.336639,2,2026-09-01T15:35:48.6077952+01:00
390.220276,133.023224,2,2026-09-01T15:35:48.6559744+01:00
406.870239,152.135986,2,2026-09-01T15:35:48.6877952+01:00
426.259705,171.341125,2,2026-09-01T15:35:48.7202048+01:00
444.330963,190.931808,2,2026-09-01T15:35:48.7516800+01:00
462.194824,210.813736,2,2026-09-01T15:35:48.7843456+01:00
475.669678,231.070297,2,2026-09-01T15:35:48.8160896+01:00
484.305115,248.276611,2,2026-09-01T15:35:48.8480768+01:00
487.951355,263.229401,2,2026-09-01T15:35:48.8800512+01:00
491.541779,273.637909,2,2026-09-01T15:35:48.9117184+01:00
491.947662,280.596893,2,2026-09-01T15:35:48.9441792+01:00
493.073639,282.935638,2,2026-09-01T15:35:48.9761024+01:00
493.483551,282.094269,2,2026-09-01T15:35:49.0238208+01:00
491.613281,277.749115,3,2026-09-01T15:35:49.0562560+01:00
487.759186,270.80011,3,2026-09-01T15:35:49.0882560+01:00
480.933502,261.302612,3,2026-09-01T15:35:49.1199872+01:00
469.828644,251.960739,3,2026-09-01T15:35:49.1522176+01:00
456.995148,244.652863,3,2026-09-01T15:35:49.1839872+01:00
442.523865,238.214203,3,2026-09-01T15:35:49.2163200+01:00
429.961975,231.036057,3,2026-09-01T15:35:49.2481536+01:00
417.302521,224.718933,3,2026-09-01T15:35:49.2804864+01:00
403.115662,219.199875,3,2026-09-01T15:35:49.3121280+01:00
386.31134,213.560745,3,2026-09-01T15:35:49.3439232+01:00
369.685181,204.075439,3,2026-09-01T15:35:49.3926144+01:00
351.875275,194.032272,3,2026-09-01T15:35:49.4241792+01:00
339.56543,177.017685,3,2026-09-01T15:35:49.4568960+01:00
331.61087,153.518219,3,2026-09-01T15:35:49.4881024+01:00
323.863953,131.74382,3,2026-09-01T15:35:49.5198336+01:00
318.83606,111.817368,3,2026-09-01T15:35:49.5524224+01:00
314.973663,95.8068695,3,2026-09-01T15:35:49.5843072+01:00
312.990112,85.0463257,3,2026-09-01T15:35:49.6160768+01:00
312.249634,79.1941757,3,2026-09-01T15:35:49.6479872+01:00
311.184204,77.4726944,3,2026-09-01T15:35:49.6798720+01:00
308.739899,80.9537964,3,2026-09-01T15:35:49.7121536+01:00
303.942261,87.3991852,3,2026-09-01T15:35:49.7601152+01:00
296.84317,95.9670181,3,2026-09-01T15:35:49.7921920+01:00
288.422943,106.533539,3,2026-09-01T15:35:49.8241024+01:00
278.633911,117.087593,3,2026-09-01T15:35:49.8559872+01:00
268.020721,130.24585,4,2026-09-01T15:35:49.8885120+01:00
256.936401,145.609955,4,2026-09-01T15:35:49.9200640+01:00
245.487381,162.068375,4,2026-09-01T15:35:49.9520768+01:00
234.125992,175.691513,4,2026-09-01T15:35:49.9840256+01:00
222.449219,186.958969,4,2026-09-01T15:35:50.0164352+01:00
207.771362,167.546295,4,2026-09-01T15:35:50.0483072+01:00
200.882645,185.721817,4,2026-09-01T15:35:50.0804224+01:00
227.446808,193.295944,4,2026-09-01T15:35:50.1125504+01:00
247.420517,187.651901,4,2026-09-01T15:35:50.1603200+01:00
268.875336,179.354797,4,2026-09-01T15:35:50.1919488+01:00
286.838837,169.32103,4,2026-09-01T15:35:50.2238848+01:00
300.245026,160.182419,4,2026-09-01T15:35:50.2563456+01:00
307.427277,152.867569,4,2026-09-01T15:35:50.2882560+01:00
316.49707,151.179123,4,2026-09-01T15:35:50.3204096+01:00
334.563995,159.206085,4,2026-09-01T15:35:50.3528704+01:00
356.053864,171.197601,4,2026-09-01T15:35:50.3842816+01:00
377.784424,190.720337,4,2026-09-01T15:35:50.4162816+01:00
400.876251,214.077347,4,2026-09-01T15:35:50.4480128+01:00
419.505737,238.495605,4,2026-09-01T15:35:50.4799232+01:00
434.857635,262.188477,4,2026-09-01T15:35:50.5288064+01:00
449.044098,282.518677,4,2026-09-01T15:35:50.5603456+01:00
459.365387,297.506287,4,2026-09-01T15:35:50.5922048+01:00
468.299438,305.827972,4,2026-09-01T15:35:50.6244992+01:00
476.070404,310.653442,4,2026-09-01T15:35:50.6564352+01:00
486.237,310.252686,4,2026-09-01T15:35:50.6881024+01:00
497.684937,306.808929,4,2026-09-01T15:35:50.7204224+01:00
507.224426,302.175354,4,2026-09-01T15:35:50.7522048+01:00
517.278992,296.484009,4,2026-09-01T15:35:50.7843712+01:00
528.117798,288.005249,4,2026-09-01T15:35:50.8164736+01:00
540.610535,278.749573,4,2026-09-01T15:35:50.8483712+01:00
552.200317,268.980896,4,2026-09-01T15:35:50.8966144+01:00
565.473633,257.627289,4,2026-09-01T15:35:50.9283200+01:00
572.013489,251.967804,5,2026-09-01T15:35:50.9604864+01:00
575.023071,248.962646,5,2026-09-01T15:35:50.9922048+01:00
573.022522,249.575455,5,2026-09-01T15:35:51.0244352+01:00
567.964417,250.861084,5,2026-09-01T15:35:51.0567424+01:00
558.095093,252.617584,5,2026-09-01T15:35:51.0883328+01:00
543.322021,251.17012,5,2026-09-01T15:35:51.1203584+01:00
523.900818,245.353973,5,2026-09-01T15:35:51.1524480+01:00
499.004211,240.781021,5,2026-09-01T15:35:51.1844352+01:00
469.254608,236.660141,5,2026-09-01T15:35:51.2166400+01:00
435.893585,231.454285,5,2026-09-01T15:35:51.2641024+01:00
400.402374,229.304901,5,2026-09-01T15:35:51.2960768+01:00
365.934174,228.452301,5,2026-09-01T15:35:51.3293440+01:00
331.01297,230.973068,5,2026-09-01T15:35:51.3602304+01:00
308.408661,234.489502,5,2026-09-01T15:35:51.3923456+01:00
294.615753,232.233002,5,2026-09-01T15:35:51.4249216+01:00
284.812683,223.356918,5,2026-09-01T15:35:51.4562560+01:00
275.210571,208.957092,5,2026-09-01T15:35:51.4886144+01:00
266.305939,186.666809,5,2026-09-01T15:35:51.5204864+01:00
263.413177,153.888702,5,2026-09-01T15:35:51.5525504+01:00
260.661499,119.220558,5,2026-09-01T15:35:51.5849088+01:00
255.551071,86.8535461,5,2026-09-01T15:35:51.6325376+01:00
249.947769,56.0905075,5,2026-09-01T15:35:51.6642816+01:00
240.555695,31.3478813,5,2026-09-01T15:35:51.6962944+01:00
228.143982,20.1419373,5,2026-09-01T15:35:51.7282944+01:00
217.429642,14.6154842,5,2026-09-01T15:35:51.7602432+01:00
210.280655,13.5773983,5,2026-09-01T15:35:51.7922688+01:00
207.29425,16.1638546,5,2026-09-01T15:35:51.8241664+01:00
206.202057,19.4399643,6,2026-09-01T15:35:51.8563968+01:00
206.042892,21.097683,6,2026-09-01T15:35:51.8891776+01:00
205.438736,21.8518772,6,2026-09-01T15:35:51.9204480+01:00
205.573029,22.6778545,6,2026-09-01T15:35:51.9522304+01:00
203.317169,24.1901474,6,2026-09-01T15:35:52.0003840+01:00
196.494431,25.906004,6,2026-09-01T15:35:52.0322048+01:00
195.785706,28.4974422,6,2026-09-01T15:35:52.0644096+01:00
201.408112,35.3351021,6,2026-09-01T15:35:52.0966656+01:00
206.146606,45.325943,6,2026-09-01T15:35:52.1287296+01:00
209.388351,62.1135788,6,2026-09-01T15:35:52.1607680+01:00
211.174927,86.8616867,6,2026-09-01T15:35:52.1925504+01:00
211.830154,113.211472,6,2026-09-01T15:35:52.2246016+01:00
217.339386,131.961624,6,2026-09-01T15:35:52.2566528+01:00
237.808914,145.779861,6,2026-09-01T15:35:52.2882688+01:00
275.589417,164.343704,6,2026-09-01T15:35:52.3205632+01:00
318.894897,192.641739,6,2026-09-01T15:35:52.3524608+01:00
354.974487,228.022324,6,2026-09-01T15:35:52.4002560+01:00
387.63623,265.093536,6,2026-09-01T15:35:52.4325248+01:00
408.280945,299.901306,6,2026-09-01T15:35:52.4642432+01:00
423.534546,323.61084,6,2026-09-01T15:35:52.4961152+01:00
434.90036,332.386261,6,2026-09-01T15:35:52.5284736+01:00
443.587677,333.782135,6,2026-09-01T15:35:52.5603456+01:00
449.088531,332.732147,6,2026-09-01T15:35:52.5926784+01:00
451.722351,330.883942,6,2026-09-01T15:35:52.6248448+01:00
451.964844,329.472198,6,2026-09-01T15:35:52.6566912+01:00
450.089508,329.311676,6,2026-09-01T15:35:52.6885120+01:00
447.726501,330.085052,6,2026-09-01T15:35:52.7204224+01:00
443.556946,331.255859,6,2026-09-01T15:35:52.7686528+01:00
437.951508,332.67691,6,2026-09-01T15:35:52.8004224+01:00
430.182343,333.740448,6,2026-09-01T15:35:52.8325248+01:00
419.004517,335.250702,6,2026-09-01T15:35:52.8648192+01:00
404.908752,337.277985,6,2026-09-01T15:35:52.8968960+01:00
389.062469,340.745972,6,2026-09-01T15:35:52.9285632+01:00
375.467285,345.305511,6,2026-09-01T15:35:52.9604608+01:00
366.816772,348.314636,6,2026-09-01T15:35:52.9927168+01:00
363.509857,349.509918,7,2026-09-01T15:35:53.0244352+01:00
362.49118,348.641266,7,2026-09-01T15:35:53.0566400+01:00
363.246063,345.502563,7,2026-09-01T15:35:53.0885888+01:00
363.461426,339.896942,7,2026-09-01T15:35:53.1367680+01:00
363.37854,330.390625,7,2026-09-01T15:35:53.1684864+01:00
361.410156,316.224945,7,2026-09-01T15:35:53.2004096+01:00
354.71814,294.88089,7,2026-09-01T15:35:53.2324224+01:00
342.401306,270.311859,7,2026-09-01T15:35:53.2644608+01:00
325.206879,242.955307,7,2026-09-01T15:35:53.2965632+01:00
304.065125,220.997955,7,2026-09-01T15:35:53.3289472+01:00
285.197693,203.320801,7,2026-09-01T15:35:53.3608064+01:00
272.250671,181.435196,7,2026-09-01T15:35:53.3924864+01:00
302.379883,180.635086,7,2026-09-01T15:35:53.4249344+01:00
338.644928,180.971085,7,2026-09-01T15:35:53.4567680+01:00
378.304321,188.897812,7,2026-09-01T15:35:53.5047296+01:00
414.346466,206.184418,7,2026-09-01T15:35:53.5364480+01:00
445.847565,222.839844,7,2026-09-01T15:35:53.5686272+01:00
474.850006,239.193024,7,2026-09-01T15:35:53.6003072+01:00
497.130737,252.991287,7,2026-09-01T15:35:53.6329984+01:00
514.948181,262.237885,7,2026-09-01T15:35:53.6646528+01:00
529.260498,266.970184,7,2026-09-01T15:35:53.6966528+01:00
540.37738,274.031219,7,2026-09-01T15:35:53.7285120+01:00
548.728638,282.390869,7,2026-09-01T15:35:53.7662080+01:00
555.192993,290.310699,7,2026-09-01T15:35:53.7932672+01:00
559.651794,297.292755,7,2026-09-01T15:35:53.8243712+01:00
565.493286,301.121185,7,2026-09-01T15:35:53.8732672+01:00
570.083801,300.686493,7,2026-09-01T15:35:53.9049856+01:00
574.109131,297.994141,8,2026-09-01T15:35:53.9366144+01:00
576.002258,292.971741,8,2026-09-01T15:35:53.9684352+01:00
571.768738,288.414978,8,2026-09-01T15:35:54.0006400+01:00
566.651794,282.863434,8,2026-09-01T15:35:54.0328192+01:00
557.06488,277.505188,8,2026-09-01T15:35:54.0642432+01:00
544.581177,273.289307,8,2026-09-01T15:35:54.0967040+01:00
526.928772,271.502228,8,2026-09-01T15:35:54.1283712+01:00
503.432129,268.659882,8,2026-09-01T15:35:54.1608960+01:00
474.069092,263.82132,8,2026-09-01T15:35:54.1927424+01:00
433.708893,258.701233,8,2026-09-01T15:35:54.2418816+01:00
392.378967,252.054626,8,2026-09-01T15:35:54.2732032+01:00
346.353058,245.394424,8,2026-09-01T15:35:54.3045632+01:00
294.680237,248.417358,8,2026-09-01T15:35:54.3368704+01:00
250.088669,260.181213,8,2026-09-01T15:35:54.3683968+01:00
209.393188,272.069763,8,2026-09-01T15:35:54.4008960+01:00
175.135391,276.608948,8,2026-09-01T15:35:54.4327168+01:00
151.057266,276.1987,8,2026-09-01T15:35:54.4647552+01:00
140.903488,282.932007,8,2026-09-01T15:35:54.4966528+01:00
129.279785,255.821411,9,2026-09-01T15:35:54.6731136+01:00
145.813217,250.509323,9,2026-09-01T15:35:54.7047680+01:00
165.167068,242.034485,9,2026-09-01T15:35:54.7368320+01:00
183.990738,227.425064,9,2026-09-01T15:35:54.7685888+01:00
199.774704,208.235687,9,2026-09-01T15:35:54.8007040+01:00
210.962631,199.147537,9,2026-09-01T15:35:54.8326528+01:00
228.974976,188.135818,9,2026-09-01T15:35:54.8648064+01:00
249.967896,181.474503,9,2026-09-01T15:35:54.8967424+01:00
276.66275,172.570618,9,2026-09-01T15:35:54.9287296+01:00
303.739441,161.942459,9,2026-09-01T15:35:54.9611520+01:00
329.301941,148.761795,9,2026-09-01T15:35:55.0087936+01:00
349.227234,137.988892,9,2026-09-01T15:35:55.0409472+01:00
361.126495,133.625351,9,2026-09-01T15:35:55.0729216+01:00
364.896423,135.804626,9,2026-09-01T15:35:55.1049600+01:00
362.90509,142.195816,9,2026-09-01T15:35:55.1367168+01:00
356.732086,153.297577,9,2026-09-01T15:35:55.1690240+01:00
349.421692,163.672501,9,2026-09-01T15:35:55.2009216+01:00
345.242218,166.031769,9,2026-09-01T15:35:55.2332928+01:00
341.599701,171.33757,9,2026-09-01T15:35:55.2647680+01:00
337.487518,174.703766,9,2026-09-01T15:35:55.2968832+01:00
340.628021,171.854385,9,2026-09-01T15:35:55.3286272+01:00
337.29364,174.730988,10,2026-09-01T15:35:55.3772544+01:00
335.429199,174.611176,10,2026-09-01T15:35:55.4092544+01:00
334.819244,178.289642,10,2026-09-01T15:35:55.4412288+01:00
335.981628,176.47583,10,2026-09-01T15:35:55.4729856+01:00
331.365753,174.028214,10,2026-09-01T15:35:55.5052288+01:00
337.179657,162.193253,10,2026-09-01T15:35:55.5368448+01:00
337.378204,158.380783,10,2026-09-01T15:35:55.5691392+01:00
333.802399,150.547729,10,2026-09-01T15:35:55.6010880+01:00
319.705933,142.20488,10,2026-09-01T15:35:55.6329472+01:00
319.53064,143.150665,10,2026-09-01T15:35:55.6651008+01:00
319.232849,135.563828,10,2026-09-01T15:35:55.6975104+01:00
311.852478,148.788651,10,2026-09-01T15:35:55.7453568+01:00
303.731689,135.373611,10,2026-09-01T15:35:55.7774592+01:00
293.410736,121.728462,10,2026-09-01T15:35:55.8087552+01:00
275.680328,102.581062,10,2026-09-01T15:35:55.8413184+01:00
257.906494,94.9046326,10,2026-09-01T15:35:55.8732416+01:00
257.03479,97.1063538,10,2026-09-01T15:35:55.9051264+01:00
236.272034,85.4429092,10,2026-09-01T15:35:55.9373568+01:00
208.619125,68.9048157,10,2026-09-01T15:35:55.9691904+01:00
169.004196,47.9506912,10,2026-09-01T15:35:56.0013184+01:00
128.218018,37.7222214,10,2026-09-01T15:35:56.0329088+01:00
Value.Item1.X,Value.Item1.Y,Value.Item2,Timestamp
57.4348145,360.080444,1,2026-09-01T15:36:09.3048448+01:00
54.1022682,357.368469,1,2026-09-01T15:36:09.3362816+01:00
53.6770935,352.40918,1,2026-09-01T15:36:09.3687424+01:00
59.4066582,342.830139,1,2026-09-01T15:36:09.4168704+01:00
67.3617554,322.890656,1,2026-09-01T15:36:09.4483968+01:00
82.2928467,311.948242,1,2026-09-01T15:36:09.4804352+01:00
93.7147446,307.356812,1,2026-09-01T15:36:09.5128576+01:00
101.777985,289.823364,1,2026-09-01T15:36:09.5444480+01:00
111.851303,287.447174,1,2026-09-01T15:36:09.5765632+01:00
127.936592,288.651489,1,2026-09-01T15:36:09.6088320+01:00
155.762222,302.12442,1,2026-09-01T15:36:09.6408576+01:00
190.038086,306.193176,1,2026-09-01T15:36:09.6726144+01:00
225.902313,307.440857,1,2026-09-01T15:36:09.7046144+01:00
257.367188,307.604584,1,2026-09-01T15:36:09.7364736+01:00
281.573151,304.895477,1,2026-09-01T15:36:09.7845376+01:00
297.280914,302.148254,1,2026-09-01T15:36:09.8163840+01:00
303.404541,299.492584,1,2026-09-01T15:36:09.8481664+01:00
304.13504,295.940521,1,2026-09-01T15:36:09.8804864+01:00
302.831146,291.640106,1,2026-09-01T15:36:09.9134208+01:00
298.931427,289.62851,1,2026-09-01T15:36:09.9448960+01:00
293.908875,288.72464,2,2026-09-01T15:36:09.9766528+01:00
290.5336,287.012512,2,2026-09-01T15:36:10.0091520+01:00
291.943146,285.371124,2,2026-09-01T15:36:10.0407424+01:00
298.417694,281.794189,2,2026-09-01T15:36:10.0728704+01:00
309.182922,277.175293,2,2026-09-01T15:36:10.1044352+01:00
323.832916,268.97113,2,2026-09-01T15:36:10.1530880+01:00
338.224945,260.612244,2,2026-09-01T15:36:10.1847808+01:00
349.998657,253.617523,2,2026-09-01T15:36:10.2169600+01:00
358.998413,246.938126,2,2026-09-01T15:36:10.2485376+01:00
365.756012,243.04071,2,2026-09-01T15:36:10.2805120+01:00
374.758942,238.393692,2,2026-09-01T15:36:10.3124992+01:00
386.791016,234.136353,2,2026-09-01T15:36:10.3448192+01:00
398.116394,235.929169,2,2026-09-01T15:36:10.3764992+01:00
405.338257,247.171173,2,2026-09-01T15:36:10.4086784+01:00
408.529633,264.757721,2,2026-09-01T15:36:10.4409472+01:00
405.4953,287.881744,2,2026-09-01T15:36:10.4729344+01:00
400.887695,307.331909,2,2026-09-01T15:36:10.5212800+01:00
396.590668,317.54364,2,2026-09-01T15:36:10.5531264+01:00
394.804626,320.063324,3,2026-09-01T15:36:10.5844352+01:00
394.984222,316.234161,3,2026-09-01T15:36:10.6164992+01:00
397.684753,308.962494,3,2026-09-01T15:36:10.6486784+01:00
401.264374,299.665222,3,2026-09-01T15:36:10.6807808+01:00
404.603149,288.878815,3,2026-09-01T15:36:10.7128192+01:00
408.812592,274.527832,3,2026-09-01T15:36:10.7448704+01:00
411.989716,261.509003,3,2026-09-01T15:36:10.7767168+01:00
414.205566,248.831039,3,2026-09-01T15:36:10.8086272+01:00
415.144775,234.966507,3,2026-09-01T15:36:10.8406656+01:00
416.845154,220.715363,3,2026-09-01T15:36:10.8887680+01:00
419.047791,206.642105,3,2026-09-01T15:36:10.9208832+01:00
423.291046,192.421051,3,2026-09-01T15:36:10.9530496+01:00
427.085358,184.972916,3,2026-09-01T15:36:10.9844608+01:00
435.377686,191.224442,3,2026-09-01T15:36:11.0166016+01:00
440.07251,210.529037,3,2026-09-01T15:36:11.0483840+01:00
441.125458,239.952606,3,2026-09-01T15:36:11.0815104+01:00
436.538788,270.55835,3,2026-09-01T15:36:11.1127168+01:00
430.675415,296.992523,3,2026-09-01T15:36:11.1446528+01:00
427.214325,316.4841,3,2026-09-01T15:36:11.1769344+01:00
423.106354,333.282867,3,2026-09-01T15:36:11.2087808+01:00
420.496307,342.337555,3,2026-09-01T15:36:11.2411520+01:00
446.159668,341.168182,3,2026-09-01T15:36:11.2887808+01:00
449.304901,344.737457,3,2026-09-01T15:36:11.3206272+01:00
453.049744,346.23526,4,2026-09-01T15:36:11.3527808+01:00
439.504944,349.692261,4,2026-09-01T15:36:11.3847680+01:00
443.219574,348.345398,4,2026-09-01T15:36:11.4165120+01:00
450.498016,343.908203,4,2026-09-01T15:36:11.4488064+01:00
460.345123,331.392639,4,2026-09-01T15:36:11.4811392+01:00
468.781464,316.695648,4,2026-09-01T15:36:11.5128704+01:00
475.144012,304.864929,4,2026-09-01T15:36:11.5446656+01:00
478.447266,291.5336,4,2026-09-01T15:36:11.5770368+01:00
483.87326,277.659271,4,2026-09-01T15:36:11.6086144+01:00
488.070465,259.125519,4,2026-09-01T15:36:11.6570240+01:00
489.615509,237.452911,4,2026-09-01T15:36:11.6887808+01:00
488.134033,213.599731,4,2026-09-01T15:36:11.7209344+01:00
481.147369,191.077805,4,2026-09-01T15:36:11.7531264+01:00
466.448822,177.073593,4,2026-09-01T15:36:11.7850496+01:00
446.406372,175.962234,4,2026-09-01T15:36:11.8167936+01:00
414.55835,186.244705,4,2026-09-01T15:36:11.8487936+01:00
379.480377,185.644165,4,2026-09-01T15:36:11.8816640+01:00
344.604187,163.757919,4,2026-09-01T15:36:11.9127168+01:00
312.524109,126.456398,4,2026-09-01T15:36:11.9449728+01:00
286.834076,82.8652878,4,2026-09-01T15:36:11.9772160+01:00
264.813263,44.5512772,4,2026-09-01T15:36:12.0249984+01:00
241.742096,28.3695583,4,2026-09-01T15:36:12.0568448+01:00
226.768951,22.4588947,4,2026-09-01T15:36:12.0886912+01:00
219.563736,23.8415737,4,2026-09-01T15:36:12.1209728+01:00
216.669128,34.4788399,4,2026-09-01T15:36:12.1531008+01:00
213.906235,54.3280411,4,2026-09-01T15:36:12.1848064+01:00
207.130875,74.274437,4,2026-09-01T15:36:12.2166656+01:00
200.385178,76.77034,4,2026-09-01T15:36:12.2489856+01:00
196.209335,90.4099121,4,2026-09-01T15:36:12.2806528+01:00
202.710037,96.6784363,4,2026-09-01T15:36:12.3129344+01:00
222.677872,107.338982,4,2026-09-01T15:36:12.3445888+01:00
228.737915,109.129433,4,2026-09-01T15:36:12.3932288+01:00
229.1259,112.208931,4,2026-09-01T15:36:12.4245760+01:00
220.108597,109.888832,5,2026-09-01T15:36:12.4569856+01:00
233.495193,123.873604,5,2026-09-01T15:36:12.4889984+01:00
213.386871,128.23819,5,2026-09-01T15:36:12.5211392+01:00
196.237045,126.285469,5,2026-09-01T15:36:12.5530496+01:00
185.743011,122.250648,5,2026-09-01T15:36:12.5846272+01:00
180.153961,115.515617,5,2026-09-01T15:36:12.6167168+01:00
182.214478,122.417496,5,2026-09-01T15:36:12.6493824+01:00
186.378296,131.177414,5,2026-09-01T15:36:12.6812288+01:00
201.925003,158.526031,5,2026-09-01T15:36:12.7130880+01:00
238.565659,172.463165,5,2026-09-01T15:36:12.7607680+01:00
278.035278,179.753036,5,2026-09-01T15:36:12.7931776+01:00
310.570068,172.566879,5,2026-09-01T15:36:12.8250368+01:00
330.707001,155.371277,5,2026-09-01T15:36:12.8567808+01:00
341.024017,129.348282,5,2026-09-01T15:36:12.8889856+01:00
339.927643,101.087524,5,2026-09-01T15:36:12.9209344+01:00
328.871185,71.5386887,5,2026-09-01T15:36:12.9532672+01:00
312.594482,43.8513565,5,2026-09-01T15:36:12.9850624+01:00
294.96756,31.2535496,5,2026-09-01T15:36:13.0169984+01:00
279.521729,22.2406845,5,2026-09-01T15:36:13.0488960+01:00
270.875153,16.4454021,5,2026-09-01T15:36:13.0816000+01:00
264.197418,15.0620394,5,2026-09-01T15:36:13.1292032+01:00
257.294434,12.8959789,5,2026-09-01T15:36:13.1609472+01:00
252.48587,12.1369562,6,2026-09-01T15:36:13.1932800+01:00
244.905396,11.0613756,6,2026-09-01T15:36:13.2251904+01:00
254.148148,17.4237347,6,2026-09-01T15:36:13.2572160+01:00
262.015442,22.8315697,6,2026-09-01T15:36:13.2896768+01:00
270.963013,26.3021908,6,2026-09-01T15:36:13.3213696+01:00
283.794586,36.0371399,6,2026-09-01T15:36:13.3533056+01:00
299.085297,52.9282455,6,2026-09-01T15:36:13.3848832+01:00
314.276154,77.6430664,6,2026-09-01T15:36:13.4174464+01:00
329.211639,105.54995,6,2026-09-01T15:36:13.4491648+01:00
343.606628,142.35025,6,2026-09-01T15:36:13.4812416+01:00
353.717133,190.555481,6,2026-09-01T15:36:13.5290880+01:00
354.498383,251.064285,6,2026-09-01T15:36:13.5611648+01:00
344.414825,307.48407,6,2026-09-01T15:36:13.5928960+01:00
324.890167,343.296936,6,2026-09-01T15:36:13.6248192+01:00
314.931427,355.591309,6,2026-09-01T15:36:13.6568704+01:00
308.268036,359.057251,6,2026-09-01T15:36:13.6889728+01:00
300.544098,357.841797,6,2026-09-01T15:36:13.7208448+01:00
292.7388,353.262573,6,2026-09-01T15:36:13.7528320+01:00
284.503632,345.961334,6,2026-09-01T15:36:13.7851392+01:00
283.805328,334.289246,6,2026-09-01T15:36:13.8172928+01:00
285.354187,312.944305,6,2026-09-01T15:36:13.8494464+01:00
287.805115,291.555939,6,2026-09-01T15:36:13.8969728+01:00
289.18634,279.154144,6,2026-09-01T15:36:13.9292288+01:00
287.413483,278.663422,6,2026-09-01T15:36:13.9611904+01:00
286.169342,280.23056,6,2026-09-01T15:36:13.9932416+01:00
284.062805,281.437775,7,2026-09-01T15:36:14.0253184+01:00
281.747986,281.600098,7,2026-09-01T15:36:14.0571520+01:00
282.131256,276.472809,7,2026-09-01T15:36:14.0890496+01:00
283.729279,267.361389,7,2026-09-01T15:36:14.1209216+01:00
287.650085,255.891891,7,2026-09-01T15:36:14.1528448+01:00
296.061951,244.722946,7,2026-09-01T15:36:14.1850880+01:00
305.766174,233.652832,7,2026-09-01T15:36:14.2173184+01:00
314.579285,222.564255,7,2026-09-01T15:36:14.2656384+01:00
323.735016,211.016663,7,2026-09-01T15:36:14.2973824+01:00
326.535126,201.786652,7,2026-09-01T15:36:14.3298304+01:00
319.356842,195.121552,7,2026-09-01T15:36:14.3609600+01:00
299.239105,197.00589,7,2026-09-01T15:36:14.3932928+01:00
261.221313,216.069244,7,2026-09-01T15:36:14.4248576+01:00
220.458389,237.963455,7,2026-09-01T15:36:14.4573824+01:00
172.003204,268.139435,7,2026-09-01T15:36:14.4890112+01:00
149.619934,282.49295,7,2026-09-01T15:36:14.5212416+01:00
135.394394,278.591583,7,2026-09-01T15:36:14.5533824+01:00
133.334396,257.407654,7,2026-09-01T15:36:14.5849856+01:00
135.94014,275.236969,7,2026-09-01T15:36:14.6331392+01:00
147.146133,276.263031,7,2026-09-01T15:36:14.6651136+01:00
160.419022,283.104279,7,2026-09-01T15:36:14.6972800+01:00
174.704559,283.476196,7,2026-09-01T15:36:14.7291520+01:00
192.881912,286.929321,7,2026-09-01T15:36:14.7613696+01:00
211.666458,286.081451,7,2026-09-01T15:36:14.7932160+01:00
228.243271,284.269318,7,2026-09-01T15:36:14.8251520+01:00
224.560287,279.460999,8,2026-09-01T15:36:14.8573312+01:00
233.441177,270.150818,8,2026-09-01T15:36:14.8894208+01:00
220.505585,296.115143,8,2026-09-01T15:36:14.9210752+01:00
214.92189,312.344879,8,2026-09-01T15:36:14.9530240+01:00
208.727463,321.54953,8,2026-09-01T15:36:15.0014336+01:00
200.483368,313.63501,8,2026-09-01T15:36:15.0334848+01:00
194.728775,311.491119,8,2026-09-01T15:36:15.0656768+01:00
190.019348,297.675476,8,2026-09-01T15:36:15.0972928+01:00
189.114029,290.089478,8,2026-09-01T15:36:15.1293312+01:00
188.750854,309.983643,8,2026-09-01T15:36:15.1610880+01:00
200.022614,300.868439,8,2026-09-01T15:36:15.1931648+01:00
235.534988,284.604034,8,2026-09-01T15:36:15.2252928+01:00
279.527466,269.461273,8,2026-09-01T15:36:15.2580480+01:00
320.451538,262.316772,8,2026-09-01T15:36:15.2891776+01:00
353.208649,263.516083,8,2026-09-01T15:36:15.3221632+01:00
385.592468,262.710785,8,2026-09-01T15:36:15.3694592+01:00
413.779083,267.394165,8,2026-09-01T15:36:15.4012928+01:00
441.815277,270.838165,8,2026-09-01T15:36:15.4331264+01:00
465.248688,273.870331,8,2026-09-01T15:36:15.4649600+01:00
486.334717,274.610229,8,2026-09-01T15:36:15.4970240+01:00
498.401184,280.044678,8,2026-09-01T15:36:15.5293056+01:00
506.416962,283.738525,8,2026-09-01T15:36:15.5614976+01:00
509.470428,286.391663,8,2026-09-01T15:36:15.5932288+01:00
510.821716,287.825378,9,2026-09-01T15:36:15.6251904+01:00
512.013977,288.499542,9,2026-09-01T15:36:15.6574976+01:00
513.921204,288.537262,9,2026-09-01T15:36:15.6892032+01:00
516.437012,288.135376,9,2026-09-01T15:36:15.7213312+01:00
521.002136,285.369843,9,2026-09-01T15:36:15.7691520+01:00
523.995728,283.479431,9,2026-09-01T15:36:15.8015488+01:00
522.644226,282.454254,9,2026-09-01T15:36:15.8335360+01:00
517.351318,281.739471,9,2026-09-01T15:36:15.8651520+01:00
509.099243,281.087402,9,2026-09-01T15:36:15.8973312+01:00
501.048615,273.019653,9,2026-09-01T15:36:15.9297152+01:00
493.581696,253.22728,9,2026-09-01T15:36:15.9612032+01:00
484.083679,223.500168,9,2026-09-01T15:36:15.9931648+01:00
472.878479,188.707062,9,2026-09-01T15:36:16.0251136+01:00
462.689392,158.729492,9,2026-09-01T15:36:16.0577792+01:00
454.851105,140.607773,9,2026-09-01T15:36:16.0891904+01:00
449.537262,135.107513,9,2026-09-01T15:36:16.1372544+01:00
447.541992,138.871002,9,2026-09-01T15:36:16.1694592+01:00
448.218445,142.951889,10,2026-09-01T15:36:16.2014976+01:00
448.449219,143.136597,10,2026-09-01T15:36:16.2337152+01:00
449.527802,138.475708,10,2026-09-01T15:36:16.2660352+01:00
449.26886,132.26181,10,2026-09-01T15:36:16.2973440+01:00
448.158142,126.568588,10,2026-09-01T15:36:16.3298816+01:00
445.554932,123.245369,10,2026-09-01T15:36:16.3616384+01:00
441.402832,120.462837,10,2026-09-01T15:36:16.3935488+01:00
438.042297,118.853615,10,2026-09-01T15:36:16.4256128+01:00
434.230194,118.98214,10,2026-09-01T15:36:16.4577664+01:00
429.244202,119.843796,10,2026-09-01T15:36:16.5054336+01:00
420.902466,121.655937,10,2026-09-01T15:36:16.5378176+01:00
406.551392,123.101936,10,2026-09-01T15:36:16.5703808+01:00
385.109894,124.569,10,2026-09-01T15:36:16.6018048+01:00
359.647675,127.195282,10,2026-09-01T15:36:16.6334336+01:00
327.674622,141.627106,10,2026-09-01T15:36:16.6654848+01:00
292.832855,161.544662,10,2026-09-01T15:36:16.6982144+01:00
255.737076,185.746552,10,2026-09-01T15:36:16.7295104+01:00
222.721176,205.802612,10,2026-09-01T15:36:16.7614336+01:00
200.138275,206.758163,10,2026-09-01T15:36:16.7936512+01:00
184.301849,205.414978,10,2026-09-01T15:36:16.8259584+01:00
162.244278,193.731293,10,2026-09-01T15:36:16.8737024+01:00
148.59021,178.020187,10,2026-09-01T15:36:16.9054464+01:00
138.16777,124.914474,10,2026-09-01T15:36:16.9379968+01:00
141.723007,101.854218,10,2026-09-01T15:36:16.9697792+01:00
147.123108,69.1376877,10,2026-09-01T15:36:17.0018432+01:00
154.792068,42.0369034,10,2026-09-01T15:36:17.0335872+01:00
158.355667,13.3025026,10,2026-09-01T15:36:17.0655744+01:00
Value.Item1.X,Value.Item1.Y,Value.Item2,Timestamp
530.600281,48.102993,1,2026-09-01T15:36:30.1953792+01:00
524.021729,46.7289658,1,2026-09-01T15:36:30.2274432+01:00
519.553772,41.4121933,1,2026-09-01T15:36:30.2591872+01:00
516.537598,36.8778458,1,2026-09-01T15:36:30.3068928+01:00
512.144653,37.167366,1,2026-09-01T15:36:30.3388160+01:00
509.449249,41.4549408,1,2026-09-01T15:36:30.3708032+01:00
509.728973,50.919136,1,2026-09-01T15:36:30.4033664+01:00
507.109375,66.2712936,1,2026-09-01T15:36:30.4354816+01:00
505.842773,85.6541519,1,2026-09-01T15:36:30.4672640+01:00
501.162933,108.160408,1,2026-09-01T15:36:30.4993152+01:00
491.063904,125.800888,1,2026-09-01T15:36:30.5312128+01:00
479.188904,126.745872,1,2026-09-01T15:36:30.5630464+01:00
465.637421,113.405434,1,2026-09-01T15:36:30.5958144+01:00
453.050537,93.5841599,1,2026-09-01T15:36:30.6271104+01:00
440.358368,70.1586761,1,2026-09-01T15:36:30.6755456+01:00
426.917816,45.6016617,1,2026-09-01T15:36:30.7071744+01:00
411.348022,28.9108257,1,2026-09-01T15:36:30.7391616+01:00
394.993958,21.1772118,1,2026-09-01T15:36:30.7710208+01:00
380.362,17.7574215,1,2026-09-01T15:36:30.8028672+01:00
369.516907,15.6615648,1,2026-09-01T15:36:30.8349184+01:00
362.939148,15.1654921,1,2026-09-01T15:36:30.8670848+01:00
358.389465,16.5270271,1,2026-09-01T15:36:30.8996608+01:00
358.101746,17.710741,1,2026-09-01T15:36:30.9317248+01:00
360.532959,19.5036812,1,2026-09-01T15:36:30.9631872+01:00
360.683746,23.2739391,1,2026-09-01T15:36:30.9956096+01:00
358.66098,25.3230419,2,2026-09-01T15:36:31.0434048+01:00
356.299652,29.7877789,2,2026-09-01T15:36:31.0753792+01:00
347.430786,32.7929993,2,2026-09-01T15:36:31.1071488+01:00
340.880096,36.5928841,2,2026-09-01T15:36:31.1393536+01:00
334.245453,38.1001472,2,2026-09-01T15:36:31.1711104+01:00
326.733429,40.8972969,2,2026-09-01T15:36:31.2035456+01:00
319.359375,39.965229,2,2026-09-01T15:36:31.2349952+01:00
312.238129,36.8822174,2,2026-09-01T15:36:31.2671232+01:00
304.526398,33.1333809,2,2026-09-01T15:36:31.2989824+01:00
298.155273,29.3266201,2,2026-09-01T15:36:31.3315712+01:00
311.58493,35.9914703,2,2026-09-01T15:36:31.3633280+01:00
316.239471,62.6145325,2,2026-09-01T15:36:31.4112384+01:00
331.817413,82.6630707,2,2026-09-01T15:36:31.4435456+01:00
352.691925,107.263283,2,2026-09-01T15:36:31.4753536+01:00
370.525848,138.644867,2,2026-09-01T15:36:31.5072768+01:00
384.274902,176.266769,2,2026-09-01T15:36:31.5389568+01:00
394.093323,213.184753,2,2026-09-01T15:36:31.5721216+01:00
396.514008,243.236389,2,2026-09-01T15:36:31.6033536+01:00
398.227051,261.130463,2,2026-09-01T15:36:31.6352000+01:00
402.296509,267.445068,2,2026-09-01T15:36:31.6672000+01:00
405.857941,268.725525,2,2026-09-01T15:36:31.6993920+01:00
408.261353,267.05545,3,2026-09-01T15:36:31.7313536+01:00
409.159729,265.00174,3,2026-09-01T15:36:31.7634688+01:00
406.277283,261.132202,3,2026-09-01T15:36:31.8111360+01:00
402.466644,250.151917,3,2026-09-01T15:36:31.8434944+01:00
393.17865,233.603394,3,2026-09-01T15:36:31.8754560+01:00
380.343475,216.235107,3,2026-09-01T15:36:31.9073536+01:00
370.105408,196.193451,3,2026-09-01T15:36:31.9391104+01:00
363.386719,175.748978,3,2026-09-01T15:36:31.9713792+01:00
358.736755,160.272354,3,2026-09-01T15:36:32.0033792+01:00
352.455902,150.461487,3,2026-09-01T15:36:32.0357504+01:00
342.31485,144.579803,3,2026-09-01T15:36:32.0680832+01:00
324.840851,138.911865,3,2026-09-01T15:36:32.1002496+01:00
288.654144,153.991684,3,2026-09-01T15:36:32.1312256+01:00
255.018204,164.690292,3,2026-09-01T15:36:32.1793920+01:00
220.175552,175.763626,3,2026-09-01T15:36:32.2112256+01:00
213.888107,170.362885,3,2026-09-01T15:36:32.2438400+01:00
200.638153,166.318115,3,2026-09-01T15:36:32.2754432+01:00
194.283722,164.909149,3,2026-09-01T15:36:32.3073408+01:00
196.605072,162.152634,3,2026-09-01T15:36:32.3390848+01:00
206.940125,149.446167,3,2026-09-01T15:36:32.3716096+01:00
209.553818,160.908066,3,2026-09-01T15:36:32.4035840+01:00
213.451828,163.863525,3,2026-09-01T15:36:32.4355072+01:00
221.114456,152.894043,4,2026-09-01T15:36:32.4673920+01:00
216.747437,168.401917,4,2026-09-01T15:36:32.4993920+01:00
213.19986,178.144302,4,2026-09-01T15:36:32.5474688+01:00
214.277466,179.700546,4,2026-09-01T15:36:32.5795968+01:00
203.648758,197.53334,4,2026-09-01T15:36:32.6115712+01:00
183.624908,224.587799,4,2026-09-01T15:36:32.6432640+01:00
168.231781,228.293365,4,2026-09-01T15:36:32.6755584+01:00
153.019287,226.879105,4,2026-09-01T15:36:32.7072000+01:00
137.920975,224.488022,4,2026-09-01T15:36:32.7393408+01:00
131.838272,226.862396,4,2026-09-01T15:36:32.7717120+01:00
141.843307,231.250366,4,2026-09-01T15:36:32.8035328+01:00
158.865005,251.31192,4,2026-09-01T15:36:32.8352384+01:00
178.613632,272.625122,4,2026-09-01T15:36:32.8677120+01:00
199.597107,291.077057,4,2026-09-01T15:36:32.9160064+01:00
237.29039,302.259857,4,2026-09-01T15:36:32.9476352+01:00
249.796494,299.934753,4,2026-09-01T15:36:32.9794048+01:00
284.077026,294.07489,4,2026-09-01T15:36:33.0117120+01:00
313.781189,286.346252,4,2026-09-01T15:36:33.0440064+01:00
340.673065,279.559113,4,2026-09-01T15:36:33.0752512+01:00
353.606537,281.783844,4,2026-09-01T15:36:33.1073024+01:00
355.658569,286.832977,4,2026-09-01T15:36:33.1393792+01:00
356.943054,286.059143,5,2026-09-01T15:36:33.1717376+01:00
358.76535,283.133453,5,2026-09-01T15:36:33.2037504+01:00
357.821228,270.609741,5,2026-09-01T15:36:33.2356096+01:00
345.861938,256.035675,5,2026-09-01T15:36:33.2833024+01:00
338.923004,236.317215,5,2026-09-01T15:36:33.3158784+01:00
332.149139,215.850861,5,2026-09-01T15:36:33.3474304+01:00
328.656799,197.410477,5,2026-09-01T15:36:33.3793536+01:00
317.937653,187.855865,5,2026-09-01T15:36:33.4114432+01:00
316.126068,180.87146,5,2026-09-01T15:36:33.4439040+01:00
327.3349,175.325089,5,2026-09-01T15:36:33.4752384+01:00
338.636139,174.676514,5,2026-09-01T15:36:33.5077504+01:00
353.993164,175.895615,5,2026-09-01T15:36:33.5394176+01:00
370.48111,178.370239,5,2026-09-01T15:36:33.5714432+01:00
379.438354,186.45314,5,2026-09-01T15:36:33.6035328+01:00
383.227203,197.583374,5,2026-09-01T15:36:33.6513152+01:00
380.564941,207.856827,5,2026-09-01T15:36:33.6835328+01:00
377.481567,219.837936,5,2026-09-01T15:36:33.7156992+01:00
375.102966,231.740341,5,2026-09-01T15:36:33.7478784+01:00
374.42627,238.319687,6,2026-09-01T15:36:33.7794688+01:00
380.134888,247.622269,6,2026-09-01T15:36:33.8115968+01:00
385.493652,248.112259,6,2026-09-01T15:36:33.8439552+01:00
391.888153,247.619583,6,2026-09-01T15:36:33.8754816+01:00
399.905975,244.828079,6,2026-09-01T15:36:33.9072512+01:00
410.173889,239.11705,6,2026-09-01T15:36:33.9399424+01:00
420.709045,228.145172,6,2026-09-01T15:36:33.9716224+01:00
432.151978,212.856277,6,2026-09-01T15:36:34.0035712+01:00
442.153961,198.654327,6,2026-09-01T15:36:34.0515456+01:00
446.705292,184.493118,6,2026-09-01T15:36:34.0838016+01:00
443.532715,171.506683,6,2026-09-01T15:36:34.1164672+01:00
434.995819,163.452087,6,2026-09-01T15:36:34.1477376+01:00
428.877747,168.996735,6,2026-09-01T15:36:34.1794560+01:00
430.485748,185.161301,6,2026-09-01T15:36:34.2116096+01:00
438.545135,202.991165,6,2026-09-01T15:36:34.2432896+01:00
451.252258,220.109726,6,2026-09-01T15:36:34.2760064+01:00
466.846375,236.973648,6,2026-09-01T15:36:34.3077632+01:00
482.690491,253.448929,6,2026-09-01T15:36:34.3396864+01:00
496.141449,273.261017,6,2026-09-01T15:36:34.3717120+01:00
506.329742,289.483154,6,2026-09-01T15:36:34.4193408+01:00
515.416382,301.183502,6,2026-09-01T15:36:34.4518400+01:00
524.048645,308.91925,6,2026-09-01T15:36:34.4835456+01:00
533.228699,313.003387,6,2026-09-01T15:36:34.5153152+01:00
541.301941,316.695587,6,2026-09-01T15:36:34.5478272+01:00
548.95343,316.813782,6,2026-09-01T15:36:34.5795328+01:00
554.923218,313.9599,7,2026-09-01T15:36:34.6112896+01:00
557.761414,307.661438,7,2026-09-01T15:36:34.6435840+01:00
557.364746,299.690094,7,2026-09-01T15:36:34.6754560+01:00
551.361755,288.492462,7,2026-09-01T15:36:34.7078144+01:00
540.317322,275.25943,7,2026-09-01T15:36:34.7395456+01:00
525.37854,261.617798,7,2026-09-01T15:36:34.7877376+01:00
503.596436,249.630051,7,2026-09-01T15:36:34.8199040+01:00
474.351868,241.163528,7,2026-09-01T15:36:34.8518400+01:00
442.000092,235.373169,7,2026-09-01T15:36:34.8838784+01:00
408.255829,226.702011,7,2026-09-01T15:36:34.9155072+01:00
372.995697,216.209091,7,2026-09-01T15:36:34.9477120+01:00
354.271362,215.473511,7,2026-09-01T15:36:34.9795328+01:00
351.300079,223.62085,7,2026-09-01T15:36:35.0114560+01:00
359.896484,231.117477,7,2026-09-01T15:36:35.0437120+01:00
373.369598,239.964447,7,2026-09-01T15:36:35.0758272+01:00
387.445374,249.710083,7,2026-09-01T15:36:35.1078144+01:00
400.29837,258.221649,7,2026-09-01T15:36:35.1556864+01:00
411.322266,265.970154,7,2026-09-01T15:36:35.1878016+01:00
421.968445,273.323792,7,2026-09-01T15:36:35.2196864+01:00
431.281616,282.186371,7,2026-09-01T15:36:35.2516224+01:00
438.834747,291.396423,7,2026-09-01T15:36:35.2838272+01:00
444.345001,300.528564,7,2026-09-01T15:36:35.3157632+01:00
448.35083,307.397583,7,2026-09-01T15:36:35.3475968+01:00
449.515625,312.756866,8,2026-09-01T15:36:35.3799168+01:00
448.462708,313.155334,8,2026-09-01T15:36:35.4116992+01:00
442.727386,310.328033,8,2026-09-01T15:36:35.4437504+01:00
430.335297,305.799286,8,2026-09-01T15:36:35.4760320+01:00
410.389374,299.222534,8,2026-09-01T15:36:35.5238528+01:00
385.157898,291.733215,8,2026-09-01T15:36:35.5559168+01:00
359.593597,281.692871,8,2026-09-01T15:36:35.5878912+01:00
331.202545,269.24646,8,2026-09-01T15:36:35.6198528+01:00
306.873291,252.517319,8,2026-09-01T15:36:35.6518400+01:00
299.469147,229.399567,8,2026-09-01T15:36:35.6836480+01:00
303.868439,205.63031,8,2026-09-01T15:36:35.7161344+01:00
322.820007,179.57637,8,2026-09-01T15:36:35.7480320+01:00
345.991394,158.433441,8,2026-09-01T15:36:35.7798912+01:00
366.652618,143.801651,8,2026-09-01T15:36:35.8118400+01:00
379.955444,137.367554,8,2026-09-01T15:36:35.8438400+01:00
389.393921,138.17804,8,2026-09-01T15:36:35.8918016+01:00
398.0336,145.983353,8,2026-09-01T15:36:35.9238912+01:00
408.364868,158.856812,8,2026-09-01T15:36:35.9558528+01:00
422.496918,167.900558,8,2026-09-01T15:36:35.9880704+01:00
436.367981,171.887939,9,2026-09-01T15:36:36.0202496+01:00
445.33548,176.689697,9,2026-09-01T15:36:36.0515456+01:00
444.52063,185.896011,9,2026-09-01T15:36:36.0838272+01:00
430.748077,200.986282,9,2026-09-01T15:36:36.1158144+01:00
408.117645,211.208115,9,2026-09-01T15:36:36.1478912+01:00
381.787903,213.598694,9,2026-09-01T15:36:36.1796992+01:00
359.279205,209.640579,9,2026-09-01T15:36:36.2117120+01:00
340.6521,198.351715,9,2026-09-01T15:36:36.2435456+01:00
330.799896,184.628403,9,2026-09-01T15:36:36.2923136+01:00
328.40744,167.944565,9,2026-09-01T15:36:36.3237632+01:00
332.813904,150.990616,9,2026-09-01T15:36:36.3563264+01:00
337.035583,138.774078,9,2026-09-01T15:36:36.3878784+01:00
339.209564,129.883774,9,2026-09-01T15:36:36.4200448+01:00
343.420105,118.399529,9,2026-09-01T15:36:36.4518400+01:00
354.152466,105.69001,9,2026-09-01T15:36:36.4837760+01:00
373.074615,96.7332764,9,2026-09-01T15:36:36.5161088+01:00
396.472717,94.1073837,9,2026-09-01T15:36:36.5477760+01:00
421.965668,93.9692917,9,2026-09-01T15:36:36.5800064+01:00
447.406708,94.1794052,9,2026-09-01T15:36:36.6116992+01:00
465.475403,94.3459091,9,2026-09-01T15:36:36.6600448+01:00
477.139679,93.0709,9,2026-09-01T15:36:36.6921984+01:00
482.26355,89.6129379,9,2026-09-01T15:36:36.7241600+01:00
485.810669,88.9170685,9,2026-09-01T15:36:36.7558016+01:00
489.30658,91.5614777,9,2026-09-01T15:36:36.7880192+01:00
496.207153,94.0777359,9,2026-09-01T15:36:36.8199552+01:00
504.91568,97.8312531,10,2026-09-01T15:36:36.8526208+01:00
513.171875,98.7630844,10,2026-09-01T15:36:36.8842624+01:00
519.872375,95.4049454,10,2026-09-01T15:36:36.9157888+01:00
518.954224,91.2057877,10,2026-09-01T15:36:36.9482624+01:00
517.264832,86.1825027,10,2026-09-01T15:36:36.9800192+01:00
514.362915,79.2467728,10,2026-09-01T15:36:37.0279808+01:00
511.254456,71.6854935,10,2026-09-01T15:36:37.0606336+01:00
510.246124,63.1462936,10,2026-09-01T15:36:37.0921600+01:00
507.479187,56.6626053,10,2026-09-01T15:36:37.1243264+01:00
499.495331,57.2581673,10,2026-09-01T15:36:37.1561984+01:00
485.27298,64.0699081,10,2026-09-01T15:36:37.1884032+01:00
464.477509,77.389801,10,2026-09-01T15:36:37.2203264+01:00
434.865753,102.726891,10,2026-09-01T15:36:37.2520960+01:00
401.269836,136.159882,10,2026-09-01T15:36:37.2841984+01:00
361.815582,177.090576,10,2026-09-01T15:36:37.3157888+01:00
317.262573,219.199387,10,2026-09-01T15:36:37.3484800+01:00
271.295288,256.011322,10,2026-09-01T15:36:37.3960576+01:00
228.130157,282.489502,10,2026-09-01T15:36:37.4283008+01:00
190.497009,298.700439,10,2026-09-01T15:36:37.4604032+01:00
162.939392,307.08316,10,2026-09-01T15:36:37.4922496+01:00
139.653458,310.725861,10,2026-09-01T15:36:37.5244416+01:00
119.589905,306.80603,10,2026-09-01T15:36:37.5560192+01:00
Value.Item1.X,Value.Item1.Y,Value.Item2,Timestamp
215.206161,253.36058,1,2026-09-01T15:36:50.4862080+01:00
221.288574,246.287186,1,2026-09-01T15:36:50.5187840+01:00
236.595367,235.086441,1,2026-09-01T15:36:50.5504128+01:00
247.762177,220.15094,1,2026-09-01T15:36:50.5826304+01:00
259.256378,207.399506,1,2026-09-01T15:36:50.6145024+01:00
265.763794,199.776917,1,2026-09-01T15:36:50.6464512+01:00
266.81488,199.070908,1,2026-09-01T15:36:50.6784512+01:00
267.868195,201.146729,1,2026-09-01T15:36:50.7265920+01:00
259.91037,206.49855,1,2026-09-01T15:36:50.7590656+01:00
258.033447,208.518616,1,2026-09-01T15:36:50.7906432+01:00
270.099426,212.158417,1,2026-09-01T15:36:50.8229504+01:00
286.423889,211.804626,1,2026-09-01T15:36:50.8548224+01:00
311.546844,210.183212,1,2026-09-01T15:36:50.8865792+01:00
339.535858,210.224365,1,2026-09-01T15:36:50.9184896+01:00
368.562225,209.756989,1,2026-09-01T15:36:50.9506816+01:00
396.864532,210.963501,1,2026-09-01T15:36:50.9824640+01:00
422.413177,209.254486,1,2026-09-01T15:36:51.0144000+01:00
449.587952,202.08194,1,2026-09-01T15:36:51.0468992+01:00
470.315582,195.164917,1,2026-09-01T15:36:51.0944000+01:00
488.619293,191.543167,1,2026-09-01T15:36:51.1268992+01:00
501.946228,190.633987,1,2026-09-01T15:36:51.1586048+01:00
514.17218,192.668304,1,2026-09-01T15:36:51.1907968+01:00
523.651917,195.874146,1,2026-09-01T15:36:51.2227456+01:00
533.761902,202.369308,1,2026-09-01T15:36:51.2546432+01:00
542.017151,206.171127,1,2026-09-01T15:36:51.2866304+01:00
548.733704,208.636703,1,2026-09-01T15:36:51.3188864+01:00
555.493286,212.166565,2,2026-09-01T15:36:51.3511936+01:00
561.737671,217.306183,2,2026-09-01T15:36:51.3825792+01:00
570.593384,220.729858,2,2026-09-01T15:36:51.4145920+01:00
574.742554,226.835266,2,2026-09-01T15:36:51.4465152+01:00
575.989014,230.291458,2,2026-09-01T15:36:51.4942464+01:00
575.239685,229.98465,2,2026-09-01T15:36:51.5266560+01:00
572.317688,223.223221,2,2026-09-01T15:36:51.5588096+01:00
566.954468,213.705963,2,2026-09-01T15:36:51.5906176+01:00
559.166138,202.589478,2,2026-09-01T15:36:51.6230400+01:00
551.344727,188.344849,2,2026-09-01T15:36:51.6544000+01:00
541.183899,174.708939,2,2026-09-01T15:36:51.6867072+01:00
527.359192,162.493317,2,2026-09-01T15:36:51.7188608+01:00
511.878296,151.525375,2,2026-09-01T15:36:51.7510400+01:00
495.718475,140.105667,2,2026-09-01T15:36:51.7825280+01:00
481.805939,125.283157,2,2026-09-01T15:36:51.8147712+01:00
469.717316,110.778976,2,2026-09-01T15:36:51.8626816+01:00
456.587524,102.546417,2,2026-09-01T15:36:51.8945920+01:00
447.662903,98.6873398,2,2026-09-01T15:36:51.9268736+01:00
443.149902,100.867241,2,2026-09-01T15:36:51.9587712+01:00
437.252319,101.743271,2,2026-09-01T15:36:51.9908608+01:00
432.430969,94.6790848,2,2026-09-01T15:36:52.0231040+01:00
423.432861,86.0845947,2,2026-09-01T15:36:52.0548864+01:00
410.313995,74.6236267,2,2026-09-01T15:36:52.0870144+01:00
391.917358,62.3625565,2,2026-09-01T15:36:52.1190912+01:00
371.418823,48.8095894,2,2026-09-01T15:36:52.1508352+01:00
349.695679,38.1839561,2,2026-09-01T15:36:52.1831680+01:00
319.877258,24.3903179,2,2026-09-01T15:36:52.2305920+01:00
298.195435,20.1580486,2,2026-09-01T15:36:52.2627712+01:00
283.486633,16.3051338,2,2026-09-01T15:36:52.2950272+01:00
271.417816,15.7240314,2,2026-09-01T15:36:52.3268480+01:00
260.535614,14.7194815,2,2026-09-01T15:36:52.3595776+01:00
268.893372,31.3999138,2,2026-09-01T15:36:52.3910144+01:00
252.991928,25.4934177,2,2026-09-01T15:36:52.4225664+01:00
239.511917,21.5856915,2,2026-09-01T15:36:52.4547072+01:00
225.589737,23.7304401,2,2026-09-01T15:36:52.4865536+01:00
214.237823,26.5865383,2,2026-09-01T15:36:52.5187328+01:00
205.988098,27.9012604,2,2026-09-01T15:36:52.5510144+01:00
199.368637,30.9738693,3,2026-09-01T15:36:52.5988480+01:00
196.776077,30.9569664,3,2026-09-01T15:36:52.6309760+01:00
195.930862,31.2798347,3,2026-09-01T15:36:52.6630400+01:00
194.4599,33.5768967,3,2026-09-01T15:36:52.6948864+01:00
196.163071,36.7661858,3,2026-09-01T15:36:52.7270400+01:00
200.878967,43.393364,3,2026-09-01T15:36:52.7589760+01:00
206.701492,57.7277336,3,2026-09-01T15:36:52.7909504+01:00
214.818619,73.1233749,3,2026-09-01T15:36:52.8229248+01:00
235.048355,72.5151901,3,2026-09-01T15:36:52.8550912+01:00
233.556763,95.2781143,3,2026-09-01T15:36:52.8874368+01:00
259.517426,113.586449,3,2026-09-01T15:36:52.9190016+01:00
293.820831,129.070496,3,2026-09-01T15:36:52.9666560+01:00
314.193848,164.236832,3,2026-09-01T15:36:52.9986560+01:00
321.92923,211.851349,3,2026-09-01T15:36:53.0309248+01:00
315.834503,265.50708,3,2026-09-01T15:36:53.0628352+01:00
307.57901,304.791199,3,2026-09-01T15:36:53.0950144+01:00
306.417328,310.606323,3,2026-09-01T15:36:53.1269760+01:00
302.248749,323.425323,3,2026-09-01T15:36:53.1591296+01:00
300.065521,327.544952,3,2026-09-01T15:36:53.1908480+01:00
288.290894,320.072449,3,2026-09-01T15:36:53.2229760+01:00
301.257782,319.930176,4,2026-09-01T15:36:53.2548480+01:00
298.221924,314.542969,4,2026-09-01T15:36:53.2870016+01:00
298.688416,303.061218,4,2026-09-01T15:36:53.3350400+01:00
298.333069,288.134491,4,2026-09-01T15:36:53.3669248+01:00
294.847198,286.662903,4,2026-09-01T15:36:53.3991552+01:00
297.320465,266.049286,4,2026-09-01T15:36:53.4308608+01:00
298.800293,248.333115,4,2026-09-01T15:36:53.4628352+01:00
303.55365,226.702148,4,2026-09-01T15:36:53.4947584+01:00
288.333344,208.220383,4,2026-09-01T15:36:53.5271168+01:00
318.894623,218.110672,4,2026-09-01T15:36:53.5589248+01:00
282.238312,200.677399,4,2026-09-01T15:36:53.5912832+01:00
297.627106,214.499664,4,2026-09-01T15:36:53.6232576+01:00
251.935883,210.270401,4,2026-09-01T15:36:53.6550272+01:00
216.676788,215.523666,4,2026-09-01T15:36:53.6871808+01:00
177.397766,232.687653,4,2026-09-01T15:36:53.7350656+01:00
152.458252,256.28653,4,2026-09-01T15:36:53.7671808+01:00
122.919891,288.278625,4,2026-09-01T15:36:53.7991808+01:00
102.235962,307.353516,4,2026-09-01T15:36:53.8308096+01:00
86.5917282,326.259033,4,2026-09-01T15:36:53.8631552+01:00
72.2301559,328.243378,4,2026-09-01T15:36:53.8947968+01:00
68.4887238,332.287384,4,2026-09-01T15:36:53.9273344+01:00
70.1210632,336.622711,4,2026-09-01T15:36:53.9588736+01:00
71.4189911,341.606812,5,2026-09-01T15:36:53.9912576+01:00
72.7557755,349.735138,5,2026-09-01T15:36:54.0229888+01:00
81.2941971,354.126862,5,2026-09-01T15:36:54.0551424+01:00
92.6521454,356.917938,5,2026-09-01T15:36:54.1029760+01:00
103.830544,352.334351,5,2026-09-01T15:36:54.1355008+01:00
118.954636,346.03772,5,2026-09-01T15:36:54.1676160+01:00
131.893127,337.632751,5,2026-09-01T15:36:54.1991680+01:00
139.659256,325.312256,5,2026-09-01T15:36:54.2310784+01:00
148.314392,316.68335,5,2026-09-01T15:36:54.2628608+01:00
153.899811,328.806976,5,2026-09-01T15:36:54.2951552+01:00
167.903503,308.349823,5,2026-09-01T15:36:54.3268992+01:00
162.092758,315.27243,5,2026-09-01T15:36:54.3589376+01:00
201.866379,212.477875,5,2026-09-01T15:36:54.3913088+01:00
193.834351,203.610321,5,2026-09-01T15:36:54.4231424+01:00
184.062668,129.904007,5,2026-09-01T15:36:54.4711936+01:00
173.148132,113.647713,5,2026-09-01T15:36:54.5029504+01:00
157.016998,63.0465813,5,2026-09-01T15:36:54.5347968+01:00
140.090057,32.9097633,5,2026-09-01T15:36:54.5669760+01:00
187.625671,16.0217018,6,2026-09-01T15:36:54.9030272+01:00
235.906723,26.6013088,6,2026-09-01T15:36:54.9352192+01:00
283.402527,36.6370659,6,2026-09-01T15:36:54.9671424+01:00
324.865265,47.0501518,6,2026-09-01T15:36:54.9992960+01:00
354.888519,58.0561867,6,2026-09-01T15:36:55.0313088+01:00
381.921173,71.2246246,6,2026-09-01T15:36:55.0632576+01:00
401.462219,90.9701385,6,2026-09-01T15:36:55.0950528+01:00
415.851563,110.400421,6,2026-09-01T15:36:55.1272832+01:00
425.644897,126.28801,6,2026-09-01T15:36:55.1595264+01:00
427.341339,144.470825,6,2026-09-01T15:36:55.2075648+01:00
423.575256,163.802612,6,2026-09-01T15:36:55.2395776+01:00
416.793274,181.868378,6,2026-09-01T15:36:55.2718720+01:00
408.412537,194.042007,6,2026-09-01T15:36:55.3028096+01:00
401.406708,200.376541,6,2026-09-01T15:36:55.3353216+01:00
404.194458,199.417648,7,2026-09-01T15:36:55.3670656+01:00
412.524231,194.723419,7,2026-09-01T15:36:55.3989760+01:00
420.120911,190.294891,7,2026-09-01T15:36:55.4317312+01:00
428.396667,189.618271,7,2026-09-01T15:36:55.4637184+01:00
434.439758,191.86351,7,2026-09-01T15:36:55.4953472+01:00
436.819061,197.864624,7,2026-09-01T15:36:55.5270656+01:00
435.354675,199.346817,7,2026-09-01T15:36:55.5755776+01:00
429.961395,197.135544,7,2026-09-01T15:36:55.6071808+01:00
421.635193,191.769852,7,2026-09-01T15:36:55.6392576+01:00
412.26239,184.004944,7,2026-09-01T15:36:55.6709760+01:00
403.909637,172.009857,7,2026-09-01T15:36:55.7031936+01:00
396.820526,157.1147,7,2026-09-01T15:36:55.7356928+01:00
395.650513,136.483276,7,2026-09-01T15:36:55.7672192+01:00
394.466614,112.809975,7,2026-09-01T15:36:55.7991168+01:00
391.980194,86.1584778,7,2026-09-01T15:36:55.8313728+01:00
387.007996,60.2941513,7,2026-09-01T15:36:55.8633728+01:00
380.991394,36.7413254,7,2026-09-01T15:36:55.8950912+01:00
372.978271,22.4547176,7,2026-09-01T15:36:55.9276544+01:00
365,14.369792,7,2026-09-01T15:36:55.9751808+01:00
352.081024,7.99594927,7,2026-09-01T15:36:56.0072192+01:00
351.536316,7.92686558,8,2026-09-01T15:36:56.0392704+01:00
366.519196,16.5464382,8,2026-09-01T15:36:56.0712832+01:00
376.068695,30.5893383,8,2026-09-01T15:36:56.1029504+01:00
386.561462,52.5439606,8,2026-09-01T15:36:56.1351424+01:00
397.110596,84.3087006,8,2026-09-01T15:36:56.1670528+01:00
406.541687,112.146416,8,2026-09-01T15:36:56.1996928+01:00
414.318695,134.322433,8,2026-09-01T15:36:56.2315264+01:00
419.371216,155.951721,8,2026-09-01T15:36:56.2633088+01:00
422.3078,178.535294,8,2026-09-01T15:36:56.2952832+01:00
424.495178,196.514954,8,2026-09-01T15:36:56.3434752+01:00
426.330139,211.835144,8,2026-09-01T15:36:56.3754240+01:00
426.632477,222.831848,8,2026-09-01T15:36:56.4072448+01:00
423.707153,228.713043,8,2026-09-01T15:36:56.4395264+01:00
421.795898,231.208984,8,2026-09-01T15:36:56.4716160+01:00
423.886292,234.275238,8,2026-09-01T15:36:56.5038336+01:00
429.859772,235.249146,8,2026-09-01T15:36:56.5351808+01:00
437.450531,237.964127,8,2026-09-01T15:36:56.5670272+01:00
445.525909,243.009628,8,2026-09-01T15:36:56.5995776+01:00
456.684692,247.299606,8,2026-09-01T15:36:56.6310528+01:00
466.026154,252.803574,8,2026-09-01T15:36:56.6633856+01:00
477.450684,257.135376,8,2026-09-01T15:36:56.7115264+01:00
488.329193,260.680573,8,2026-09-01T15:36:56.7435136+01:00
499.486725,266.816071,8,2026-09-01T15:36:56.7753344+01:00
506.977783,274.880829,8,2026-09-01T15:36:56.8074624+01:00
516.911865,283.236481,8,2026-09-01T15:36:56.8389632+01:00
525.899719,291.845459,8,2026-09-01T15:36:56.8714880+01:00
536.281372,300.881104,8,2026-09-01T15:36:56.9030400+01:00
547.94696,307.183319,8,2026-09-01T15:36:56.9352064+01:00
562.999268,308.307678,8,2026-09-01T15:36:56.9673728+01:00
575.314758,308.669983,8,2026-09-01T15:36:57.0000000+01:00
587.94043,309.042908,8,2026-09-01T15:36:57.0311936+01:00
598.504822,312.093262,8,2026-09-01T15:36:57.0795136+01:00
604.448792,319.628662,8,2026-09-01T15:36:57.1114880+01:00
609.362732,324.751984,9,2026-09-01T15:36:57.1431040+01:00
614.748413,327.685211,9,2026-09-01T15:36:57.1753344+01:00
616.351074,329.631927,9,2026-09-01T15:36:57.2077312+01:00
616.133362,331.259796,9,2026-09-01T15:36:57.2393856+01:00
616.290955,332.049713,9,2026-09-01T15:36:57.2713216+01:00
616.530396,335.452026,9,2026-09-01T15:36:57.3033856+01:00
612.881287,338.568939,9,2026-09-01T15:36:57.3352704+01:00
608.07605,341.190002,9,2026-09-01T15:36:57.3679360+01:00
604.731689,343.851044,9,2026-09-01T15:36:57.3997952+01:00
598.552246,342.986206,9,2026-09-01T15:36:57.4471040+01:00
590.306946,341.477142,9,2026-09-01T15:36:57.4797440+01:00
580.306885,334.344421,9,2026-09-01T15:36:57.5116288+01:00
567.007935,318.961609,9,2026-09-01T15:36:57.5430912+01:00
552.705566,297.478912,9,2026-09-01T15:36:57.5755008+01:00
535.211975,273.813446,9,2026-09-01T15:36:57.6073088+01:00
514.571838,250.013535,9,2026-09-01T15:36:57.6393600+01:00
494.439178,224.196289,9,2026-09-01T15:36:57.6710912+01:00
473.670898,203.794495,9,2026-09-01T15:36:57.7031936+01:00
455.792725,185.094452,9,2026-09-01T15:36:57.7355136+01:00
439.884735,169.859573,9,2026-09-01T15:36:57.7672704+01:00
426.805573,156.068756,9,2026-09-01T15:36:57.8155392+01:00
417.412933,145.291946,9,2026-09-01T15:36:57.8471680+01:00
410.365387,136.587097,9,2026-09-01T15:36:57.8793728+01:00
404.85379,129.277893,9,2026-09-01T15:36:57.9116032+01:00
399.88028,126.085823,10,2026-09-01T15:36:57.9433088+01:00
394.317291,123.409409,10,2026-09-01T15:36:57.9760768+01:00
385.980713,123.707069,10,2026-09-01T15:36:58.0076800+01:00
376.818726,128.219666,10,2026-09-01T15:36:58.0395008+01:00
364.58667,132.624237,10,2026-09-01T15:36:58.0718592+01:00
351.457214,130.731995,10,2026-09-01T15:36:58.1033600+01:00
332.255798,131.742813,10,2026-09-01T15:36:58.1358336+01:00
309.476257,139.808548,10,2026-09-01T15:36:58.1686016+01:00
287.266785,143.491058,10,2026-09-01T15:36:58.2158080+01:00
265.014465,149.529877,10,2026-09-01T15:36:58.2478208+01:00
241.092072,151.281021,10,2026-09-01T15:36:58.2800384+01:00
217.351486,153.123611,10,2026-09-01T15:36:58.3116928+01:00
196.548645,152.855194,10,2026-09-01T15:36:58.3438208+01:00
177.131088,157.809433,10,2026-09-01T15:36:58.3756288+01:00
154.573151,161.202118,10,2026-09-01T15:36:58.4072832+01:00
132.042389,165.806839,10,2026-09-01T15:36:58.4400384+01:00
110.527298,169.881271,10,2026-09-01T15:36:58.4715776+01:00
92.2451477,170.863449,10,2026-09-01T15:36:58.5035904+01:00
76.2085342,165.815689,10,2026-09-01T15:36:58.5357696+01:00
63.9788361,167.033508,10,2026-09-01T15:36:58.5838336+01:00
51.9105415,178.499466,10,2026-09-01T15:36:58.6478720+01:00
46.1384621,182.75531,10,2026-09-01T15:36:58.6795136+01:00
41.7023582,191.715057,10,2026-09-01T15:36:58.7117568+01:00
39.3702545,205.598099,10,2026-09-01T15:36:58.7440000+01:00
31.3653278,198.388397,10,2026-09-01T15:36:58.7757056+01:00
28.2638664,200.256866,10,2026-09-01T15:36:58.8075776+01:00
28.2572021,204.332916,10,2026-09-01T15:36:58.8400000+01:00
29.8160114,210.942825,10,2026-09-01T15:36:58.8719360+01:00
29.1603336,212.596542,10,2026-09-01T15:36:58.9036800+01:00
30.2991734,216.183472,10,2026-09-01T15:36:58.9519104+01:00
29.6939297,215.798615,10,2026-09-01T15:36:58.9838592+01:00
25.0469532,207.263626,10,2026-09-01T15:36:59.0158592+01:00
25.1228333,210.085632,10,2026-09-01T15:36:59.0478080+01:00
23.4736328,212.941498,10,2026-09-01T15:36:59.0798336+01:00
23.2202892,223.35611,10,2026-09-01T15:36:59.1119616+01:00
21.1862087,232.948639,10,2026-09-01T15:36:59.1437440+01:00
17.7465134,242.981659,10,2026-09-01T15:36:59.1759616+01:00
14.1256037,258.766205,10,2026-09-01T15:36:59.2081152+01:00
10.9869576,278.641174,10,2026-09-01T15:36:59.2397312+01:00
5.53796291,297.229645,10,2026-09-01T15:36:59.2720768+01:00
Value.Item1.X,Value.Item1.Y,Value.Item2,Timestamp
351.154388,7.39034033,1,2026-09-01T15:37:11.6211584+01:00
347.673553,8.19884491,1,2026-09-01T15:37:11.6531712+01:00
344.101898,11.2685595,1,2026-09-01T15:37:11.6856704+01:00
347.291992,17.437582,1,2026-09-01T15:37:11.7169920+01:00
354.121887,27.2862625,1,2026-09-01T15:37:11.7492608+01:00
358.45105,48.5949059,1,2026-09-01T15:37:11.7815296+01:00
362.969543,74.7796249,1,2026-09-01T15:37:11.8133376+01:00
366.13501,98.7758026,1,2026-09-01T15:37:11.8451328+01:00
373.600159,120.834846,1,2026-09-01T15:37:11.8932736+01:00
380.843719,143.162125,1,2026-09-01T15:37:11.9253632+01:00
387.38913,165.46051,1,2026-09-01T15:37:11.9571968+01:00
394.445251,185.212967,1,2026-09-01T15:37:11.9894656+01:00
401.338318,200.45993,1,2026-09-01T15:37:12.0212224+01:00
410.036682,209.58403,1,2026-09-01T15:37:12.0535808+01:00
419.433624,212.965729,1,2026-09-01T15:37:12.0852224+01:00
431.222107,215.368362,1,2026-09-01T15:37:12.1174784+01:00
443.500153,216.176422,1,2026-09-01T15:37:12.1494400+01:00
454.434021,218.129791,1,2026-09-01T15:37:12.1814656+01:00
465.166809,221.642914,1,2026-09-01T15:37:12.2134144+01:00
474.83963,228.595947,1,2026-09-01T15:37:12.2611712+01:00
482.627197,237.176025,1,2026-09-01T15:37:12.2931328+01:00
488.520203,246.124863,1,2026-09-01T15:37:12.3250432+01:00
493.054291,255.292145,1,2026-09-01T15:37:12.3571328+01:00
497.101563,264.773102,1,2026-09-01T15:37:12.3889920+01:00
499.511597,275.723572,1,2026-09-01T15:37:12.4214272+01:00
502.472046,284.099274,1,2026-09-01T15:37:12.4531328+01:00
506.453491,293.04953,1,2026-09-01T15:37:12.4852224+01:00
510.406738,302.482086,1,2026-09-01T15:37:12.5174016+01:00
516.004822,313.310883,1,2026-09-01T15:37:12.5492480+01:00
519.100647,323.925476,1,2026-09-01T15:37:12.5813760+01:00
522.84021,333.541473,1,2026-09-01T15:37:12.6145152+01:00
526.875916,340.948364,1,2026-09-01T15:37:12.6613248+01:00
532.60437,346.294617,1,2026-09-01T15:37:12.6932736+01:00
539.345032,348.763702,1,2026-09-01T15:37:12.7253888+01:00
545.438721,350.088928,1,2026-09-01T15:37:12.7572224+01:00
553.362305,351.453461,1,2026-09-01T15:37:12.7894912+01:00
559.892944,350.705261,1,2026-09-01T15:37:12.8211200+01:00
564.879883,351.506805,2,2026-09-01T15:37:12.8530176+01:00
567.169556,350.075531,2,2026-09-01T15:37:12.8853248+01:00
571.332642,348.787964,2,2026-09-01T15:37:12.9179136+01:00
574.714905,346.847778,2,2026-09-01T15:37:12.9492864+01:00
576.06189,344.767639,2,2026-09-01T15:37:12.9816704+01:00
574.910828,342.179993,2,2026-09-01T15:37:13.0294912+01:00
574.703918,338.689606,2,2026-09-01T15:37:13.0617344+01:00
570.950745,335.528412,2,2026-09-01T15:37:13.0929792+01:00
564.197571,331.251404,2,2026-09-01T15:37:13.1251968+01:00
558.230286,326.602539,2,2026-09-01T15:37:13.1572864+01:00
547.97644,321.269897,2,2026-09-01T15:37:13.1890176+01:00
533.059143,315.212372,2,2026-09-01T15:37:13.2213504+01:00
515.736023,306.515045,2,2026-09-01T15:37:13.2533760+01:00
495.717682,296.964844,2,2026-09-01T15:37:13.2857216+01:00
476.438141,287.924988,2,2026-09-01T15:37:13.3175424+01:00
453.552307,283.883423,2,2026-09-01T15:37:13.3494656+01:00
427.241608,286.801941,2,2026-09-01T15:37:13.3974400+01:00
401.751373,296.43045,2,2026-09-01T15:37:13.4294912+01:00
370.581512,311.532349,2,2026-09-01T15:37:13.4617216+01:00
342.180542,325.644806,2,2026-09-01T15:37:13.4933632+01:00
318.772461,335.84082,2,2026-09-01T15:37:13.5255936+01:00
297.210754,341.251556,2,2026-09-01T15:37:13.5573376+01:00
279.09726,343.543182,2,2026-09-01T15:37:13.5895040+01:00
265.477509,342.996765,2,2026-09-01T15:37:13.6211072+01:00
253.02533,342.228546,2,2026-09-01T15:37:13.6544384+01:00
241.100876,342.748627,2,2026-09-01T15:37:13.6851328+01:00
231.105362,344.250977,2,2026-09-01T15:37:13.7178112+01:00
219.293198,344.371887,3,2026-09-01T15:37:13.7657984+01:00
211.738373,345.03717,3,2026-09-01T15:37:13.7976704+01:00
209.45575,343.049896,3,2026-09-01T15:37:13.8295680+01:00
213.025131,332.796753,3,2026-09-01T15:37:13.8614272+01:00
216.706116,326.834076,3,2026-09-01T15:37:13.8935936+01:00
223.596802,318.279755,3,2026-09-01T15:37:13.9252480+01:00
230.608307,309.961517,3,2026-09-01T15:37:13.9574016+01:00
238.130249,301.354279,3,2026-09-01T15:37:13.9897856+01:00
244.698685,296.62204,3,2026-09-01T15:37:14.0215680+01:00
251.210922,290.5513,3,2026-09-01T15:37:14.0532736+01:00
260.504364,282.304504,3,2026-09-01T15:37:14.0857216+01:00
268.948029,274.626709,3,2026-09-01T15:37:14.1336192+01:00
278.615509,267.470581,3,2026-09-01T15:37:14.1654528+01:00
289.216553,258.951965,3,2026-09-01T15:37:14.1979776+01:00
300.814728,250.443512,3,2026-09-01T15:37:14.2296448+01:00
309.786224,240.886398,3,2026-09-01T15:37:14.2615808+01:00
319.897125,228.435074,3,2026-09-01T15:37:14.2935424+01:00
330.116974,212.3918,3,2026-09-01T15:37:14.3258752+01:00
339.21933,194.719711,3,2026-09-01T15:37:14.3577856+01:00
348.199249,175.535721,3,2026-09-01T15:37:14.3895296+01:00
353.126343,156.001389,3,2026-09-01T15:37:14.4217216+01:00
356.275024,137.966843,3,2026-09-01T15:37:14.4538880+01:00
355.785095,119.610252,3,2026-09-01T15:37:14.5017984+01:00
354.393036,102.446205,3,2026-09-01T15:37:14.5336704+01:00
353.325012,87.8525009,3,2026-09-01T15:37:14.5657728+01:00
349.663818,75.5373001,3,2026-09-01T15:37:14.5977984+01:00
343.921967,63.9043922,4,2026-09-01T15:37:14.6295424+01:00
336.294556,51.3766594,4,2026-09-01T15:37:14.6616960+01:00
324.908051,39.9838028,4,2026-09-01T15:37:14.6934016+01:00
305.249176,34.3387146,4,2026-09-01T15:37:14.7254400+01:00
282.287109,30.9360714,4,2026-09-01T15:37:14.7574016+01:00
260.356384,26.4544411,4,2026-09-01T15:37:14.7896192+01:00
233.8526,33.333786,4,2026-09-01T15:37:14.8217472+01:00
213.34021,40.4782562,4,2026-09-01T15:37:14.8539136+01:00
200.099533,45.6631432,4,2026-09-01T15:37:14.9018624+01:00
191.38002,43.7057037,4,2026-09-01T15:37:14.9337600+01:00
193.028152,77.7950287,4,2026-09-01T15:37:14.9656192+01:00
200.60672,75.7132797,4,2026-09-01T15:37:14.9977472+01:00
218.677505,79.6200714,4,2026-09-01T15:37:15.0296832+01:00
240.237686,81.7803802,4,2026-09-01T15:37:15.0616960+01:00
264.697723,84.9009628,4,2026-09-01T15:37:15.0939264+01:00
283.108673,97.2733994,4,2026-09-01T15:37:15.1253760+01:00
307.607239,98.3656845,4,2026-09-01T15:37:15.1577088+01:00
329.017761,98.1964951,4,2026-09-01T15:37:15.1898496+01:00
348.611298,96.2083054,4,2026-09-01T15:37:15.2217216+01:00
367.466248,92.3027725,4,2026-09-01T15:37:15.2695808+01:00
383.989746,89.4777756,4,2026-09-01T15:37:15.3018624+01:00
401.27179,87.1870041,4,2026-09-01T15:37:15.3338624+01:00
415.232697,85.6903763,4,2026-09-01T15:37:15.3656576+01:00
431.121918,84.9828415,4,2026-09-01T15:37:15.3980160+01:00
445.14743,83.6399918,4,2026-09-01T15:37:15.4296832+01:00
459.658112,80.470665,4,2026-09-01T15:37:15.4616320+01:00
471.147217,77.1996002,4,2026-09-01T15:37:15.4935680+01:00
486.28299,71.9497986,4,2026-09-01T15:37:15.5259520+01:00
497.926605,72.0772171,4,2026-09-01T15:37:15.5579008+01:00
511.699707,63.8019753,4,2026-09-01T15:37:15.5897472+01:00
524.437195,71.709343,4,2026-09-01T15:37:15.6375168+01:00
536.092834,74.1127777,4,2026-09-01T15:37:15.6696960+01:00
550.859558,125.564598,5,2026-09-01T15:37:16.0375424+01:00
536.510498,136.067276,5,2026-09-01T15:37:16.0699776+01:00
527.537537,143.679138,5,2026-09-01T15:37:16.1023232+01:00
515.874817,150.652908,5,2026-09-01T15:37:16.1340288+01:00
499.541168,155.101105,5,2026-09-01T15:37:16.1658240+01:00
488.819397,148.408264,5,2026-09-01T15:37:16.1979008+01:00
476.705383,137.71199,5,2026-09-01T15:37:16.2298752+01:00
464.852295,121.203674,5,2026-09-01T15:37:16.2613632+01:00
450.911011,102.818459,5,2026-09-01T15:37:16.2938368+01:00
436.737976,82.4704742,5,2026-09-01T15:37:16.3261824+01:00
423.896423,65.7567291,5,2026-09-01T15:37:16.3735168+01:00
413.68396,53.9183044,5,2026-09-01T15:37:16.4056448+01:00
405.308807,45.18116,5,2026-09-01T15:37:16.4378368+01:00
400.448273,43.4557381,5,2026-09-01T15:37:16.4699008+01:00
394.976959,44.3699265,6,2026-09-01T15:37:16.5019904+01:00
390.285553,48.28862,6,2026-09-01T15:37:16.5337984+01:00
384.701813,56.4374695,6,2026-09-01T15:37:16.5661312+01:00
380.820038,65.3545609,6,2026-09-01T15:37:16.5981184+01:00
375.317474,74.1051025,6,2026-09-01T15:37:16.6302464+01:00
368.999023,82.8452072,6,2026-09-01T15:37:16.6621696+01:00
361.42746,92.9275894,6,2026-09-01T15:37:16.6935296+01:00
353.57016,104.789017,6,2026-09-01T15:37:16.7420800+01:00
348.264679,119.206406,6,2026-09-01T15:37:16.7737216+01:00
343.214539,137.008926,6,2026-09-01T15:37:16.8058240+01:00
336.710724,158.075027,6,2026-09-01T15:37:16.8379008+01:00
328.232269,181.083282,6,2026-09-01T15:37:16.8700160+01:00
320.651062,201.265427,6,2026-09-01T15:37:16.9019776+01:00
323.7966,216.831314,6,2026-09-01T15:37:16.9340160+01:00
331.690826,231.919693,6,2026-09-01T15:37:16.9655808+01:00
344.886261,246.491257,6,2026-09-01T15:37:16.9979520+01:00
362.153748,258.584473,6,2026-09-01T15:37:17.0298368+01:00
381.411163,271.347534,6,2026-09-01T15:37:17.0619648+01:00
401.946411,286.859467,6,2026-09-01T15:37:17.0936960+01:00
420.352325,304.102417,6,2026-09-01T15:37:17.1418496+01:00
435.584717,320.568329,6,2026-09-01T15:37:17.1735424+01:00
451.004333,331.163025,6,2026-09-01T15:37:17.2060800+01:00
465.158356,337.510834,6,2026-09-01T15:37:17.2375296+01:00
478.773376,340.053253,6,2026-09-01T15:37:17.2700672+01:00
489.840149,339.637665,6,2026-09-01T15:37:17.3019136+01:00
500.320557,338.854126,6,2026-09-01T15:37:17.3337472+01:00
507.008453,338.786102,6,2026-09-01T15:37:17.3661568+01:00
507.354828,341.596558,7,2026-09-01T15:37:17.3977856+01:00
503.957214,345.508759,7,2026-09-01T15:37:17.4299520+01:00
494.302399,349.069427,7,2026-09-01T15:37:17.4617984+01:00
480.546783,352.735474,7,2026-09-01T15:37:17.5098624+01:00
466.954773,356.074585,7,2026-09-01T15:37:17.5417856+01:00
451.5,358.715942,7,2026-09-01T15:37:17.5738880+01:00
434.468933,360.967926,7,2026-09-01T15:37:17.6058496+01:00
380.635773,363.693817,7,2026-09-01T15:37:17.7339904+01:00
380.284607,361.137817,7,2026-09-01T15:37:17.7660544+01:00
374.409424,356.385864,7,2026-09-01T15:37:17.7978112+01:00
364.183167,350.787079,7,2026-09-01T15:37:17.8298880+01:00
352.323792,343.15271,7,2026-09-01T15:37:17.8777728+01:00
338.065704,330.612823,7,2026-09-01T15:37:17.9102080+01:00
320.87738,314.358612,7,2026-09-01T15:37:17.9422720+01:00
300.844269,291.471741,7,2026-09-01T15:37:17.9738240+01:00
290.080536,283.371246,7,2026-09-01T15:37:18.0059648+01:00
257.327545,221.694305,7,2026-09-01T15:37:18.0377600+01:00
243.788132,203.247894,7,2026-09-01T15:37:18.0701184+01:00
231.060532,187.087662,7,2026-09-01T15:37:18.1023616+01:00
215.624878,173.066864,7,2026-09-01T15:37:18.1341184+01:00
201.301971,156.818527,7,2026-09-01T15:37:18.1661824+01:00
190.335663,141.122665,7,2026-09-01T15:37:18.1981824+01:00
189.147247,138.378448,7,2026-09-01T15:37:18.2462080+01:00
187.120392,133.068787,7,2026-09-01T15:37:18.2783744+01:00
174.502609,116.792976,7,2026-09-01T15:37:18.3099520+01:00
163.068161,105.178543,7,2026-09-01T15:37:18.3419520+01:00
152.062805,100.006439,8,2026-09-01T15:37:18.3743488+01:00
149.512253,104.085373,8,2026-09-01T15:37:18.4699264+01:00
162.580643,105.853493,8,2026-09-01T15:37:18.5020544+01:00
174.9664,102.246414,8,2026-09-01T15:37:18.5340160+01:00
194.347687,104.557152,8,2026-09-01T15:37:18.5663360+01:00
214.175781,110.262794,8,2026-09-01T15:37:18.6142336+01:00
237.764633,116.609047,8,2026-09-01T15:37:18.6459008+01:00
250.62468,131.131775,8,2026-09-01T15:37:18.6782464+01:00
278.112183,131.845779,8,2026-09-01T15:37:18.7096832+01:00
308.43692,127.916512,8,2026-09-01T15:37:18.7418880+01:00
332.977051,121.885536,8,2026-09-01T15:37:18.7742592+01:00
350.845734,113.977905,8,2026-09-01T15:37:18.8061056+01:00
363.074524,106.641357,8,2026-09-01T15:37:18.8380032+01:00
371.81958,98.3736038,8,2026-09-01T15:37:18.8699520+01:00
373.249298,90.4709167,8,2026-09-01T15:37:18.9025024+01:00
368.238464,82.715477,8,2026-09-01T15:37:18.9341312+01:00
358.592896,74.4530563,8,2026-09-01T15:37:18.9825536+01:00
345.508972,67.8490143,8,2026-09-01T15:37:19.0143872+01:00
330.075378,64.1385803,8,2026-09-01T15:37:19.0461824+01:00
315.333923,67.16259,8,2026-09-01T15:37:19.0780416+01:00
302.09198,74.0795822,9,2026-09-01T15:37:19.1102080+01:00
290.933167,85.835434,9,2026-09-01T15:37:19.1419392+01:00
292.487305,95.6900482,9,2026-09-01T15:37:19.1744768+01:00
297.165741,106.347397,9,2026-09-01T15:37:19.2060544+01:00
306.224243,116.326378,9,2026-09-01T15:37:19.2380672+01:00
317.248138,126.76239,9,2026-09-01T15:37:19.2698752+01:00
330.146057,136.6828,9,2026-09-01T15:37:19.3022336+01:00
341.512817,146.658707,9,2026-09-01T15:37:19.3503616+01:00
350.515137,155.88443,9,2026-09-01T15:37:19.3825792+01:00
359.37323,161.179764,9,2026-09-01T15:37:19.4140288+01:00
368.21933,166.305023,9,2026-09-01T15:37:19.4461696+01:00
377.016785,172.777512,9,2026-09-01T15:37:19.4778496+01:00
384.829224,178.237686,9,2026-09-01T15:37:19.5100800+01:00
392.964447,183.826141,9,2026-09-01T15:37:19.5423104+01:00
399.703674,188.539566,9,2026-09-01T15:37:19.5745408+01:00
407.595978,192.069199,9,2026-09-01T15:37:19.6060032+01:00
414.072357,194.587845,9,2026-09-01T15:37:19.6387712+01:00
418.902985,196.265152,9,2026-09-01T15:37:19.6702720+01:00
425.903351,196.769684,9,2026-09-01T15:37:19.7182080+01:00
433.394562,196.984222,9,2026-09-01T15:37:19.7502848+01:00
437.570343,197.508911,9,2026-09-01T15:37:19.7818368+01:00
443.43692,196.987869,9,2026-09-01T15:37:19.8141696+01:00
448.744385,194.992172,9,2026-09-01T15:37:19.8459904+01:00
454.868103,193.349228,10,2026-09-01T15:37:19.8783360+01:00
459.711395,189.328735,10,2026-09-01T15:37:19.9102848+01:00
464.193146,185.599609,10,2026-09-01T15:37:19.9423104+01:00
469.608551,181.5728,10,2026-09-01T15:37:19.9745408+01:00
471.804077,178.603134,10,2026-09-01T15:37:20.0062976+01:00
476.096008,176.176605,10,2026-09-01T15:37:20.0381568+01:00
475.121887,176.654083,10,2026-09-01T15:37:20.0862080+01:00
481.665405,172.60463,10,2026-09-01T15:37:20.1186432+01:00
482.046326,170.827484,10,2026-09-01T15:37:20.1502080+01:00
482.542206,167.684311,10,2026-09-01T15:37:20.1826048+01:00
477.973419,166.189316,10,2026-09-01T15:37:20.2144256+01:00
470.166382,167.460373,10,2026-09-01T15:37:20.2462336+01:00
459.905365,171.477844,10,2026-09-01T15:37:20.2781056+01:00
445.876678,179.633286,10,2026-09-01T15:37:20.3107712+01:00
429.811157,189.66098,10,2026-09-01T15:37:20.3425536+01:00
409.648956,198.686142,10,2026-09-01T15:37:20.3745408+01:00
391.411041,207.865494,10,2026-09-01T15:37:20.4062464+01:00
372.156189,214.898178,10,2026-09-01T15:37:20.4550784+01:00
352.298645,222.3936,10,2026-09-01T15:37:20.4866304+01:00
328.865509,230.133194,10,2026-09-01T15:37:20.5187584+01:00
302.089508,239.630508,10,2026-09-01T15:37:20.5509376+01:00
272.289124,250.873505,10,2026-09-01T15:37:20.5822720+01:00
240.640335,260.481293,10,2026-09-01T15:37:20.6142976+01:00
213.349319,273.80838,10,2026-09-01T15:37:20.6466304+01:00
177.815659,276.313995,10,2026-09-01T15:37:20.6785408+01:00
147.35318,278.021423,10,2026-09-01T15:37:20.7104256+01:00
120.574226,268.967529,10,2026-09-01T15:37:20.7425152+01:00
95.5865021,246.66687,10,2026-09-01T15:37:20.7745792+01:00
Value.Item1.X,Value.Item1.Y,Value.Item2,Timestamp
452.777679,36.8827858,1,2026-09-01T15:37:34.3666560+01:00
451.585907,33.8733864,1,2026-09-01T15:37:34.3988736+01:00
452.593689,32.4626694,1,2026-09-01T15:37:34.4470272+01:00
453.335907,32.5575714,1,2026-09-01T15:37:34.4789248+01:00
454.87851,34.3745766,1,2026-09-01T15:37:34.5107456+01:00
457.712433,38.409317,1,2026-09-01T15:37:34.5431296+01:00
460.758362,47.4726524,1,2026-09-01T15:37:34.5749376+01:00
463.692963,61.706131,1,2026-09-01T15:37:34.6071808+01:00
466.502472,78.316658,1,2026-09-01T15:37:34.6389760+01:00
466.443695,97.4556046,1,2026-09-01T15:37:34.6711040+01:00
464.404327,117.922226,1,2026-09-01T15:37:34.7030912+01:00
461.557098,136.553635,1,2026-09-01T15:37:34.7351552+01:00
460.587036,152.168808,1,2026-09-01T15:37:34.7671424+01:00
461.384613,165.315826,1,2026-09-01T15:37:34.8152192+01:00
464.716156,175.885437,2,2026-09-01T15:37:34.8471168+01:00
470.449371,184.552612,2,2026-09-01T15:37:34.8787456+01:00
477.366608,193.216797,2,2026-09-01T15:37:34.9110272+01:00
483.19989,202.416794,2,2026-09-01T15:37:34.9432576+01:00
490.318756,210.827316,2,2026-09-01T15:37:34.9747712+01:00
494.097382,218.98024,2,2026-09-01T15:37:35.0070912+01:00
497.595734,224.227951,2,2026-09-01T15:37:35.0391296+01:00
500.782654,227.317795,2,2026-09-01T15:37:35.0710784+01:00
503.043518,230.629608,2,2026-09-01T15:37:35.1030528+01:00
504.234497,233.982697,2,2026-09-01T15:37:35.1351808+01:00
503.61908,234.585327,2,2026-09-01T15:37:35.1831168+01:00
504.024323,232.173737,2,2026-09-01T15:37:35.2152576+01:00
504.796539,229.419281,2,2026-09-01T15:37:35.2471552+01:00
504.726624,226.290588,2,2026-09-01T15:37:35.2789376+01:00
502.438934,223.740921,2,2026-09-01T15:37:35.3110144+01:00
500.836945,219.104218,2,2026-09-01T15:37:35.3428992+01:00
498.9133,212.628296,2,2026-09-01T15:37:35.3748224+01:00
495.45636,202.370972,2,2026-09-01T15:37:35.4070144+01:00
490.051422,186.466812,2,2026-09-01T15:37:35.4391168+01:00
482.040619,167.263092,2,2026-09-01T15:37:35.4711040+01:00
471.234375,143.795746,2,2026-09-01T15:37:35.5030144+01:00
457.58847,119.914383,2,2026-09-01T15:37:35.5509888+01:00
441.788452,101.008018,2,2026-09-01T15:37:35.5832320+01:00
424.505066,88.0729065,2,2026-09-01T15:37:35.6150528+01:00
405.895874,81.178093,2,2026-09-01T15:37:35.6474240+01:00
388.502655,78.4862823,2,2026-09-01T15:37:35.6792192+01:00
371.375488,81.4092102,2,2026-09-01T15:37:35.7116544+01:00
356.163239,88.1369629,2,2026-09-01T15:37:35.7436288+01:00
343.596466,98.0922012,2,2026-09-01T15:37:35.7752320+01:00
328.223328,110.244804,2,2026-09-01T15:37:35.8068864+01:00
326.908813,125.619621,3,2026-09-01T15:37:35.8389248+01:00
317.64328,124.459862,3,2026-09-01T15:37:35.8714112+01:00
315.161865,134.112823,3,2026-09-01T15:37:35.9193344+01:00
314.34201,145.121384,3,2026-09-01T15:37:35.9515136+01:00
304.692749,152.295547,3,2026-09-01T15:37:35.9840640+01:00
301.466675,153.215759,3,2026-09-01T15:37:36.0150400+01:00
297.752777,150.309448,3,2026-09-01T15:37:36.0471296+01:00
292.811462,148.471893,3,2026-09-01T15:37:36.0788608+01:00
317.337982,168.483902,3,2026-09-01T15:37:36.1113472+01:00
306.202454,170.275772,3,2026-09-01T15:37:36.1430144+01:00
303.543121,160.642578,3,2026-09-01T15:37:36.1753984+01:00
306.461853,180.690445,3,2026-09-01T15:37:36.2077440+01:00
310.356354,177.641068,3,2026-09-01T15:37:36.2394880+01:00
328.269226,186.662704,3,2026-09-01T15:37:36.2715904+01:00
344.182831,210.229431,3,2026-09-01T15:37:36.3194240+01:00
360.412537,228.835052,3,2026-09-01T15:37:36.3513216+01:00
370.9375,252.086655,3,2026-09-01T15:37:36.3832960+01:00
376.407837,278.122375,3,2026-09-01T15:37:36.4150144+01:00
378.280975,301.637543,3,2026-09-01T15:37:36.4468992+01:00
373.377075,322.103516,3,2026-09-01T15:37:36.4792960+01:00
365.495392,333.634125,3,2026-09-01T15:37:36.5113216+01:00
359.070068,338.286652,3,2026-09-01T15:37:36.5433088+01:00
349.949799,336.834412,4,2026-09-01T15:37:36.5751424+01:00
338.707733,324.913177,4,2026-09-01T15:37:36.6071424+01:00
329.167328,301.702484,4,2026-09-01T15:37:36.6389504+01:00
345.001099,315.225494,4,2026-09-01T15:37:36.6874368+01:00
319.172882,285.596954,4,2026-09-01T15:37:36.7194752+01:00
308.37323,273.810242,4,2026-09-01T15:37:36.7513600+01:00
302.349548,266.575958,4,2026-09-01T15:37:36.7836416+01:00
277.279358,261.538391,4,2026-09-01T15:37:36.8154240+01:00
243.583252,266.438812,4,2026-09-01T15:37:36.8471040+01:00
220.273041,266.023376,4,2026-09-01T15:37:36.8792192+01:00
216.411804,270.945099,4,2026-09-01T15:37:36.9111680+01:00
233.406464,267.892822,4,2026-09-01T15:37:36.9436928+01:00
265.139893,247.782578,4,2026-09-01T15:37:36.9752960+01:00
308.192322,224.077621,4,2026-09-01T15:37:37.0073344+01:00
352.084442,198.897675,4,2026-09-01T15:37:37.0549888+01:00
390.229126,177.194641,4,2026-09-01T15:37:37.0873088+01:00
422.516174,156.763962,4,2026-09-01T15:37:37.1192576+01:00
452.440643,136.719727,4,2026-09-01T15:37:37.1511296+01:00
477.205414,122.306602,4,2026-09-01T15:37:37.1833216+01:00
497.387909,112.611115,4,2026-09-01T15:37:37.2151424+01:00
517.909607,104.255447,4,2026-09-01T15:37:37.2471552+01:00
536.6203,99.1581268,4,2026-09-01T15:37:37.2796800+01:00
552.555481,97.5370789,4,2026-09-01T15:37:37.3118592+01:00
562.126526,98.4199753,4,2026-09-01T15:37:37.3432064+01:00
572.103943,101.845474,4,2026-09-01T15:37:37.3753856+01:00
579.565369,106.992821,4,2026-09-01T15:37:37.4230016+01:00
584.40332,114.035843,4,2026-09-01T15:37:37.4555264+01:00
590.452515,120.716461,4,2026-09-01T15:37:37.4876416+01:00
593.929993,126.597015,5,2026-09-01T15:37:37.5191040+01:00
600.72876,130.866638,5,2026-09-01T15:37:37.5515648+01:00
604.892944,136.50856,5,2026-09-01T15:37:37.5831424+01:00
611.567505,136.489243,5,2026-09-01T15:37:37.6155904+01:00
616.083862,129.900772,5,2026-09-01T15:37:37.6473216+01:00
617.000244,123.792038,5,2026-09-01T15:37:37.6793856+01:00
619.662781,115.287506,5,2026-09-01T15:37:37.7115136+01:00
620.170959,52.3592682,5,2026-09-01T15:37:37.9510784+01:00
593.276062,64.4149933,5,2026-09-01T15:37:37.9833856+01:00
573.714722,77.0720444,5,2026-09-01T15:37:38.0151424+01:00
552.861084,92.6801758,5,2026-09-01T15:37:38.0474112+01:00
521.609375,110.177834,5,2026-09-01T15:37:38.0794880+01:00
488.170319,122.274948,5,2026-09-01T15:37:38.1115392+01:00
453.744293,133.212128,5,2026-09-01T15:37:38.1597696+01:00
417.466461,143.564865,5,2026-09-01T15:37:38.1920896+01:00
385.438446,154.421402,5,2026-09-01T15:37:38.2235776+01:00
352.364227,162.4375,5,2026-09-01T15:37:38.2559104+01:00
317.763641,170.592484,5,2026-09-01T15:37:38.2876800+01:00
285.40152,177.050812,5,2026-09-01T15:37:38.3193984+01:00
251.121994,184.804489,5,2026-09-01T15:37:38.3514112+01:00
222.831757,191.372009,5,2026-09-01T15:37:38.3830912+01:00
221.885956,187.283493,5,2026-09-01T15:37:38.4156544+01:00
211.702042,190.383087,5,2026-09-01T15:37:38.4475136+01:00
206.89743,193.670944,5,2026-09-01T15:37:38.4796928+01:00
205.559616,231.656448,5,2026-09-01T15:37:38.5115264+01:00
214.041092,246.386612,5,2026-09-01T15:37:38.5595264+01:00
224.28157,251.080536,5,2026-09-01T15:37:38.5913216+01:00
246.225571,261.76825,5,2026-09-01T15:37:38.6231168+01:00
261.408295,266.469971,5,2026-09-01T15:37:38.6555520+01:00
286.060272,263.05307,5,2026-09-01T15:37:38.6873856+01:00
307.438202,254.797226,5,2026-09-01T15:37:38.7195904+01:00
323.553558,243.611389,5,2026-09-01T15:37:38.7512832+01:00
334.89566,228.561691,5,2026-09-01T15:37:38.7834496+01:00
339.391266,211.980896,5,2026-09-01T15:37:38.8153728+01:00
340.072144,195.647141,6,2026-09-01T15:37:38.8478208+01:00
333.886078,184.538589,6,2026-09-01T15:37:38.8799232+01:00
325.044342,178.705643,6,2026-09-01T15:37:38.9276672+01:00
312.049255,177.949997,6,2026-09-01T15:37:38.9593984+01:00
303.603546,182.047501,6,2026-09-01T15:37:38.9914624+01:00
295.147919,188.864807,6,2026-09-01T15:37:39.0235136+01:00
303.990265,191.408539,6,2026-09-01T15:37:39.0555776+01:00
306.618835,191.988876,6,2026-09-01T15:37:39.0874752+01:00
315.127686,190.080856,6,2026-09-01T15:37:39.1195008+01:00
320.822357,192.489319,6,2026-09-01T15:37:39.1517184+01:00
321.073334,200.404648,6,2026-09-01T15:37:39.1832448+01:00
317.849884,211.98999,6,2026-09-01T15:37:39.2156160+01:00
313.813324,229.443771,6,2026-09-01T15:37:39.2478336+01:00
311.543701,249.085022,6,2026-09-01T15:37:39.2969088+01:00
306.644104,272.742218,6,2026-09-01T15:37:39.3281152+01:00
304.228668,296.246582,6,2026-09-01T15:37:39.3594752+01:00
296.789551,320.629883,6,2026-09-01T15:37:39.3913344+01:00
287.414063,340.033142,6,2026-09-01T15:37:39.4235136+01:00
278.620819,349.631104,6,2026-09-01T15:37:39.4562048+01:00
276.768829,352.384216,6,2026-09-01T15:37:39.4874112+01:00
284.075378,348.79657,6,2026-09-01T15:37:39.5192192+01:00
299.678619,341.337158,7,2026-09-01T15:37:39.5517184+01:00
315.82605,327.090668,7,2026-09-01T15:37:39.5836672+01:00
336.307556,306.597321,7,2026-09-01T15:37:39.6158080+01:00
359.182465,277.499634,7,2026-09-01T15:37:39.6638208+01:00
384.34787,246.586548,7,2026-09-01T15:37:39.6956928+01:00
405.121582,219.231644,7,2026-09-01T15:37:39.7272960+01:00
420.218414,193.316055,7,2026-09-01T15:37:39.7596672+01:00
434.462524,169.970261,7,2026-09-01T15:37:39.7917312+01:00
441.07251,154.698669,7,2026-09-01T15:37:39.8236160+01:00
445.283905,144.167862,7,2026-09-01T15:37:39.8555392+01:00
447.522064,137.315552,7,2026-09-01T15:37:39.8878336+01:00
448.455475,132.749054,7,2026-09-01T15:37:39.9194240+01:00
448.150635,129.721542,7,2026-09-01T15:37:39.9515520+01:00
449.21463,122.196739,7,2026-09-01T15:37:39.9839232+01:00
448.734741,110.576843,7,2026-09-01T15:37:40.0316928+01:00
449.525269,94.8962097,7,2026-09-01T15:37:40.0638464+01:00
445.489655,79.993187,7,2026-09-01T15:37:40.0958336+01:00
440.892609,65.9510422,7,2026-09-01T15:37:40.1273600+01:00
431.756165,58.9309349,7,2026-09-01T15:37:40.1598592+01:00
421.37738,60.3505898,7,2026-09-01T15:37:40.1916160+01:00
412.231384,68.1256104,7,2026-09-01T15:37:40.2238464+01:00
404.312958,76.4282074,7,2026-09-01T15:37:40.2560256+01:00
395.867126,85.4590836,7,2026-09-01T15:37:40.2875648+01:00
388.364807,89.4864578,8,2026-09-01T15:37:40.3200256+01:00
380.765076,87.9236755,8,2026-09-01T15:37:40.3515392+01:00
372.134583,85.8561172,8,2026-09-01T15:37:40.3996672+01:00
363.566681,85.3349762,8,2026-09-01T15:37:40.4313984+01:00
354.912354,88.4471283,8,2026-09-01T15:37:40.4638976+01:00
344.730682,94.2404175,8,2026-09-01T15:37:40.4962304+01:00
331.163483,101.543846,8,2026-09-01T15:37:40.5277952+01:00
314.528717,101.469788,8,2026-09-01T15:37:40.5596672+01:00
302.739532,90.5752487,8,2026-09-01T15:37:40.5917952+01:00
287.843964,81.4775391,8,2026-09-01T15:37:40.6237824+01:00
266.871185,83.58078,8,2026-09-01T15:37:40.6559232+01:00
245.367691,73.6767426,8,2026-09-01T15:37:40.6884096+01:00
223.322784,58.8127785,8,2026-09-01T15:37:40.7194880+01:00
201.3069,46.0046387,8,2026-09-01T15:37:40.7516288+01:00
175.451797,40.4438171,8,2026-09-01T15:37:40.7995904+01:00
153.977432,27.9455776,8,2026-09-01T15:37:40.8317056+01:00
138.06395,87.4922791,9,2026-09-01T15:37:41.1998336+01:00
173.497803,102.483772,9,2026-09-01T15:37:41.2318208+01:00
209.084381,116.592361,9,2026-09-01T15:37:41.2639360+01:00
233.041458,136.904739,9,2026-09-01T15:37:41.2959360+01:00
255.187439,151.048233,9,2026-09-01T15:37:41.3279744+01:00
269.480682,171.008316,9,2026-09-01T15:37:41.3597440+01:00
287.216217,183.191498,9,2026-09-01T15:37:41.3916288+01:00
300.605011,196.029099,9,2026-09-01T15:37:41.4237184+01:00
310.70462,210.306793,9,2026-09-01T15:37:41.4554240+01:00
319.650635,228.449295,9,2026-09-01T15:37:41.4875776+01:00
322.148224,252.047073,9,2026-09-01T15:37:41.5358464+01:00
320.404999,278.56015,9,2026-09-01T15:37:41.5677696+01:00
319.018646,302.444,9,2026-09-01T15:37:41.6003200+01:00
311.643036,324.147461,9,2026-09-01T15:37:41.6320256+01:00
302.606262,338.192932,9,2026-09-01T15:37:41.6638976+01:00
293.080841,347.147217,9,2026-09-01T15:37:41.6954624+01:00
286.256348,351.982452,9,2026-09-01T15:37:41.7279360+01:00
283.574005,354.813416,9,2026-09-01T15:37:41.7598464+01:00
286.891113,356.648895,9,2026-09-01T15:37:41.7920384+01:00
295.74353,357.008301,9,2026-09-01T15:37:41.8236544+01:00
306.851044,356.420044,9,2026-09-01T15:37:41.8557568+01:00
317.604675,355.276733,9,2026-09-01T15:37:41.9038464+01:00
329.162537,353.43634,9,2026-09-01T15:37:41.9356800+01:00
339.735748,351.536621,9,2026-09-01T15:37:41.9680896+01:00
350.054169,348.601196,9,2026-09-01T15:37:41.9998592+01:00
359.281464,344.453735,9,2026-09-01T15:37:42.0315520+01:00
366.833038,340.413147,9,2026-09-01T15:37:42.0640512+01:00
371.729309,333.964905,10,2026-09-01T15:37:42.0963456+01:00
376.96579,323.209045,10,2026-09-01T15:37:42.1280896+01:00
380.850586,310.164764,10,2026-09-01T15:37:42.1601920+01:00
384.566345,294.913239,10,2026-09-01T15:37:42.1918336+01:00
391.256012,272.856171,10,2026-09-01T15:37:42.2240384+01:00
396.056335,248.089005,10,2026-09-01T15:37:42.2730240+01:00
400.413452,219.906204,10,2026-09-01T15:37:42.3040384+01:00
399.05249,186.913589,10,2026-09-01T15:37:42.3360384+01:00
395.293427,153.625763,10,2026-09-01T15:37:42.3684096+01:00
393.129211,121.948067,10,2026-09-01T15:37:42.4002048+01:00
389.305145,94.4569855,10,2026-09-01T15:37:42.4321920+01:00
387.854492,70.1920319,10,2026-09-01T15:37:42.4643328+01:00
384.377045,53.3148422,10,2026-09-01T15:37:42.4960384+01:00
375.809479,45.5952148,10,2026-09-01T15:37:42.5279872+01:00
366.028961,42.5999718,10,2026-09-01T15:37:42.5598464+01:00
359.251923,44.8335266,10,2026-09-01T15:37:42.5920384+01:00
350.96936,54.3093872,10,2026-09-01T15:37:42.6400000+01:00
338.54953,75.9873199,10,2026-09-01T15:37:42.6722304+01:00
315.742249,107.082588,10,2026-09-01T15:37:42.7043712+01:00
282.586517,138.492813,10,2026-09-01T15:37:42.7363456+01:00
241.657913,167.904739,10,2026-09-01T15:37:42.7682688+01:00
199.661743,193.539688,10,2026-09-01T15:37:42.8002304+01:00
159.7117,207.445908,10,2026-09-01T15:37:42.8319488+01:00
Value.Item1.X,Value.Item1.Y,Value.Item2,Timestamp
269.206726,361.847626,1,2026-09-01T15:37:54.9766016+01:00
268.028748,365.340881,1,2026-09-01T15:37:55.0088576+01:00
264.146942,368.620789,1,2026-09-01T15:37:55.0409344+01:00
265.734192,367.520111,1,2026-09-01T15:37:55.1845120+01:00
274.333344,363.975372,1,2026-09-01T15:37:55.2166656+01:00
284.409393,359.544434,1,2026-09-01T15:37:55.2490368+01:00
296.864288,352.44986,1,2026-09-01T15:37:55.2805760+01:00
313.618683,340.756836,1,2026-09-01T15:37:55.3126528+01:00
331.322601,322.216461,1,2026-09-01T15:37:55.3448576+01:00
351.237671,300.95816,1,2026-09-01T15:37:55.3769472+01:00
373.145416,278.584778,1,2026-09-01T15:37:55.4091520+01:00
399.997803,250.051041,1,2026-09-01T15:37:55.4408192+01:00
424.721222,224.689163,1,2026-09-01T15:37:55.4726656+01:00
446.432526,202.68692,1,2026-09-01T15:37:55.5044736+01:00
465.316711,183.380646,1,2026-09-01T15:37:55.5369856+01:00
480.575867,173.159561,1,2026-09-01T15:37:55.5847296+01:00
492.040222,170.645828,1,2026-09-01T15:37:55.6174464+01:00
498.737915,173.513702,1,2026-09-01T15:37:55.6487808+01:00
502.435028,178.458511,1,2026-09-01T15:37:55.6806528+01:00
502.435608,184.48204,2,2026-09-01T15:37:55.7128832+01:00
500.321777,189.250793,2,2026-09-01T15:37:55.7445120+01:00
498.574799,190.098495,2,2026-09-01T15:37:55.7766912+01:00
495.500183,186.997833,2,2026-09-01T15:37:55.8085760+01:00
493.990479,176.798782,2,2026-09-01T15:37:55.8408064+01:00
493.655609,163.83725,2,2026-09-01T15:37:55.8729088+01:00
493.7659,150.10759,2,2026-09-01T15:37:55.9048960+01:00
492.063171,138.883041,2,2026-09-01T15:37:55.9525632+01:00
491.654327,129.511627,2,2026-09-01T15:37:55.9849344+01:00
491.215942,122.16291,2,2026-09-01T15:37:56.0167040+01:00
491.873901,114.563225,2,2026-09-01T15:37:56.0488576+01:00
488.749939,109.81665,2,2026-09-01T15:37:56.0808704+01:00
484.45166,109.449112,2,2026-09-01T15:37:56.1128064+01:00
479.14386,114.827858,2,2026-09-01T15:37:56.1446912+01:00
474.487427,126.271332,2,2026-09-01T15:37:56.1767552+01:00
468.715088,147.37886,2,2026-09-01T15:37:56.2086400+01:00
461.098541,173.245346,2,2026-09-01T15:37:56.2408064+01:00
454.064209,196.081604,2,2026-09-01T15:37:56.2729984+01:00
447.033264,215.710281,2,2026-09-01T15:37:56.3206784+01:00
440.98761,231.037704,2,2026-09-01T15:37:56.3527936+01:00
436.299652,242.874298,2,2026-09-01T15:37:56.3851136+01:00
432.530212,251.128632,2,2026-09-01T15:37:56.4165504+01:00
431.776581,256.040894,3,2026-09-01T15:37:56.4488064+01:00
431.11853,258.088715,3,2026-09-01T15:37:56.4806144+01:00
430.217682,257.256042,3,2026-09-01T15:37:56.5126144+01:00
429.493317,252.934921,3,2026-09-01T15:37:56.5450496+01:00
427.456451,244.945526,3,2026-09-01T15:37:56.5768064+01:00
424.159851,232.239243,3,2026-09-01T15:37:56.6089344+01:00
419.108887,216.636917,3,2026-09-01T15:37:56.6409472+01:00
410.585693,199.199341,3,2026-09-01T15:37:56.6893056+01:00
400.572632,181.113007,3,2026-09-01T15:37:56.7207808+01:00
393.558899,164.536285,3,2026-09-01T15:37:56.7526016+01:00
391.476776,152.095093,3,2026-09-01T15:37:56.7848576+01:00
397.060059,139.478027,3,2026-09-01T15:37:56.8165248+01:00
406.910706,123.90049,3,2026-09-01T15:37:56.8492288+01:00
418.544556,108.960419,3,2026-09-01T15:37:56.8810496+01:00
431.15036,96.1018219,3,2026-09-01T15:37:56.9133696+01:00
441.618835,87.5870056,3,2026-09-01T15:37:56.9447936+01:00
451.212311,83.7847443,3,2026-09-01T15:37:56.9769600+01:00
459.870544,81.9390869,3,2026-09-01T15:37:57.0088704+01:00
468.110626,79.7498322,3,2026-09-01T15:37:57.0570624+01:00
475.549927,75.0799942,3,2026-09-01T15:37:57.0887680+01:00
480.079254,73.2719955,3,2026-09-01T15:37:57.1211136+01:00
486.148895,69.0319595,3,2026-09-01T15:37:57.1529216+01:00
491.504272,68.7405319,3,2026-09-01T15:37:57.1849344+01:00
495.721832,71.3745728,3,2026-09-01T15:37:57.2172928+01:00
495.301361,80.4728012,4,2026-09-01T15:37:57.2488704+01:00
500.244019,88.5336456,4,2026-09-01T15:37:57.2809728+01:00
501.026886,103.911728,4,2026-09-01T15:37:57.3127808+01:00
502.513,116.587982,4,2026-09-01T15:37:57.3452416+01:00
498.971069,128.140198,4,2026-09-01T15:37:57.3770240+01:00
494.892914,134.573807,4,2026-09-01T15:37:57.4093440+01:00
493.572998,135.047546,4,2026-09-01T15:37:57.4567424+01:00
494.473785,131.079285,4,2026-09-01T15:37:57.4891008+01:00
495.677429,127.195351,4,2026-09-01T15:37:57.5212032+01:00
497.285187,124.194275,4,2026-09-01T15:37:57.5532416+01:00
500.693176,118.819801,4,2026-09-01T15:37:57.5854336+01:00
501.55838,116.401619,4,2026-09-01T15:37:57.6172800+01:00
501.191284,115.216148,4,2026-09-01T15:37:57.6492416+01:00
498.259186,118.09565,4,2026-09-01T15:37:57.6809728+01:00
495.432953,124.290054,4,2026-09-01T15:37:57.7128192+01:00
491.071747,140.243835,4,2026-09-01T15:37:57.7449472+01:00
487.541199,163.407288,4,2026-09-01T15:37:57.7771136+01:00
483.456604,191.945267,4,2026-09-01T15:37:57.8248064+01:00
477.818329,227.683014,4,2026-09-01T15:37:57.8572928+01:00
467.744629,263.753571,4,2026-09-01T15:37:57.8888064+01:00
457.562744,292.007538,4,2026-09-01T15:37:57.9211136+01:00
451.552277,310.085358,4,2026-09-01T15:37:57.9530496+01:00
452.340302,322.008972,4,2026-09-01T15:37:57.9853312+01:00
455.385803,329.530457,4,2026-09-01T15:37:58.0168448+01:00
462.046509,333.52005,4,2026-09-01T15:37:58.0489472+01:00
470.688171,336.04361,4,2026-09-01T15:37:58.0810368+01:00
474.919861,338.552155,4,2026-09-01T15:37:58.1130112+01:00
479.502563,340.205353,4,2026-09-01T15:37:58.1454208+01:00
486.39682,340.823608,4,2026-09-01T15:37:58.1927040+01:00
490.021179,342.081818,5,2026-09-01T15:37:58.2252544+01:00
493.899536,341.494293,5,2026-09-01T15:37:58.2567424+01:00
498.062531,341.469604,5,2026-09-01T15:37:58.2889216+01:00
498.774048,340.223907,5,2026-09-01T15:37:58.3208704+01:00
498.449341,338.204346,5,2026-09-01T15:37:58.3528832+01:00
494.133209,335.453583,5,2026-09-01T15:37:58.3853696+01:00
490.522949,329.129486,5,2026-09-01T15:37:58.4171008+01:00
481.958221,323.277374,5,2026-09-01T15:37:58.4490752+01:00
469.47879,317.423645,5,2026-09-01T15:37:58.4812672+01:00
451.509186,310.700867,5,2026-09-01T15:37:58.5129856+01:00
430.53299,301.744629,5,2026-09-01T15:37:58.5609600+01:00
405.123535,294.298706,5,2026-09-01T15:37:58.5934208+01:00
380.333588,283.814362,5,2026-09-01T15:37:58.6255616+01:00
351.959076,264.29834,5,2026-09-01T15:37:58.6569216+01:00
319.080566,234.831207,5,2026-09-01T15:37:58.6895360+01:00
281.390137,198.078659,5,2026-09-01T15:37:58.7214080+01:00
240.326187,159.46814,5,2026-09-01T15:37:58.7528192+01:00
198.602325,127.007874,5,2026-09-01T15:37:58.7852928+01:00
161.301239,98.170372,5,2026-09-01T15:37:58.8171008+01:00
128.376297,72.1518555,5,2026-09-01T15:37:58.8492544+01:00
102.178429,51.7598038,5,2026-09-01T15:37:58.8811904+01:00
76.2638626,47.7678261,5,2026-09-01T15:37:58.9292544+01:00
46.80513,35.9179497,5,2026-09-01T15:37:58.9929472+01:00
26.6029911,37.3739319,5,2026-09-01T15:37:59.0249472+01:00
42.7524872,86.1338043,6,2026-09-01T15:37:59.2490624+01:00
82.2929459,94.9550629,6,2026-09-01T15:37:59.2974464+01:00
122.975594,117.515121,6,2026-09-01T15:37:59.3290240+01:00
165.496872,131.999725,6,2026-09-01T15:37:59.3610496+01:00
196.649857,154.15741,6,2026-09-01T15:37:59.3930624+01:00
227.982468,175.944397,6,2026-09-01T15:37:59.4252672+01:00
253.859451,190.637314,6,2026-09-01T15:37:59.4574080+01:00
269.226288,202.73703,6,2026-09-01T15:37:59.4889728+01:00
271.153992,212.035461,6,2026-09-01T15:37:59.5214976+01:00
263.226959,223.9095,7,2026-09-01T15:37:59.5534208+01:00
247.594894,236.961151,7,2026-09-01T15:37:59.5851136+01:00
231.926315,243.696762,7,2026-09-01T15:37:59.6174720+01:00
220.884888,233.344452,7,2026-09-01T15:37:59.6492672+01:00
220.156311,237.375153,7,2026-09-01T15:37:59.6976256+01:00
207.82254,223.501907,7,2026-09-01T15:37:59.7292416+01:00
200.152374,204.946869,7,2026-09-01T15:37:59.7613184+01:00
194.653961,191.076981,7,2026-09-01T15:37:59.7931776+01:00
192.427032,153.788986,7,2026-09-01T15:37:59.8250496+01:00
197.978882,143.438263,7,2026-09-01T15:37:59.8574080+01:00
204.598358,133.932175,7,2026-09-01T15:37:59.8890240+01:00
214.375412,132.87114,7,2026-09-01T15:37:59.9216896+01:00
233.871964,138.486267,7,2026-09-01T15:37:59.9535744+01:00
239.970215,134.679123,7,2026-09-01T15:37:59.9854720+01:00
257.464478,146.6763,7,2026-09-01T15:38:00.0172928+01:00
279.535126,155.908493,7,2026-09-01T15:38:00.0649344+01:00
302.600647,161.484894,7,2026-09-01T15:38:00.0979968+01:00
325.406677,165.903366,7,2026-09-01T15:38:00.1291136+01:00
347.917572,168.263336,7,2026-09-01T15:38:00.1612160+01:00
369.403839,167.532593,7,2026-09-01T15:38:00.1934976+01:00
390.337402,165.808304,7,2026-09-01T15:38:00.2251136+01:00
410.763428,164.233215,7,2026-09-01T15:38:00.2572544+01:00
429.608887,163.696198,7,2026-09-01T15:38:00.2899968+01:00
446.277039,163.613983,7,2026-09-01T15:38:00.3216768+01:00
462.694122,163.651154,7,2026-09-01T15:38:00.3535104+01:00
476.68512,160.591156,7,2026-09-01T15:38:00.3853952+01:00
488.485809,156.96994,7,2026-09-01T15:38:00.4331776+01:00
498.971527,151.15564,7,2026-09-01T15:38:00.4654080+01:00
506.121155,146.548935,7,2026-09-01T15:38:00.4974848+01:00
511.162445,146.436783,7,2026-09-01T15:38:00.5294592+01:00
513.046265,148.80162,8,2026-09-01T15:38:00.5612160+01:00
515.146606,153.962326,8,2026-09-01T15:38:00.5931648+01:00
514.483093,161.665329,8,2026-09-01T15:38:00.6251136+01:00
509.692566,171.018021,8,2026-09-01T15:38:00.6576640+01:00
503.871918,180.382416,8,2026-09-01T15:38:00.6898304+01:00
492.000122,195.015259,8,2026-09-01T15:38:00.7213568+01:00
477.065186,210.103989,8,2026-09-01T15:38:00.7534336+01:00
459.805328,223.579987,8,2026-09-01T15:38:00.8009984+01:00
442.46109,232.884277,8,2026-09-01T15:38:00.8337024+01:00
427.610626,234.781876,8,2026-09-01T15:38:00.8653952+01:00
413.363708,231.523453,8,2026-09-01T15:38:00.8975616+01:00
397.808685,228.193146,8,2026-09-01T15:38:00.9293568+01:00
377.679352,230.495972,8,2026-09-01T15:38:00.9614336+01:00
353.685272,239.080307,8,2026-09-01T15:38:00.9935488+01:00
327.334442,253.641479,8,2026-09-01T15:38:01.0252928+01:00
298.977722,272.131348,8,2026-09-01T15:38:01.0575360+01:00
269.908936,291.644196,8,2026-09-01T15:38:01.0902784+01:00
246.481567,308.376617,8,2026-09-01T15:38:01.1216000+01:00
226.371857,320.759247,8,2026-09-01T15:38:01.1693824+01:00
215.207138,318.796204,8,2026-09-01T15:38:01.2017792+01:00
207.756821,325.77356,8,2026-09-01T15:38:01.2337536+01:00
206.953217,329.963043,9,2026-09-01T15:38:01.2652800+01:00
212.848923,333.718597,9,2026-09-01T15:38:01.2972160+01:00
223.975433,335.826202,9,2026-09-01T15:38:01.3291392+01:00
237.405945,330.46817,9,2026-09-01T15:38:01.3612928+01:00
255.799088,318.703857,9,2026-09-01T15:38:01.3929856+01:00
274.301788,306.012756,9,2026-09-01T15:38:01.4254464+01:00
295.468018,287.507172,9,2026-09-01T15:38:01.4577408+01:00
315.987579,268.246613,9,2026-09-01T15:38:01.4897024+01:00
334.996674,247.216019,9,2026-09-01T15:38:01.5374336+01:00
351.139374,229.691391,9,2026-09-01T15:38:01.5696384+01:00
364.136169,214.223206,9,2026-09-01T15:38:01.6013184+01:00
372.502319,196.124557,9,2026-09-01T15:38:01.6336256+01:00
376.47464,178.903275,9,2026-09-01T15:38:01.6654720+01:00
378.074005,163.267609,9,2026-09-01T15:38:01.6974720+01:00
375.735748,153.577545,9,2026-09-01T15:38:01.7295488+01:00
369.967957,151.590927,9,2026-09-01T15:38:01.7613824+01:00
360.768982,157.891281,9,2026-09-01T15:38:01.7934208+01:00
350.19104,169.663345,9,2026-09-01T15:38:01.8256000+01:00
338.773193,185.828049,9,2026-09-01T15:38:01.8573824+01:00
323.908997,205.162643,9,2026-09-01T15:38:01.8897408+01:00
312.658203,217.189117,9,2026-09-01T15:38:01.9373440+01:00
303.388855,223.900879,9,2026-09-01T15:38:01.9699712+01:00
294.124908,228.393784,9,2026-09-01T15:38:02.0014720+01:00
287.532837,231.283035,9,2026-09-01T15:38:02.0336896+01:00
277.163116,226.467361,10,2026-09-01T15:38:02.0660736+01:00
273.689392,229.295135,10,2026-09-01T15:38:02.0977536+01:00
275.129028,233.605499,10,2026-09-01T15:38:02.1297152+01:00
288.362122,241.618744,10,2026-09-01T15:38:02.1613952+01:00
298.62854,246.253616,10,2026-09-01T15:38:02.1932416+01:00
313.647858,246.725235,10,2026-09-01T15:38:02.2255616+01:00
330.283997,246.748672,10,2026-09-01T15:38:02.2577408+01:00
346.316467,244.550293,10,2026-09-01T15:38:02.3056512+01:00
362.542389,240.888962,10,2026-09-01T15:38:02.3373824+01:00
377.696777,236.606995,10,2026-09-01T15:38:02.3697280+01:00
392.764526,231.879883,10,2026-09-01T15:38:02.4015744+01:00
403.555023,226.592392,10,2026-09-01T15:38:02.4337792+01:00
413.061523,223.17659,10,2026-09-01T15:38:02.4655872+01:00
417.811798,222.326706,10,2026-09-01T15:38:02.4977792+01:00
419.596558,225.826294,10,2026-09-01T15:38:02.5296384+01:00
417.613373,233.144073,10,2026-09-01T15:38:02.5620608+01:00
413.750641,244.397369,10,2026-09-01T15:38:02.5935104+01:00
405.277954,258.792755,10,2026-09-01T15:38:02.6260096+01:00
394.409637,274.43811,10,2026-09-01T15:38:02.6739712+01:00
384.024658,286.973633,10,2026-09-01T15:38:02.7058176+01:00
371.139679,296.574738,10,2026-09-01T15:38:02.7375616+01:00
357.863495,307.153961,10,2026-09-01T15:38:02.7698048+01:00
339.949768,318.142822,10,2026-09-01T15:38:02.8012288+01:00
318.16275,331.385803,10,2026-09-01T15:38:02.8336384+01:00
290.572266,344.031647,10,2026-09-01T15:38:02.8656384+01:00
253.758148,354.28894,10,2026-09-01T15:38:02.8975104+01:00
219.716873,359.071838,10,2026-09-01T15:38:02.9298432+01:00
190.824905,358.969116,10,2026-09-01T15:38:02.9614720+01:00
314.282959,434.471619,10,2026-09-01T15:44:32.0179456+01:00
313.209717,409.106506,10,2026-09-01T15:44:32.1777280+01:00
304.985352,411.926361,10,2026-09-01T15:44:32.2098560+01:00
311.265686,409.272644,10,2026-09-01T15:44:32.2416640+01:00
310.414856,401.798218,10,2026-09-01T15:44:32.2897664+01:00
302.482971,413.091064,10,2026-09-01T15:44:32.3540096+01:00
305.163544,410.05481,10,2026-09-01T15:44:32.3856640+01:00
297.461884,409.917206,10,2026-09-01T15:44:32.4182016+01:00
308.92511,408.968933,10,2026-09-01T15:44:32.4820224+01:00
310.295776,403.757782,10,2026-09-01T15:44:32.5139712+01:00
311.137909,410.694458,10,2026-09-01T15:44:32.5458816+01:00
311.06015,408.616547,10,2026-09-01T15:44:32.5777280+01:00
303.494019,404.033905,10,2026-09-01T15:44:32.6101376+01:00
302.863251,409.170288,10,2026-09-01T15:44:32.6582272+01:00
307.344666,411.943359,10,2026-09-01T15:44:32.6897920+01:00
312.510132,415.339844,10,2026-09-01T15:44:32.7223680+01:00
324.178467,406.150757,10,2026-09-01T15:44:32.7541248+01:00
448.098633,423.434113,10,2026-09-01T15:44:32.7861760+01:00
436.44516,425.263123,10,2026-09-01T15:44:32.8182784+01:00
389.08316,427.877258,10,2026-09-01T15:44:32.8502784+01:00
425.453217,427.724213,10,2026-09-01T15:44:32.8822272+01:00
295.870605,406.436951,10,2026-09-01T15:44:32.9143424+01:00
437.883087,420.01062,10,2026-09-01T15:44:32.9463168+01:00
308.154572,415.095795,10,2026-09-01T15:44:32.9780992+01:00
386.575867,421.856232,10,2026-09-01T15:44:33.0263296+01:00
479.034515,419.512268,10,2026-09-01T15:44:33.0581760+01:00
471.370575,416.882965,10,2026-09-01T15:44:33.0905344+01:00
473.503815,418.308899,10,2026-09-01T15:44:33.1221248+01:00
392.149475,429.04425,10,2026-09-01T15:44:33.1541120+01:00
451.481476,425.131195,10,2026-09-01T15:44:33.1867136+01:00
466.18512,418.573608,10,2026-09-01T15:44:33.2184832+01:00
471.804901,417.002197,10,2026-09-01T15:44:33.2501888+01:00
467.245209,414.227966,10,2026-09-01T15:44:33.2823936+01:00
455.840942,418.280304,10,2026-09-01T15:44:33.3142400+01:00
326.924225,412.5401,10,2026-09-01T15:44:33.3460480+01:00
318.628571,410.909637,10,2026-09-01T15:44:33.3945984+01:00
473.683502,415.230164,10,2026-09-01T15:44:33.4264576+01:00
299.445862,405.434845,10,2026-09-01T15:44:33.4583808+01:00
417.09317,420.520691,10,2026-09-01T15:44:33.4905984+01:00
419.901276,419.130157,10,2026-09-01T15:44:33.5225856+01:00
435.491852,422.28949,10,2026-09-01T15:44:33.5547264+01:00
411.496124,419.391266,10,2026-09-01T15:44:33.5865088+01:00
332.69165,408.967255,10,2026-09-01T15:44:33.6191360+01:00
310.543854,407.373383,10,2026-09-01T15:44:33.6507904+01:00
409.132629,418.640381,10,2026-09-01T15:44:33.6828800+01:00
322.921661,422.672211,10,2026-09-01T15:44:33.7144576+01:00
452.877747,422.154816,10,2026-09-01T15:44:33.7464576+01:00
309.431274,407.796204,10,2026-09-01T15:44:33.7947264+01:00
461.40799,419.693481,10,2026-09-01T15:44:33.8270848+01:00
426.441559,420.408234,10,2026-09-01T15:44:33.8584960+01:00
372.060944,416.852661,10,2026-09-01T15:44:33.8908032+01:00
431.163055,416.004028,10,2026-09-01T15:44:33.9227136+01:00
456.099823,417.051239,10,2026-09-01T15:44:33.9547904+01:00
425.078735,417.987762,10,2026-09-01T15:44:33.9867904+01:00
401.001099,416.201172,10,2026-09-01T15:44:34.0194688+01:00
357.176636,415.1828,10,2026-09-01T15:44:34.0510208+01:00
374.783112,412.771362,10,2026-09-01T15:44:34.0829696+01:00
338.388031,412.487701,10,2026-09-01T15:44:34.1148032+01:00
349.694885,414.859741,10,2026-09-01T15:44:34.1631872+01:00
367.711395,412.575348,10,2026-09-01T15:44:34.1953152+01:00
362.353302,413.118225,10,2026-09-01T15:44:34.2271360+01:00
560.404541,85.5891113,10,2026-09-01T15:44:34.2591104+01:00
383.302307,416.684937,10,2026-09-01T15:44:34.2911488+01:00
574.466736,91.003891,10,2026-09-01T15:44:34.3233408+01:00
346.790771,415.283844,10,2026-09-01T15:44:34.3552384+01:00
350.504547,407.345337,10,2026-09-01T15:44:34.3870976+01:00
440.15036,420.323364,10,2026-09-01T15:44:34.4196736+01:00
340.533112,407.302673,10,2026-09-01T15:44:34.4510080+01:00
561.616455,84.567749,10,2026-09-01T15:44:34.4833024+01:00
554.247375,86.4851074,10,2026-09-01T15:44:34.5309824+01:00
549.084595,88.3588104,10,2026-09-01T15:44:34.5634176+01:00
382.650269,416.21463,10,2026-09-01T15:44:34.5948416+01:00
502.646362,307.920105,10,2026-09-01T15:44:34.6269056+01:00
550.869629,85.4977112,10,2026-09-01T15:44:34.6590720+01:00
258.735199,349.041412,10,2026-09-01T15:44:34.6914432+01:00
572.754333,97.4039536,10,2026-09-01T15:44:34.7235200+01:00
549.218689,83.9607697,10,2026-09-01T15:44:34.7553536+01:00
552.675049,79.461235,10,2026-09-01T15:44:34.7873280+01:00
524.550964,267.519623,10,2026-09-01T15:44:34.8191488+01:00
560.448853,84.1114807,10,2026-09-01T15:44:34.8513024+01:00
565.745056,82.9824295,10,2026-09-01T15:44:34.8993024+01:00
573.247986,105.572159,10,2026-09-01T15:44:34.9314560+01:00
571.674988,97.100769,10,2026-09-01T15:44:34.9634816+01:00
571.922363,97.0724182,10,2026-09-01T15:44:34.9954048+01:00
509.796661,90.3884888,10,2026-09-01T15:44:35.0274176+01:00
574.183838,103.303513,10,2026-09-01T15:44:35.0600576+01:00
582.518616,104.753487,10,2026-09-01T15:44:35.0911616+01:00
543.997009,95.3261414,10,2026-09-01T15:44:35.1234304+01:00
570.286865,107.241829,10,2026-09-01T15:44:35.1553792+01:00
577.937927,112.565735,10,2026-09-01T15:44:35.1876224+01:00
560.508972,130.688156,10,2026-09-01T15:44:35.2194432+01:00
574.406982,94.0634384,10,2026-09-01T15:44:35.2674560+01:00
555.828308,86.6499786,10,2026-09-01T15:44:35.2995072+01:00
570.411133,106.67881,10,2026-09-01T15:44:35.3325184+01:00
524.004883,94.6042023,10,2026-09-01T15:44:35.3630464+01:00
557.538269,84.7878952,10,2026-09-01T15:44:35.3958912+01:00
573.376709,112.636147,10,2026-09-01T15:44:35.4273280+01:00
542.485718,105.84269,10,2026-09-01T15:44:35.4594560+01:00
522.80127,276.193878,10,2026-09-01T15:44:35.4917632+01:00
583.685425,109.715805,10,2026-09-01T15:44:35.5236608+01:00
555.626709,100.051582,10,2026-09-01T15:44:35.5551744+01:00
556.870544,109.115601,10,2026-09-01T15:44:35.5875456+01:00
566.034485,108.402054,10,2026-09-01T15:44:35.6194688+01:00
547.083313,102.05912,10,2026-09-01T15:44:35.6677760+01:00
544.977539,127.921921,10,2026-09-01T15:44:35.6990848+01:00
532.572205,111.623596,10,2026-09-01T15:44:35.7311360+01:00
524.649658,105.211639,10,2026-09-01T15:44:35.7632512+01:00
560.484436,112.228828,10,2026-09-01T15:44:35.7951616+01:00
547.676331,105.515335,10,2026-09-01T15:44:35.8274688+01:00
505.609711,102.387131,10,2026-09-01T15:44:35.8595456+01:00
529.684204,126.22982,10,2026-09-01T15:44:35.8915840+01:00
532.458923,111.220169,10,2026-09-01T15:44:35.9234304+01:00
552.784302,169.863174,10,2026-09-01T15:44:35.9552128+01:00
520.338928,119.66745,10,2026-09-01T15:44:35.9876096+01:00
531.958374,110.92971,10,2026-09-01T15:44:36.0353792+01:00
560.421692,125.614876,10,2026-09-01T15:44:36.0673536+01:00
527.7146,154.871719,10,2026-09-01T15:44:36.0992896+01:00
504.491241,120.662788,10,2026-09-01T15:44:36.1312000+01:00
508.432007,139.698776,10,2026-09-01T15:44:36.1631104+01:00
512.820618,130.820984,10,2026-09-01T15:44:36.1956352+01:00
527.211792,149.26149,10,2026-09-01T15:44:36.2269952+01:00
529.942322,108.886383,10,2026-09-01T15:44:36.2600704+01:00
526.001648,109.578156,10,2026-09-01T15:44:36.2914944+01:00
560.079712,129.591248,10,2026-09-01T15:44:36.3235712+01:00
494.254608,157.146637,10,2026-09-01T15:44:36.3555712+01:00
503.653809,128.486847,10,2026-09-01T15:44:36.4029696+01:00
539.233704,131.517639,10,2026-09-01T15:44:36.4359552+01:00
500.309631,108.702271,10,2026-09-01T15:44:36.4672256+01:00
535.867798,119.1987,10,2026-09-01T15:44:36.4996992+01:00
526.141785,117.972832,10,2026-09-01T15:44:36.5318912+01:00
503.33551,125.983109,10,2026-09-01T15:44:36.5639296+01:00
486.803894,104.697304,10,2026-09-01T15:44:36.5953024+01:00
519.981812,166.309387,10,2026-09-01T15:44:36.6271360+01:00
519.604797,145.911423,10,2026-09-01T15:44:36.6594688+01:00
493.436554,159.738297,10,2026-09-01T15:44:36.6917760+01:00
509.629669,131.897095,10,2026-09-01T15:44:36.7233536+01:00
515.474731,156.149429,10,2026-09-01T15:44:36.7716736+01:00
501.658142,119.338486,10,2026-09-01T15:44:36.8035456+01:00
496.535583,158.607681,10,2026-09-01T15:44:36.8352384+01:00
465.373657,114.18544,10,2026-09-01T15:44:36.8678016+01:00
494.259186,132.201767,10,2026-09-01T15:44:36.8992256+01:00
533.57312,113.413086,10,2026-09-01T15:44:36.9314176+01:00
497.465668,162.207077,10,2026-09-01T15:44:36.9635840+01:00
488.010406,124.612373,10,2026-09-01T15:44:36.9953280+01:00
505.35434,159.521606,10,2026-09-01T15:44:37.0274688+01:00
489.711121,125.299828,10,2026-09-01T15:44:37.0600320+01:00
496.480042,160.898987,10,2026-09-01T15:44:37.0915456+01:00
481.52594,126.732574,10,2026-09-01T15:44:37.1398912+01:00
517.477661,179.394821,10,2026-09-01T15:44:37.1713280+01:00
482.939972,138.351227,10,2026-09-01T15:44:37.2033408+01:00
492.092163,162.403183,10,2026-09-01T15:44:37.2355072+01:00
514.06311,137.628967,10,2026-09-01T15:44:37.2674816+01:00
480.218018,157.80336,10,2026-09-01T15:44:37.2998144+01:00
459.497894,141.624557,10,2026-09-01T15:44:37.3312128+01:00
426.192902,158.10141,10,2026-09-01T15:44:37.3633024+01:00
453.491638,136.404007,10,2026-09-01T15:44:37.3956096+01:00
430.453644,159.665222,10,2026-09-01T15:44:37.4272896+01:00
466.04953,131.573669,10,2026-09-01T15:44:37.4595584+01:00
512.285339,156.743515,10,2026-09-01T15:44:37.5075328+01:00
469.725067,138.453705,10,2026-09-01T15:44:37.5395584+01:00
473.278809,164.767151,10,2026-09-01T15:44:37.5712640+01:00
497.647003,122.123047,10,2026-09-01T15:44:37.6034944+01:00
441.056122,152.657776,10,2026-09-01T15:44:37.6354688+01:00
471.593719,138.71138,10,2026-09-01T15:44:37.6676096+01:00
469.024963,180.763916,10,2026-09-01T15:44:37.6993024+01:00
455.984222,137.607224,10,2026-09-01T15:44:37.7312640+01:00
418.777191,161.070953,10,2026-09-01T15:44:37.7633024+01:00
425.532745,138.426758,10,2026-09-01T15:44:37.7952256+01:00
433.821198,162.431595,10,2026-09-01T15:44:37.8276096+01:00
394.356812,136.233185,10,2026-09-01T15:44:37.8591488+01:00
432.082611,163.562622,10,2026-09-01T15:44:37.9074816+01:00
465.317963,140.727631,10,2026-09-01T15:44:37.9394816+01:00
389.784882,135.501144,10,2026-09-01T15:44:37.9714816+01:00
390.400421,147.733185,10,2026-09-01T15:44:38.0034304+01:00
420.007843,169.062805,10,2026-09-01T15:44:38.0352000+01:00
467.836304,147.324661,10,2026-09-01T15:44:38.0676480+01:00
410.94458,155.096664,10,2026-09-01T15:44:38.0992000+01:00
400.507416,149.534225,10,2026-09-01T15:44:38.1313664+01:00
417.990204,151.423676,10,2026-09-01T15:44:38.1632896+01:00
405.518036,143.04985,10,2026-09-01T15:44:38.1951872+01:00
431.28125,174.296234,10,2026-09-01T15:44:38.2430080+01:00
393.536987,140.595322,10,2026-09-01T15:44:38.2754560+01:00
409.766876,154.992004,10,2026-09-01T15:44:38.3076608+01:00
408.155579,141.768448,10,2026-09-01T15:44:38.3392256+01:00
456.873383,164.074738,10,2026-09-01T15:44:38.3715072+01:00
400.108368,149.377701,10,2026-09-01T15:44:38.4034304+01:00
404.295197,170.323654,10,2026-09-01T15:44:38.4350592+01:00
401.205597,143.333969,10,2026-09-01T15:44:38.4672640+01:00
412.318878,176.071548,10,2026-09-01T15:44:38.4992000+01:00
409.159546,151.559143,10,2026-09-01T15:44:38.5308672+01:00
400.275024,173.914581,10,2026-09-01T15:44:38.5635200+01:00
407.509735,148.259476,10,2026-09-01T15:44:38.6116736+01:00
398.106049,166.645615,10,2026-09-01T15:44:38.6431616+01:00
394.099487,145.4729,10,2026-09-01T15:44:38.6758272+01:00
394.522095,179.664978,10,2026-09-01T15:44:38.7076096+01:00
398.065002,141.25592,10,2026-09-01T15:44:38.7392128+01:00
408.382538,167.12851,10,2026-09-01T15:44:38.7713920+01:00
392.940094,148.638016,10,2026-09-01T15:44:38.8035584+01:00
437.347351,160.699432,10,2026-09-01T15:44:38.8356224+01:00
414.46347,140.755173,10,2026-09-01T15:44:38.8675584+01:00
378.607971,171.4254,10,2026-09-01T15:44:38.8989952+01:00
384.830719,159.0448,10,2026-09-01T15:44:38.9312384+01:00
412.003632,165.355103,10,2026-09-01T15:44:38.9790848+01:00
402.13089,149.558899,10,2026-09-01T15:44:39.0112128+01:00
409.237579,150.942825,10,2026-09-01T15:44:39.0436096+01:00
386.746063,146.65976,10,2026-09-01T15:44:39.0756480+01:00
397.694427,162.16481,10,2026-09-01T15:44:39.1082112+01:00
391.453003,147.138168,10,2026-09-01T15:44:39.1396992+01:00
379.237122,173.175797,10,2026-09-01T15:44:39.1712640+01:00
378.160248,145.842056,10,2026-09-01T15:44:39.2035200+01:00
365.101349,146.285919,10,2026-09-01T15:44:39.2352640+01:00
379.910431,154.436661,10,2026-09-01T15:44:39.2671488+01:00
384.78006,173.654739,10,2026-09-01T15:44:39.2991232+01:00
403.703033,153.042007,10,2026-09-01T15:44:39.3314432+01:00
396.789734,165.146378,10,2026-09-01T15:44:39.3796736+01:00
374.501587,153.06398,10,2026-09-01T15:44:39.4116096+01:00
413.061279,167.671509,10,2026-09-01T15:44:39.4438272+01:00
392.626556,149.416138,10,2026-09-01T15:44:39.4758016+01:00
406.939117,170.436142,10,2026-09-01T15:44:39.5074176+01:00
386.28244,152.560913,10,2026-09-01T15:44:39.5393536+01:00
412.978729,165.647186,10,2026-09-01T15:44:39.5716480+01:00
383.611267,159.86734,10,2026-09-01T15:44:39.6036480+01:00
383.487457,168.324722,10,2026-09-01T15:44:39.6356992+01:00
378.787506,160.071335,10,2026-09-01T15:44:39.6675968+01:00
392.20993,161.230286,10,2026-09-01T15:44:39.6992128+01:00
396.402802,154.187973,10,2026-09-01T15:44:39.7473664+01:00
411.117981,170.674576,10,2026-09-01T15:44:39.7792640+01:00
371.961334,158.595932,10,2026-09-01T15:44:39.8115328+01:00
394.145966,168.245682,10,2026-09-01T15:44:39.8431872+01:00
386.165192,153.232468,10,2026-09-01T15:44:39.8757632+01:00
377.177399,175.189301,10,2026-09-01T15:44:39.9075584+01:00
368.081512,149.250092,10,2026-09-01T15:44:39.9395456+01:00
368.269501,181.189957,10,2026-09-01T15:44:39.9711232+01:00
388.717438,155.724777,10,2026-09-01T15:44:40.0038272+01:00
403.261658,169.508636,10,2026-09-01T15:44:40.0352640+01:00
380.003418,159.655075,10,2026-09-01T15:44:40.0672896+01:00
401.132233,168.54245,10,2026-09-01T15:44:40.1155712+01:00
368.892792,163.025223,10,2026-09-01T15:44:40.1483776+01:00
415.883331,174.512009,10,2026-09-01T15:44:40.1793280+01:00
383.593536,155.63652,10,2026-09-01T15:44:40.2113408+01:00
359.613495,180.473602,10,2026-09-01T15:44:40.2432000+01:00
391.725311,152.74115,10,2026-09-01T15:44:40.2754048+01:00
375.851776,175.875641,10,2026-09-01T15:44:40.3071360+01:00
383.858368,154.281403,10,2026-09-01T15:44:40.3397248+01:00
382.783203,172.364731,10,2026-09-01T15:44:40.3720064+01:00
426.933075,153.671112,10,2026-09-01T15:44:40.4034176+01:00
368.815826,172.190308,10,2026-09-01T15:44:40.4355200+01:00
378.281525,153.573975,10,2026-09-01T15:44:40.4832384+01:00
373.046661,172.299561,10,2026-09-01T15:44:40.5154560+01:00
387.646484,155.069885,10,2026-09-01T15:44:40.5473792+01:00
382.272095,173.719986,10,2026-09-01T15:44:40.5793280+01:00
377.152863,156.051422,10,2026-09-01T15:44:40.6117376+01:00
378.734131,178.107178,10,2026-09-01T15:44:40.6441728+01:00
394.998962,157.30867,10,2026-09-01T15:44:40.6759168+01:00
363.133575,177.772522,10,2026-09-01T15:44:40.7073280+01:00
365.729156,151.468216,10,2026-09-01T15:44:40.7395840+01:00
388.181152,172.311646,10,2026-09-01T15:44:40.7718144+01:00
378.262115,160.403214,10,2026-09-01T15:44:40.8035200+01:00
386.549561,172.233475,10,2026-09-01T15:44:40.8522496+01:00
375.096313,155.024384,10,2026-09-01T15:44:40.8836864+01:00
376.255798,170.737305,10,2026-09-01T15:44:40.9157888+01:00
376.623596,159.590591,10,2026-09-01T15:44:40.9476480+01:00
386.461029,178.304245,10,2026-09-01T15:44:40.9796480+01:00
374.986298,157.116638,10,2026-09-01T15:44:41.0114304+01:00
373.272339,176.697891,10,2026-09-01T15:44:41.0434304+01:00
385.575928,159.624252,10,2026-09-01T15:44:41.0753920+01:00
385.333618,167.762222,10,2026-09-01T15:44:41.1077888+01:00
390.871216,154.085892,10,2026-09-01T15:44:41.1396352+01:00
398.431946,172.798859,10,2026-09-01T15:44:41.1713024+01:00
370.687866,155.908264,10,2026-09-01T15:44:41.2193664+01:00
380.880798,171.527863,10,2026-09-01T15:44:41.2512128+01:00
375.203613,150.942642,10,2026-09-01T15:44:41.2832896+01:00
358.562592,177.548935,10,2026-09-01T15:44:41.3158016+01:00
384.891876,153.103149,10,2026-09-01T15:44:41.3477504+01:00
363.728485,177.419189,10,2026-09-01T15:44:41.3794944+01:00
368.953003,159.63121,10,2026-09-01T15:44:41.4117248+01:00
380.614777,170.291672,10,2026-09-01T15:44:41.4435072+01:00
374.805298,157.732559,10,2026-09-01T15:44:41.4757120+01:00
363.010223,177.694427,10,2026-09-01T15:44:41.5073536+01:00
372.655243,158.821793,10,2026-09-01T15:44:41.5393408+01:00
381.725067,171.675949,10,2026-09-01T15:44:41.5717632+01:00
377.065094,160.441406,10,2026-09-01T15:44:41.6196096+01:00
397.13266,165.849625,10,2026-09-01T15:44:41.6513536+01:00
381.320068,163.754349,10,2026-09-01T15:44:41.6835456+01:00
389.058411,171.772842,10,2026-09-01T15:44:41.7156864+01:00
383.88623,156.408173,10,2026-09-01T15:44:41.7478656+01:00
371.727173,175.23317,10,2026-09-01T15:44:41.7795456+01:00
362.2164,156.875641,10,2026-09-01T15:44:41.8117248+01:00
366.050446,172.420532,10,2026-09-01T15:44:41.8434432+01:00
378.637756,163.37941,10,2026-09-01T15:44:41.8755328+01:00
375.578766,177.060715,10,2026-09-01T15:44:41.9077248+01:00
390.218292,156.840561,10,2026-09-01T15:44:41.9404800+01:00
335.825104,176.168289,10,2026-09-01T15:44:41.9876096+01:00
366.916809,158.801727,10,2026-09-01T15:44:42.0201728+01:00
378.20108,175.512848,10,2026-09-01T15:44:42.0517120+01:00
380.209351,161.610641,10,2026-09-01T15:44:42.0838144+01:00
384.140015,173.087952,10,2026-09-01T15:44:42.1155840+01:00
357.398468,158.698746,10,2026-09-01T15:44:42.1476608+01:00
392.344452,173.473862,10,2026-09-01T15:44:42.1797888+01:00
387.948578,160.750885,10,2026-09-01T15:44:42.2116096+01:00
388.688843,174.090759,10,2026-09-01T15:44:42.2436864+01:00
390.145691,160.88768,10,2026-09-01T15:44:42.2759168+01:00
379.483124,175.841156,10,2026-09-01T15:44:42.3079936+01:00
348.383331,161.857758,10,2026-09-01T15:44:42.3557120+01:00
374.351837,174.873734,10,2026-09-01T15:44:42.3876224+01:00
373.149933,157.538437,10,2026-09-01T15:44:42.4194944+01:00
385.168121,170.610001,10,2026-09-01T15:44:42.4521088+01:00
342.663361,163.691208,10,2026-09-01T15:44:42.4838784+01:00
385.278595,172.918579,10,2026-09-01T15:44:42.5156992+01:00
375.459961,163.755264,10,2026-09-01T15:44:42.5478784+01:00
362.208862,170.690201,10,2026-09-01T15:44:42.5794688+01:00
367.980286,162.261795,10,2026-09-01T15:44:42.6120320+01:00
357.743866,181.887894,10,2026-09-01T15:44:42.6433664+01:00
353.041687,161.927475,10,2026-09-01T15:44:42.6759040+01:00
349.340637,182.962921,10,2026-09-01T15:44:42.7236480+01:00
373.859589,157.357056,10,2026-09-01T15:44:42.7557632+01:00
370.751923,173.35585,10,2026-09-01T15:44:42.7877632+01:00
364.097198,157.341446,10,2026-09-01T15:44:42.8195072+01:00
376.666809,166.976395,10,2026-09-01T15:44:42.8515200+01:00
364.678406,160.260834,10,2026-09-01T15:44:42.8837376+01:00
362.682617,175.626572,10,2026-09-01T15:44:42.9154688+01:00
383.496765,151.208389,10,2026-09-01T15:44:42.9476736+01:00
378.515381,173.921341,10,2026-09-01T15:44:42.9798144+01:00
383.134918,160.421448,10,2026-09-01T15:44:43.0117632+01:00
360.265259,169.669815,10,2026-09-01T15:44:43.0439552+01:00
375.429382,158.621872,10,2026-09-01T15:44:43.0915968+01:00
347.627686,179.334045,10,2026-09-01T15:44:43.1236864+01:00
387.002319,152.988846,10,2026-09-01T15:44:43.1558016+01:00
371.482635,179.026611,10,2026-09-01T15:44:43.1874432+01:00
364.407684,159.092407,10,2026-09-01T15:44:43.2196096+01:00
380.678955,170.159958,10,2026-09-01T15:44:43.2518400+01:00
389.158875,157.63443,10,2026-09-01T15:44:43.2839552+01:00
369.997528,176.230865,10,2026-09-01T15:44:43.3155840+01:00
364.843048,156.075165,10,2026-09-01T15:44:43.3479040+01:00
354.115692,182.282104,10,2026-09-01T15:44:43.3797632+01:00
377.825043,157.806961,10,2026-09-01T15:44:43.4119296+01:00
347.043427,171.234772,10,2026-09-01T15:44:43.4595328+01:00
386.118439,158.489166,10,2026-09-01T15:44:43.4916096+01:00
352.835297,173.812103,10,2026-09-01T15:44:43.5236736+01:00
358.104767,156.521561,10,2026-09-01T15:44:43.5561344+01:00
362.629944,170.800873,10,2026-09-01T15:44:43.5877760+01:00
364.877075,155.28981,10,2026-09-01T15:44:43.6195456+01:00
369.448029,172.300598,10,2026-09-01T15:44:43.6515072+01:00
365.470764,159.543365,10,2026-09-01T15:44:43.6837760+01:00
367.604187,164.106018,10,2026-09-01T15:44:43.7159936+01:00
355.137421,162.179962,10,2026-09-01T15:44:43.7475584+01:00
360.608307,171.663574,10,2026-09-01T15:44:43.7797632+01:00
370.374207,156.092407,10,2026-09-01T15:44:43.8116608+01:00
359.45105,170.682953,10,2026-09-01T15:44:43.8595072+01:00
369.719971,159.665115,10,2026-09-01T15:44:43.8918144+01:00
351.316956,171.653305,10,2026-09-01T15:44:43.9235968+01:00
355.136475,154.43718,10,2026-09-01T15:44:43.9563904+01:00
358.37915,167.694702,10,2026-09-01T15:44:43.9877760+01:00
370.361847,158.942841,10,2026-09-01T15:44:44.0196608+01:00
369.673004,176.268845,10,2026-09-01T15:44:44.0518528+01:00
364.438416,163.293106,10,2026-09-01T15:44:44.0838528+01:00
388.321716,168.452225,10,2026-09-01T15:44:44.1156608+01:00
374.197083,162.192261,10,2026-09-01T15:44:44.1480704+01:00
352.511383,177.493484,10,2026-09-01T15:44:44.1800832+01:00
360.171509,149.798248,10,2026-09-01T15:44:44.2281600+01:00
344.046936,178.412903,10,2026-09-01T15:44:44.2600320+01:00
360.423737,160.760452,10,2026-09-01T15:44:44.2919296+01:00
379.662689,166.443298,10,2026-09-01T15:44:44.3238656+01:00
368.698853,158.082993,10,2026-09-01T15:44:44.3556736+01:00
384.14209,164.018524,10,2026-09-01T15:44:44.3882624+01:00
374.369934,159.702332,10,2026-09-01T15:44:44.4199040+01:00
364.83609,169.279099,10,2026-09-01T15:44:44.4520192+01:00
367.425873,157.21785,10,2026-09-01T15:44:44.4843648+01:00
353.479156,172.986542,10,2026-09-01T15:44:44.5158784+01:00
361.755859,159.766968,10,2026-09-01T15:44:44.5481984+01:00
381.772125,168.102203,10,2026-09-01T15:44:44.5960064+01:00
368.295471,157.290176,10,2026-09-01T15:44:44.6280704+01:00
338.738556,173.662735,10,2026-09-01T15:44:44.6598656+01:00
335.069305,158.869888,10,2026-09-01T15:44:44.6918912+01:00
388.629517,168.016113,10,2026-09-01T15:44:44.7241088+01:00
376.72171,154.361969,10,2026-09-01T15:44:44.7561088+01:00
365.23938,167.336304,10,2026-09-01T15:44:44.7876736+01:00
378.953674,155.305954,10,2026-09-01T15:44:44.8202368+01:00
352.377045,172.873383,10,2026-09-01T15:44:44.8518528+01:00
380.376282,154.766678,10,2026-09-01T15:44:44.8836608+01:00
353.101532,168.541885,10,2026-09-01T15:44:44.9160576+01:00
372.759583,157.813797,10,2026-09-01T15:44:44.9638912+01:00
392.755493,159.892258,10,2026-09-01T15:44:44.9961472+01:00
379.967987,154.17128,10,2026-09-01T15:44:45.0280704+01:00
372.940948,167.289474,10,2026-09-01T15:44:45.0596992+01:00
383.538879,151.115662,10,2026-09-01T15:44:45.0920832+01:00
380.303864,165.597687,10,2026-09-01T15:44:45.1244544+01:00
380.277191,150.795395,10,2026-09-01T15:44:45.1566208+01:00
349.032776,170.467636,10,2026-09-01T15:44:45.1880320+01:00
376.671967,156.261597,10,2026-09-01T15:44:45.2202496+01:00
352.660706,167.835648,10,2026-09-01T15:44:45.2522496+01:00
357.45517,156.904831,10,2026-09-01T15:44:45.2839552+01:00
385.444702,162.898422,10,2026-09-01T15:44:45.3320704+01:00
342.380646,153.076996,10,2026-09-01T15:44:45.3639552+01:00
370.915497,171.547623,10,2026-09-01T15:44:45.3960192+01:00
380.156433,153.061569,10,2026-09-01T15:44:45.4277248+01:00
390.701965,163.894699,10,2026-09-01T15:44:45.4601728+01:00
380.086182,146.692001,10,2026-09-01T15:44:45.4921856+01:00
360.714478,171.029831,10,2026-09-01T15:44:45.5243264+01:00
379.00116,154.092896,10,2026-09-01T15:44:45.5559552+01:00
369.384399,162.831238,10,2026-09-01T15:44:45.5879808+01:00
380.057617,160.86348,10,2026-09-01T15:44:45.6201088+01:00
330.463745,169.105118,10,2026-09-01T15:44:45.6520832+01:00
385.583313,150.81282,10,2026-09-01T15:44:45.6845696+01:00
370.266785,166.914764,10,2026-09-01T15:44:45.7319808+01:00
370.39209,154.529236,10,2026-09-01T15:44:45.7641216+01:00
375.066864,168.655701,10,2026-09-01T15:44:45.7962240+01:00
368.779999,160.281891,10,2026-09-01T15:44:45.8279168+01:00
353.056274,168.534637,10,2026-09-01T15:44:45.8598144+01:00
366.337341,158.980713,10,2026-09-01T15:44:45.8921088+01:00
381.121918,166.369934,10,2026-09-01T15:44:45.9241728+01:00
368.32074,153.974915,10,2026-09-01T15:44:45.9558656+01:00
340.843506,168.821442,10,2026-09-01T15:44:45.9881216+01:00
387.365143,153.536499,10,2026-09-01T15:44:46.0204288+01:00
360.069153,165.930481,10,2026-09-01T15:44:46.0520064+01:00
390.351379,157.871185,10,2026-09-01T15:44:46.1002368+01:00
387.909027,164.570328,10,2026-09-01T15:44:46.1321984+01:00
374.991211,149.53389,10,2026-09-01T15:44:46.1640576+01:00
349.923798,172.178894,10,2026-09-01T15:44:46.1965440+01:00
342.347565,150.855453,10,2026-09-01T15:44:46.2283776+01:00
384.418915,161.223969,10,2026-09-01T15:44:46.2601856+01:00
383.426514,151.037155,10,2026-09-01T15:44:46.2922368+01:00
360.863495,165.969193,10,2026-09-01T15:44:46.3240704+01:00
366.006348,152.576263,10,2026-09-01T15:44:46.3560448+01:00
354.688385,172.559204,10,2026-09-01T15:44:46.3881472+01:00
365.893951,155.463058,10,2026-09-01T15:44:46.4201984+01:00
373.423004,169.820084,10,2026-09-01T15:44:46.4680448+01:00
374.928284,152.111649,10,2026-09-01T15:44:46.5002880+01:00
371.007294,167.614807,10,2026-09-01T15:44:46.5320064+01:00
369.452087,149.819244,10,2026-09-01T15:44:46.5642368+01:00
364.051697,171.535507,10,2026-09-01T15:44:46.5959808+01:00
373.400665,150.801529,10,2026-09-01T15:44:46.6280320+01:00
378.146301,166.123413,10,2026-09-01T15:44:46.6604672+01:00
360.303802,155.136063,10,2026-09-01T15:44:46.6924544+01:00
363.769684,168.638214,10,2026-09-01T15:44:46.7239680+01:00
371.690094,156.796127,10,2026-09-01T15:44:46.7561728+01:00
379.724579,170.707169,10,2026-09-01T15:44:46.7881856+01:00
372.967285,160.621368,10,2026-09-01T15:44:46.8359808+01:00
367.2883,176.327896,10,2026-09-01T15:44:46.8677632+01:00
376.314911,157.785431,10,2026-09-01T15:44:46.9004032+01:00
363.308838,167.575729,10,2026-09-01T15:44:46.9317632+01:00
453.02948,151.923111,10,2026-09-01T15:44:46.9643776+01:00
389.814453,167.413589,10,2026-09-01T15:44:46.9966720+01:00
375.188843,152.70784,10,2026-09-01T15:44:47.0282112+01:00
389.752258,160.867676,10,2026-09-01T15:44:47.0605440+01:00
381.811981,155.513123,10,2026-09-01T15:44:47.0924288+01:00
355.921722,165.8918,10,2026-09-01T15:44:47.1238528+01:00
369.839417,156.691208,10,2026-09-01T15:44:47.1565312+01:00
382.895264,169.448181,10,2026-09-01T15:44:47.2040448+01:00
382.454041,154.392456,10,2026-09-01T15:44:47.2361216+01:00
365.87616,168.154251,10,2026-09-01T15:44:47.2684416+01:00
364.362427,151.52533,10,2026-09-01T15:44:47.3007872+01:00
366.632294,166.544281,10,2026-09-01T15:44:47.3327104+01:00
366.161957,156.49556,10,2026-09-01T15:44:47.3640448+01:00
354.955688,168.525986,10,2026-09-01T15:44:47.3960960+01:00
385.37912,152.900436,10,2026-09-01T15:44:47.4283392+01:00
358.041901,170.959106,10,2026-09-01T15:44:47.4603520+01:00
361.676727,160.392105,10,2026-09-01T15:44:47.4927232+01:00
389.017639,172.874786,10,2026-09-01T15:44:47.5241344+01:00
354.816101,159.837448,10,2026-09-01T15:44:47.5722752+01:00
386.189301,169.427826,10,2026-09-01T15:44:47.6043392+01:00
371.344482,158.970337,10,2026-09-01T15:44:47.6360576+01:00
387.817444,164.32959,10,2026-09-01T15:44:47.6681984+01:00
385.740753,158.583862,10,2026-09-01T15:44:47.7006976+01:00
352.534546,165.705414,10,2026-09-01T15:44:47.7325696+01:00
371.133331,152.617325,10,2026-09-01T15:44:47.7643392+01:00
362.114227,166.329147,10,2026-09-01T15:44:47.7964160+01:00
376.076172,158.23674,10,2026-09-01T15:44:47.8285696+01:00
374.012787,169.541809,10,2026-09-01T15:44:47.8601472+01:00
378.129028,156.616669,10,2026-09-01T15:44:47.8921344+01:00
382.833862,171.358627,10,2026-09-01T15:44:47.9240704+01:00
371.809082,156.014008,10,2026-09-01T15:44:47.9721728+01:00
388.824615,171.964676,10,2026-09-01T15:44:48.0044928+01:00
365.562012,156.169891,10,2026-09-01T15:44:48.0362368+01:00
349.354126,175.348099,10,2026-09-01T15:44:48.0683904+01:00
352.224152,156.776169,10,2026-09-01T15:44:48.1004800+01:00
357.56604,173.970108,10,2026-09-01T15:44:48.1323520+01:00
377.247986,156.926483,10,2026-09-01T15:44:48.1642496+01:00
371.07547,169.36319,10,2026-09-01T15:44:48.1961728+01:00
386.54776,160.186356,10,2026-09-01T15:44:48.2286336+01:00
379.536407,171.22702,10,2026-09-01T15:44:48.2602496+01:00
368.214874,157.113235,10,2026-09-01T15:44:48.2926976+01:00
359.668793,170.740204,10,2026-09-01T15:44:48.3402496+01:00
376.583832,157.342087,10,2026-09-01T15:44:48.3722624+01:00
369.821716,173.12262,10,2026-09-01T15:44:48.4042496+01:00
357.807343,153.469666,10,2026-09-01T15:44:48.4364928+01:00
380.684174,176.566971,10,2026-09-01T15:44:48.4681600+01:00
358.276489,158.786362,10,2026-09-01T15:44:48.5008384+01:00
368.100006,175.820435,10,2026-09-01T15:44:48.5322752+01:00
355.808197,158.871658,10,2026-09-01T15:44:48.5643392+01:00
344.246063,177.990921,10,2026-09-01T15:44:48.5962112+01:00
380.180298,161.044922,10,2026-09-01T15:44:48.6284800+01:00
355.591125,167.577301,10,2026-09-01T15:44:48.6604544+01:00
351.971466,160.238647,10,2026-09-01T15:44:48.7084032+01:00
381.485046,175.168762,10,2026-09-01T15:44:48.7406336+01:00
367.951599,161.324814,10,2026-09-01T15:44:48.7725696+01:00
353.396301,176.098724,10,2026-09-01T15:44:48.8045056+01:00
364.0896,155.905258,10,2026-09-01T15:44:48.8365696+01:00
348.822998,171.889252,10,2026-09-01T15:44:48.8683776+01:00
370.032806,155.050079,10,2026-09-01T15:44:48.9002624+01:00
356.753845,173.571304,10,2026-09-01T15:44:48.9323264+01:00
353.375763,159.520935,10,2026-09-01T15:44:48.9644544+01:00
392.018768,173.212341,10,2026-09-01T15:44:48.9964800+01:00
364.337006,162.504593,10,2026-09-01T15:44:49.0282240+01:00
376.246399,173.506454,10,2026-09-01T15:44:49.0765312+01:00
358.516449,158.004135,10,2026-09-01T15:44:49.1085696+01:00
362.840515,173.610764,10,2026-09-01T15:44:49.1408128+01:00
371.687836,161.649231,10,2026-09-01T15:44:49.1723904+01:00
362.407135,174.293777,10,2026-09-01T15:44:49.2042112+01:00
340.883209,155.150848,10,2026-09-01T15:44:49.2366976+01:00
372.41275,174.79155,10,2026-09-01T15:44:49.2684032+01:00
382.194031,152.877304,10,2026-09-01T15:44:49.3005440+01:00
358.233398,169.874512,10,2026-09-01T15:44:49.3325312+01:00
357.611084,153.690933,10,2026-09-01T15:44:49.3644800+01:00
370.017944,172.756424,10,2026-09-01T15:44:49.3965568+01:00
364.564026,161.680862,10,2026-09-01T15:44:49.4441600+01:00
354.972961,173.031616,10,2026-09-01T15:44:49.4762368+01:00
365.404541,155.240814,10,2026-09-01T15:44:49.5086080+01:00
345.330597,173.864288,10,2026-09-01T15:44:49.5407104+01:00
379.073853,148.422455,10,2026-09-01T15:44:49.5729536+01:00
378.005981,165.433533,10,2026-09-01T15:44:49.6049152+01:00
355.172546,153.873688,10,2026-09-01T15:44:49.6366080+01:00
372.209961,172.969391,10,2026-09-01T15:44:49.6685184+01:00
362.750641,160.719406,10,2026-09-01T15:44:49.7002368+01:00
360.228638,168.197083,10,2026-09-01T15:44:49.7325312+01:00
358.373322,160.560944,10,2026-09-01T15:44:49.7644672+01:00
358.119659,172.8853,10,2026-09-01T15:44:49.8123520+01:00
368.68634,160.125839,10,2026-09-01T15:44:49.8444928+01:00
382.127991,166.300125,10,2026-09-01T15:44:49.8765568+01:00
359.13269,159.479019,10,2026-09-01T15:44:49.9086720+01:00
343.759674,175.772614,10,2026-09-01T15:44:49.9405824+01:00
368.283478,153.622498,10,2026-09-01T15:44:49.9725440+01:00
369.139008,174.527634,10,2026-09-01T15:44:50.0044032+01:00
370.453735,159.762573,10,2026-09-01T15:44:50.0363904+01:00
387.473846,166.260559,10,2026-09-01T15:44:50.0688512+01:00
379.261169,153.937515,10,2026-09-01T15:44:50.1007616+01:00
396.292267,166.665878,10,2026-09-01T15:44:50.1326848+01:00
349.924988,158.875977,10,2026-09-01T15:44:50.1645184+01:00
355.761597,174.421982,10,2026-09-01T15:44:50.2123648+01:00
380.561066,156.216293,10,2026-09-01T15:44:50.2443904+01:00
357.860474,170.780151,10,2026-09-01T15:44:50.2767232+01:00
373.13446,155.208389,10,2026-09-01T15:44:50.3088000+01:00
363.987823,167.409912,10,2026-09-01T15:44:50.3405440+01:00
366.811554,158.812881,10,2026-09-01T15:44:50.3728640+01:00
362.864868,170.199768,10,2026-09-01T15:44:50.4046720+01:00
348.092529,157.560059,10,2026-09-01T15:44:50.4368512+01:00
368.19809,171.00119,10,2026-09-01T15:44:50.4684544+01:00
368.777924,159.312363,10,2026-09-01T15:44:50.5004160+01:00
356.270142,172.147034,10,2026-09-01T15:44:50.5323136+01:00
381.403931,157.797668,10,2026-09-01T15:44:50.5810176+01:00
358.844849,176.498627,10,2026-09-01T15:44:50.6125824+01:00
380.218445,161.758682,10,2026-09-01T15:44:50.6445952+01:00
367.393372,168.220474,10,2026-09-01T15:44:50.6765824+01:00
369.23999,160.269882,10,2026-09-01T15:44:50.7089280+01:00
368.033081,174.186523,10,2026-09-01T15:44:50.7408128+01:00
360.090332,156.82547,10,2026-09-01T15:44:50.7728128+01:00
353.892487,163.675247,10,2026-09-01T15:44:50.8047616+01:00
372.009216,154.322647,10,2026-09-01T15:44:50.8368256+01:00
379.089722,169.651505,10,2026-09-01T15:44:50.8688128+01:00
366.983337,158.780853,10,2026-09-01T15:44:50.9008256+01:00
333.249023,179.85228,10,2026-09-01T15:44:50.9484800+01:00
368.307373,154.122971,10,2026-09-01T15:44:50.9804032+01:00
367.935303,167.163757,10,2026-09-01T15:44:51.0123392+01:00
357.20224,162.645538,10,2026-09-01T15:44:51.0445184+01:00
370.602753,167.132706,10,2026-09-01T15:44:51.0769152+01:00
373.268097,158.253525,10,2026-09-01T15:44:51.1090304+01:00
361.439056,172.847412,10,2026-09-01T15:44:51.1408128+01:00
363.92923,158.140823,10,2026-09-01T15:44:51.1724672+01:00
375.798645,170.352722,10,2026-09-01T15:44:51.2048256+01:00
350.034576,157.632355,10,2026-09-01T15:44:51.2366208+01:00
362.297211,176.338791,10,2026-09-01T15:44:51.2687104+01:00
363.816772,158.062973,10,2026-09-01T15:44:51.3169792+01:00
370.542633,171.633881,10,2026-09-01T15:44:51.3490048+01:00
358.211243,161.766022,10,2026-09-01T15:44:51.3805824+01:00
348.597565,169.290771,10,2026-09-01T15:44:51.4124544+01:00
368.114563,156.665085,10,2026-09-01T15:44:51.4444544+01:00
359.233459,175.395081,10,2026-09-01T15:44:51.4769152+01:00
367.894775,156.318832,10,2026-09-01T15:44:51.5094016+01:00
346.507172,170.979019,10,2026-09-01T15:44:51.5411328+01:00
363.861481,157.683807,10,2026-09-01T15:44:51.5726720+01:00
354.351746,169.378677,10,2026-09-01T15:44:51.6050816+01:00
359.017426,159.921555,10,2026-09-01T15:44:51.6367872+01:00
352.368835,168.834045,10,2026-09-01T15:44:51.6844032+01:00
352.358887,160.886185,10,2026-09-01T15:44:51.7166464+01:00
354.301208,167.661041,10,2026-09-01T15:44:51.7485824+01:00
353.619446,157.924072,10,2026-09-01T15:44:51.7803392+01:00
361.681,174.098663,10,2026-09-01T15:44:51.8132480+01:00
356.569855,152.747894,10,2026-09-01T15:44:51.8450944+01:00
367.373291,165.755768,10,2026-09-01T15:44:51.8767744+01:00
372.713013,159.683075,10,2026-09-01T15:44:51.9089792+01:00
354.037567,174.684097,10,2026-09-01T15:44:51.9409024+01:00
358.326691,156.606827,10,2026-09-01T15:44:51.9728128+01:00
364.610718,175.282745,10,2026-09-01T15:44:52.0047232+01:00
356.856903,158.498978,10,2026-09-01T15:44:52.0529408+01:00
355.713074,174.328796,10,2026-09-01T15:44:52.0850048+01:00
363.984558,156.528885,10,2026-09-01T15:44:52.1170048+01:00
344.540955,179.387527,10,2026-09-01T15:44:52.1485696+01:00
365.303406,158.658707,10,2026-09-01T15:44:52.1807360+01:00
371.35202,167.664871,10,2026-09-01T15:44:52.2126976+01:00
361.568024,157.399338,10,2026-09-01T15:44:52.2453888+01:00
371.827789,175.033218,10,2026-09-01T15:44:52.2766848+01:00
363.726257,158.813446,10,2026-09-01T15:44:52.3088384+01:00
350.630737,172.46994,10,2026-09-01T15:44:52.3408512+01:00
336.055115,151.71698,10,2026-09-01T15:44:52.3730944+01:00
379.689789,166.412659,10,2026-09-01T15:44:52.4049792+01:00
367.259583,155.158325,10,2026-09-01T15:44:52.4526336+01:00
346.400696,174.796524,10,2026-09-01T15:44:52.4845056+01:00
368.078918,156.968979,10,2026-09-01T15:44:52.5171712+01:00
379.885559,171.357437,10,2026-09-01T15:44:52.5489024+01:00
361.18576,158.291443,10,2026-09-01T15:44:52.5808128+01:00
345.553589,172.798203,10,2026-09-01T15:44:52.6128640+01:00
375.039673,150.220215,10,2026-09-01T15:44:52.6452736+01:00
359.67868,176.417419,10,2026-09-01T15:44:52.6770176+01:00
358.356049,155.514771,10,2026-09-01T15:44:52.7095808+01:00
356.87851,171.659348,10,2026-09-01T15:44:52.7408128+01:00
354.368835,162.188965,10,2026-09-01T15:44:52.7726720+01:00
374.281189,168.415771,10,2026-09-01T15:44:52.8209024+01:00
373.437775,161.732147,10,2026-09-01T15:44:52.8529920+01:00
367.264221,171.269196,10,2026-09-01T15:44:52.8846720+01:00
355.335999,155.643692,10,2026-09-01T15:44:52.9168512+01:00
364.166229,181.034088,10,2026-09-01T15:44:52.9485824+01:00
347.348053,164.114548,10,2026-09-01T15:44:52.9811456+01:00
355.185638,175.270279,10,2026-09-01T15:44:53.0128256+01:00
348.525909,156.516785,10,2026-09-01T15:44:53.0448768+01:00
359.381836,175.652283,10,2026-09-01T15:44:53.0769792+01:00
367.769226,154.995911,10,2026-09-01T15:44:53.1090688+01:00
380.437195,173.409805,10,2026-09-01T15:44:53.1416832+01:00
360.491516,160.705902,10,2026-09-01T15:44:53.1896320+01:00
392.48465,168.504288,10,2026-09-01T15:44:53.2206080+01:00
358.021454,158.257172,10,2026-09-01T15:44:53.2534144+01:00
341.932831,176.887955,10,2026-09-01T15:44:53.2847488+01:00
333.100677,158.034332,10,2026-09-01T15:44:53.3169920+01:00
357.195251,174.510086,10,2026-09-01T15:44:53.3488512+01:00
376.983612,157.701141,10,2026-09-01T15:44:53.3808640+01:00
349.564545,178.876022,10,2026-09-01T15:44:53.4136832+01:00
372.417145,157.469421,10,2026-09-01T15:44:53.4456576+01:00
339.221985,181.288193,10,2026-09-01T15:44:53.4768128+01:00
342.310883,169.222198,10,2026-09-01T15:44:53.5092096+01:00
355.473907,184.206375,10,2026-09-01T15:44:53.5568896+01:00
364.362244,166.584244,10,2026-09-01T15:44:53.5892992+01:00
344.305481,176.542145,10,2026-09-01T15:44:53.6209536+01:00
347.397491,159.483856,10,2026-09-01T15:44:53.6532864+01:00
340.945251,177.484146,10,2026-09-01T15:44:53.6849664+01:00
371.306671,158.467651,10,2026-09-01T15:44:53.7172992+01:00
360.934235,179.538589,10,2026-09-01T15:44:53.7487488+01:00
357.300049,160.050247,10,2026-09-01T15:44:53.7809280+01:00
346.281586,169.6409,10,2026-09-01T15:44:53.8132864+01:00
386.725128,155.733627,10,2026-09-01T15:44:53.8451712+01:00
374.894379,179.366837,10,2026-09-01T15:44:53.8770688+01:00
367.254395,155.373962,10,2026-09-01T15:44:53.9252480+01:00
366.024536,167.970825,10,2026-09-01T15:44:53.9571968+01:00
341.987915,159.618988,10,2026-09-01T15:44:53.9889536+01:00
357.727478,168.061401,10,2026-09-01T15:44:54.0211712+01:00
343.758057,159.323395,10,2026-09-01T15:44:54.0532224+01:00
354.62912,175.089706,10,2026-09-01T15:44:54.0848768+01:00
361.410309,163.109573,10,2026-09-01T15:44:54.1172352+01:00
350.051086,178.753372,10,2026-09-01T15:44:54.1492224+01:00
350.859344,161.847382,10,2026-09-01T15:44:54.1815936+01:00
351.249512,180.358917,10,2026-09-01T15:44:54.2132352+01:00
356.597656,159.33284,10,2026-09-01T15:44:54.2451712+01:00
350.805908,175.196991,10,2026-09-01T15:44:54.2773376+01:00
374.077972,160.940445,10,2026-09-01T15:44:54.3250304+01:00
367.652496,177.222305,10,2026-09-01T15:44:54.3572352+01:00
348.486725,160.662338,10,2026-09-01T15:44:54.3889792+01:00
354.567688,177.344086,10,2026-09-01T15:44:54.4213120+01:00
349.900177,165.443054,10,2026-09-01T15:44:54.4533632+01:00
347.040894,173.026474,10,2026-09-01T15:44:54.4849920+01:00
369.582886,162.342148,10,2026-09-01T15:44:54.5173888+01:00
387.124512,169.901855,10,2026-09-01T15:44:54.5489792+01:00
355.429077,153.662903,10,2026-09-01T15:44:54.5810304+01:00
356.440216,176.020935,10,2026-09-01T15:44:54.6133760+01:00
361.063263,162.783752,10,2026-09-01T15:44:54.6448384+01:00
348.492981,184.166702,10,2026-09-01T15:44:54.6933248+01:00
351.055328,161.983612,10,2026-09-01T15:44:54.7253632+01:00
338.053986,174.307129,10,2026-09-01T15:44:54.7574528+01:00
349.918884,161.035248,10,2026-09-01T15:44:54.7891840+01:00
360.839996,175.650848,10,2026-09-01T15:44:54.8209536+01:00
360.671692,158.020126,10,2026-09-01T15:44:54.8532864+01:00
347.233917,170.092316,10,2026-09-01T15:44:54.8851072+01:00
369.060699,156.219849,10,2026-09-01T15:44:54.9174016+01:00
359.263,169.845078,10,2026-09-01T15:44:54.9491840+01:00
359.039337,157.026947,10,2026-09-01T15:44:54.9812736+01:00
339.382294,176.837845,10,2026-09-01T15:44:55.0128896+01:00
365.666046,161.246201,10,2026-09-01T15:44:55.0611072+01:00
340.546112,177.131851,10,2026-09-01T15:44:55.0932736+01:00
355.290039,157.841721,10,2026-09-01T15:44:55.1253632+01:00
355.531189,174.062408,10,2026-09-01T15:44:55.1570560+01:00
359.386078,159.463425,10,2026-09-01T15:44:55.1895552+01:00
368.375305,165.799347,10,2026-09-01T15:44:55.2214400+01:00
358.919098,161.076477,10,2026-09-01T15:44:55.2534016+01:00
336.660919,173.681992,10,2026-09-01T15:44:55.2850688+01:00
366.51297,155.049866,10,2026-09-01T15:44:55.3169920+01:00
348.663177,169.567429,10,2026-09-01T15:44:55.3491072+01:00
359.381622,156.113495,10,2026-09-01T15:44:55.3810432+01:00
360.385315,176.331543,10,2026-09-01T15:44:55.4290048+01:00
352.334076,161.640091,10,2026-09-01T15:44:55.4613248+01:00
347.065002,173.93985,10,2026-09-01T15:44:55.4931456+01:00
363.078278,157.326279,10,2026-09-01T15:44:55.5250176+01:00
349.555664,175.283295,10,2026-09-01T15:44:55.5569920+01:00
383.551575,155.442673,10,2026-09-01T15:44:55.5892736+01:00
363.523254,164.497009,10,2026-09-01T15:44:55.6219264+01:00
378.881836,157.837067,10,2026-09-01T15:44:55.6535040+01:00
357.146332,173.882339,10,2026-09-01T15:44:55.6849536+01:00
375.274261,161.35051,10,2026-09-01T15:44:55.7178624+01:00
362.522949,169.962296,10,2026-09-01T15:44:55.7493632+01:00
358.313293,157.815903,10,2026-09-01T15:44:55.7972480+01:00
359.913239,173.514526,10,2026-09-01T15:44:55.8292224+01:00
352.067657,160.148087,10,2026-09-01T15:44:55.8612352+01:00
357.475952,174.039169,10,2026-09-01T15:44:55.8929792+01:00
372.647919,163.018295,10,2026-09-01T15:44:55.9253248+01:00
350.992218,172.770706,10,2026-09-01T15:44:55.9570432+01:00
369.896484,154.732651,10,2026-09-01T15:44:55.9892992+01:00
348.840576,174.644653,10,2026-09-01T15:44:56.0214528+01:00
382.582336,160.274246,10,2026-09-01T15:44:56.0534400+01:00
374.38736,166.857544,10,2026-09-01T15:44:56.0848384+01:00
350.569611,159.79808,10,2026-09-01T15:44:56.1170432+01:00
360.594421,174.896713,10,2026-09-01T15:44:56.1654528+01:00
382.856354,159.144958,10,2026-09-01T15:44:56.1974784+01:00
362.706635,174.345871,10,2026-09-01T15:44:56.2291072+01:00
357.900787,161.76236,10,2026-09-01T15:44:56.2610816+01:00
372.223236,169.752899,10,2026-09-01T15:44:56.2931712+01:00
357.026917,157.557907,10,2026-09-01T15:44:56.3256064+01:00
369.394501,173.007431,10,2026-09-01T15:44:56.3573248+01:00
367.688446,158.564743,10,2026-09-01T15:44:56.3895424+01:00
356.35556,175.069412,10,2026-09-01T15:44:56.4214656+01:00
371.307281,159.320313,10,2026-09-01T15:44:56.4533632+01:00
360.165253,171.548874,10,2026-09-01T15:44:56.4851968+01:00
368.439758,157.245392,10,2026-09-01T15:44:56.5173120+01:00
362.095001,176.484909,10,2026-09-01T15:44:56.5657088+01:00
366.950104,159.590652,10,2026-09-01T15:44:56.5974656+01:00
374.072388,174.42984,10,2026-09-01T15:44:56.6297600+01:00
367.240875,159.619522,10,2026-09-01T15:44:56.6614784+01:00
362.461121,169.993027,10,2026-09-01T15:44:56.6936320+01:00
367.902405,154.958267,10,2026-09-01T15:44:56.7257088+01:00
356.220215,178.338257,10,2026-09-01T15:44:56.7572096+01:00
373.337128,156.321182,10,2026-09-01T15:44:56.7895168+01:00
363.629822,172.433472,10,2026-09-01T15:44:56.8213504+01:00
362.521362,160.906342,10,2026-09-01T15:44:56.8535552+01:00
365.109314,169.612518,10,2026-09-01T15:44:56.8852736+01:00
372.550995,161.240875,10,2026-09-01T15:44:56.9337600+01:00
392.578735,170.819138,10,2026-09-01T15:44:56.9656576+01:00
362.278961,160.525101,10,2026-09-01T15:44:56.9974784+01:00
350.402557,175.550674,10,2026-09-01T15:44:57.0291072+01:00
363.243042,163.496155,10,2026-09-01T15:44:57.0612992+01:00
371.079132,170.193237,10,2026-09-01T15:44:57.0932608+01:00
345.760132,154.731796,10,2026-09-01T15:44:57.1256192+01:00
362.006653,174.697205,10,2026-09-01T15:44:57.1573760+01:00
349.835144,161.066452,10,2026-09-01T15:44:57.1894784+01:00
378.602112,169.089722,10,2026-09-01T15:44:57.2212480+01:00
360.899231,163.327606,10,2026-09-01T15:44:57.2533632+01:00
393.735352,163.281921,10,2026-09-01T15:44:57.3013760+01:00
350.458527,163.551025,10,2026-09-01T15:44:57.3332736+01:00
391.585388,170.554916,10,2026-09-01T15:44:57.3653888+01:00
371.580322,160.399658,10,2026-09-01T15:44:57.3973888+01:00
381.535065,173.193558,10,2026-09-01T15:44:57.4295936+01:00
356.18634,164.209076,10,2026-09-01T15:44:57.4613888+01:00
365.230591,168.329758,10,2026-09-01T15:44:57.4936704+01:00
375.775482,159.353409,10,2026-09-01T15:44:57.5257088+01:00
360.536011,175.537979,10,2026-09-01T15:44:57.5576448+01:00
349.701263,160.508942,10,2026-09-01T15:44:57.5895808+01:00
362.0242,173.468826,10,2026-09-01T15:44:57.6215808+01:00
370.05191,160.191299,10,2026-09-01T15:44:57.6692992+01:00
361.170441,180.640717,10,2026-09-01T15:44:57.7014400+01:00
368.915497,157.326126,10,2026-09-01T15:44:57.7337088+01:00
362.309296,173.123734,10,2026-09-01T15:44:57.7654016+01:00
365.041565,159.46904,10,2026-09-01T15:44:57.7977088+01:00
370.48175,173.817291,10,2026-09-01T15:44:57.8293376+01:00
361.564758,163.171387,10,2026-09-01T15:44:57.8613504+01:00
356.523926,171.314163,10,2026-09-01T15:44:57.8934656+01:00
381.677795,156.075073,10,2026-09-01T15:44:57.9257472+01:00
374.093872,176.995377,10,2026-09-01T15:44:57.9574912+01:00
370.891541,160.132324,10,2026-09-01T15:44:57.9895424+01:00
394.579254,167.856888,10,2026-09-01T15:44:58.0374016+01:00
366.238098,158.025787,10,2026-09-01T15:44:58.0698624+01:00
372.464386,176.469818,10,2026-09-01T15:44:58.1017344+01:00
371.095337,160.331329,10,2026-09-01T15:44:58.1335424+01:00
345.172791,175.434052,10,2026-09-01T15:44:58.1653248+01:00
367.567627,157.886612,10,2026-09-01T15:44:58.1972736+01:00
378.580444,171.175201,10,2026-09-01T15:44:58.2295680+01:00
364.693237,156.049774,10,2026-09-01T15:44:58.2618624+01:00
388.231934,170.509033,10,2026-09-01T15:44:58.2936704+01:00
374.013153,151.798172,10,2026-09-01T15:44:58.3258752+01:00
389.654327,165.69014,10,2026-09-01T15:44:58.3577088+01:00
356.892395,159.271591,10,2026-09-01T15:44:58.4058880+01:00
372.766998,171.686188,10,2026-09-01T15:44:58.4376064+01:00
367.969971,163.233124,10,2026-09-01T15:44:58.4694528+01:00
357.819641,176.140869,10,2026-09-01T15:44:58.5014272+01:00
378.631866,159.897964,10,2026-09-01T15:44:58.5335296+01:00
375.189636,175.336853,10,2026-09-01T15:44:58.5658368+01:00
382.089752,154.609207,10,2026-09-01T15:44:58.5975808+01:00
382.651215,173.212143,10,2026-09-01T15:44:58.6296960+01:00
378.69165,163.17366,10,2026-09-01T15:44:58.6613632+01:00
388.524963,171.427261,10,2026-09-01T15:44:58.6932992+01:00
374.136536,161.343857,10,2026-09-01T15:44:58.7255680+01:00
373.800598,179.210358,10,2026-09-01T15:44:58.7575168+01:00
362.839478,155.281998,10,2026-09-01T15:44:58.8058496+01:00
358.302582,173.407104,10,2026-09-01T15:44:58.8377600+01:00
373.835388,157.012665,10,2026-09-01T15:44:58.8700288+01:00
356.173309,171.017532,10,2026-09-01T15:44:58.9014016+01:00
359.158356,164.492767,10,2026-09-01T15:44:58.9337728+01:00
370.721375,170.707413,10,2026-09-01T15:44:58.9653632+01:00
366.285553,161.180923,10,2026-09-01T15:44:58.9975168+01:00
404.295715,173.107513,10,2026-09-01T15:44:59.0297600+01:00
374.961395,156.21347,10,2026-09-01T15:44:59.0619648+01:00
377.613708,172.375046,10,2026-09-01T15:44:59.0935680+01:00
354.512909,162.363937,10,2026-09-01T15:44:59.1258112+01:00
364.841339,179.99176,10,2026-09-01T15:44:59.1738624+01:00
383.556244,160.226425,10,2026-09-01T15:44:59.2054016+01:00
382.003387,180.74649,10,2026-09-01T15:44:59.2374656+01:00
363.576508,156.724854,10,2026-09-01T15:44:59.2696448+01:00
348.895691,172.464737,10,2026-09-01T15:44:59.3017088+01:00
358.584595,156.74614,10,2026-09-01T15:44:59.3340672+01:00
359.458344,175.168564,10,2026-09-01T15:44:59.3656448+01:00
388.787933,160.093475,10,2026-09-01T15:44:59.3978880+01:00
386.265564,169.221161,10,2026-09-01T15:44:59.4298752+01:00
368.497864,160.747757,10,2026-09-01T15:44:59.4615296+01:00
370.305084,174.044388,10,2026-09-01T15:44:59.4939776+01:00
370.95932,159.043625,10,2026-09-01T15:44:59.5417344+01:00
385.45639,166.87323,10,2026-09-01T15:44:59.5737472+01:00
356.830444,163.222641,10,2026-09-01T15:44:59.6056832+01:00
378.204132,169.755356,10,2026-09-01T15:44:59.6376192+01:00
369.835419,157.632965,10,2026-09-01T15:44:59.6698624+01:00
378.880371,174.354691,10,2026-09-01T15:44:59.7018496+01:00
360.911865,160.657211,10,2026-09-01T15:44:59.7338240+01:00
374.857147,171.797913,10,2026-09-01T15:44:59.7657728+01:00
358.474701,162.953033,10,2026-09-01T15:44:59.7978496+01:00
354.288177,175.240051,10,2026-09-01T15:44:59.8298624+01:00
364.165558,166.620468,10,2026-09-01T15:44:59.8615680+01:00
382.516235,170.053131,10,2026-09-01T15:44:59.9095808+01:00
389.528076,155.256531,10,2026-09-01T15:44:59.9416448+01:00
378.652954,169.223328,10,2026-09-01T15:44:59.9738240+01:00
359.848755,151.926422,10,2026-09-01T15:45:00.0058752+01:00
382.399384,174.211426,10,2026-09-01T15:45:00.0377984+01:00
385.091339,162.7556,10,2026-09-01T15:45:00.0699008+01:00
397.340912,164.596756,10,2026-09-01T15:45:00.1018496+01:00
376.51181,162.388306,10,2026-09-01T15:45:00.1343616+01:00
351.843628,172.069962,10,2026-09-01T15:45:00.1660672+01:00
377.146301,158.65538,10,2026-09-01T15:45:00.1978240+01:00
373.96167,164.105469,10,2026-09-01T15:45:00.2296064+01:00
386.113403,157.038681,10,2026-09-01T15:45:00.2781824+01:00
364.291138,176.72403,10,2026-09-01T15:45:00.3099008+01:00
360.592133,158.33255,10,2026-09-01T15:45:00.3420928+01:00
372.313904,171.322144,10,2026-09-01T15:45:00.3736832+01:00
384.010742,157.124786,10,2026-09-01T15:45:00.4057088+01:00
387.758514,178.824844,10,2026-09-01T15:45:00.4380672+01:00
368.953491,157.646805,10,2026-09-01T15:45:00.4697984+01:00
375.957275,174.572418,10,2026-09-01T15:45:00.5019008+01:00
376.437683,156.768875,10,2026-09-01T15:45:00.5338752+01:00
380.751434,177.236267,10,2026-09-01T15:45:00.5657600+01:00
347.985229,164.583923,10,2026-09-01T15:45:00.5980288+01:00
401.117737,172.170212,10,2026-09-01T15:45:00.6455808+01:00
365.494263,161.010895,10,2026-09-01T15:45:00.6782208+01:00
363.066193,178.649887,10,2026-09-01T15:45:00.7101056+01:00
362.816681,158.380219,10,2026-09-01T15:45:00.7416192+01:00
378.351227,173.323654,10,2026-09-01T15:45:00.7736064+01:00
368.247101,158.874817,10,2026-09-01T15:45:00.8057216+01:00
371.415527,176.37532,10,2026-09-01T15:45:00.8380160+01:00
370.969849,159.847015,10,2026-09-01T15:45:00.8701056+01:00
377.22287,179.182159,10,2026-09-01T15:45:00.9017728+01:00
394.754547,158.832474,10,2026-09-01T15:45:00.9340160+01:00
369.110077,173.143173,10,2026-09-01T15:45:00.9657216+01:00
387.147003,158.128159,10,2026-09-01T15:45:00.9977856+01:00
355.304932,181.346939,10,2026-09-01T15:45:01.0458368+01:00
383.566895,162.89064,10,2026-09-01T15:45:01.0781312+01:00
364.076508,170.959503,10,2026-09-01T15:45:01.1098240+01:00
383.532623,156.48497,10,2026-09-01T15:45:01.1418752+01:00
365.074249,177.137817,10,2026-09-01T15:45:01.1736704+01:00
364.348511,163.285645,10,2026-09-01T15:45:01.2061312+01:00
361.716461,176.798431,10,2026-09-01T15:45:01.2380416+01:00
383.116608,156.236969,10,2026-09-01T15:45:01.2702976+01:00
363.949463,169.954681,10,2026-09-01T15:45:01.3020928+01:00
372.519379,161.374466,10,2026-09-01T15:45:01.3344896+01:00
396.730072,170.760284,10,2026-09-01T15:45:01.3659264+01:00
376.351166,161.584625,10,2026-09-01T15:45:01.4140544+01:00
362.408752,177.025604,10,2026-09-01T15:45:01.4456320+01:00
365.093384,158.056717,10,2026-09-01T15:45:01.4777088+01:00
369.069763,168.108841,10,2026-09-01T15:45:01.5097472+01:00
387.664185,160.218994,10,2026-09-01T15:45:01.5419776+01:00
362.863892,172.725922,10,2026-09-01T15:45:01.5740544+01:00
385.635925,158.293137,10,2026-09-01T15:45:01.6062208+01:00
360.644318,180.29187,10,2026-09-01T15:45:01.6380672+01:00
386.009796,159.78009,10,2026-09-01T15:45:01.6699136+01:00
388.097961,169.17276,10,2026-09-01T15:45:01.7020544+01:00
359.270081,160.951111,10,2026-09-01T15:45:01.7338112+01:00
388.108795,170.775406,10,2026-09-01T15:45:01.7820160+01:00
377.611298,160.623596,10,2026-09-01T15:45:01.8139520+01:00
369.086884,172.959869,10,2026-09-01T15:45:01.8459648+01:00
369.742554,155.058228,10,2026-09-01T15:45:01.8780672+01:00
374.611908,172.78067,10,2026-09-01T15:45:01.9100800+01:00
369.650909,157.00856,10,2026-09-01T15:45:01.9420160+01:00
402.035583,175.197495,10,2026-09-01T15:45:01.9738112+01:00
385.49585,159.644302,10,2026-09-01T15:45:02.0060032+01:00
384.541565,168.871048,10,2026-09-01T15:45:02.0381184+01:00
377.924377,158.898132,10,2026-09-01T15:45:02.0700544+01:00
385.199829,167.616226,10,2026-09-01T15:45:02.1019136+01:00
374.469788,165.266357,10,2026-09-01T15:45:02.1502720+01:00
385.058716,166.453522,10,2026-09-01T15:45:02.1820544+01:00
373.386566,159.175659,10,2026-09-01T15:45:02.2137472+01:00
383.015045,167.670883,10,2026-09-01T15:45:02.2460416+01:00
387.311371,153.959412,10,2026-09-01T15:45:02.2780416+01:00
378.953125,170.746872,10,2026-09-01T15:45:02.3099776+01:00
374.236755,163.906998,10,2026-09-01T15:45:02.3417984+01:00
389.658813,167.750183,10,2026-09-01T15:45:02.3739904+01:00
387.289093,162.789246,10,2026-09-01T15:45:02.4062848+01:00
376.908722,178.073608,10,2026-09-01T15:45:02.4378368+01:00
387.063507,161.538101,10,2026-09-01T15:45:02.4702336+01:00
389.514954,174.282852,10,2026-09-01T15:45:02.5181312+01:00
375.85788,156.309204,10,2026-09-01T15:45:02.5499264+01:00
383.632965,174.672272,10,2026-09-01T15:45:02.5817600+01:00
399.14856,162.424606,10,2026-09-01T15:45:02.6143360+01:00
367.584656,171.062576,10,2026-09-01T15:45:02.6460544+01:00
385.970337,159.021088,10,2026-09-01T15:45:02.6781568+01:00
394.523315,173.110291,10,2026-09-01T15:45:02.7099520+01:00
378.375641,159.680923,10,2026-09-01T15:45:02.7417984+01:00
397.375763,167.411499,10,2026-09-01T15:45:02.7743104+01:00
376.330261,160.952805,10,2026-09-01T15:45:02.8062720+01:00
360.928284,170.328644,10,2026-09-01T15:45:02.8380672+01:00
370.178192,158.668671,10,2026-09-01T15:45:02.8699392+01:00
388.887115,169.01358,10,2026-09-01T15:45:02.9184128+01:00
377.750885,157.037323,10,2026-09-01T15:45:02.9501312+01:00
375.905579,173.227432,10,2026-09-01T15:45:02.9817728+01:00
388.522186,159.722672,10,2026-09-01T15:45:03.0142720+01:00
391.009308,175.41452,10,2026-09-01T15:45:03.0460928+01:00
375.201874,161.103073,10,2026-09-01T15:45:03.0780672+01:00
393.676788,175.930054,10,2026-09-01T15:45:03.1098496+01:00
389.767273,156.826096,10,2026-09-01T15:45:03.1421184+01:00
378.50647,165.767685,10,2026-09-01T15:45:03.1747584+01:00
381.029572,157.005493,10,2026-09-01T15:45:03.2064000+01:00
393.49765,167.319473,10,2026-09-01T15:45:03.2383744+01:00
387.163269,157.890259,10,2026-09-01T15:45:03.2862592+01:00
375.550964,169.821243,10,2026-09-01T15:45:03.3183488+01:00
374.001923,152.86557,10,2026-09-01T15:45:03.3507200+01:00
384.643433,175.196228,10,2026-09-01T15:45:03.3827200+01:00
369.18576,159.316467,10,2026-09-01T15:45:03.4144640+01:00
364.689545,174.079468,10,2026-09-01T15:45:03.4462464+01:00
364.268005,163.526855,10,2026-09-01T15:45:03.4779392+01:00
381.047943,174.793304,10,2026-09-01T15:45:03.5101184+01:00
383.752777,154.873001,10,2026-09-01T15:45:03.5420544+01:00
376.501526,172.817245,10,2026-09-01T15:45:03.5742720+01:00
376.999603,156.867294,10,2026-09-01T15:45:03.6063104+01:00
377.436218,171.217453,10,2026-09-01T15:45:03.6545024+01:00
369.832855,153.050125,10,2026-09-01T15:45:03.6864128+01:00
369.191223,170.12822,10,2026-09-01T15:45:03.7183232+01:00
371.73764,159.058319,10,2026-09-01T15:45:03.7502080+01:00
367.690033,168.551941,10,2026-09-01T15:45:03.7821824+01:00
379.072021,158.085037,10,2026-09-01T15:45:03.8143488+01:00
382.454681,165.704361,10,2026-09-01T15:45:03.8461056+01:00
373.549469,158.81369,10,2026-09-01T15:45:03.8779776+01:00
392.765808,170.819885,10,2026-09-01T15:45:03.9101312+01:00
378.621979,164.150482,10,2026-09-01T15:45:03.9427072+01:00
390.050262,169.309937,10,2026-09-01T15:45:03.9741568+01:00
375.128662,158.787796,10,2026-09-01T15:45:04.0220288+01:00
373.338074,173.682083,10,2026-09-01T15:45:04.0543744+01:00
394.012054,159.425674,10,2026-09-01T15:45:04.0864384+01:00
358.913452,176.848007,10,2026-09-01T15:45:04.1181952+01:00
380.172333,157.797348,10,2026-09-01T15:45:04.1502208+01:00
385.802155,173.18483,10,2026-09-01T15:45:04.1822848+01:00
382.490021,159.662949,10,2026-09-01T15:45:04.2143616+01:00
376.970367,173.32312,10,2026-09-01T15:45:04.2463488+01:00
382.671967,154.759247,10,2026-09-01T15:45:04.2779776+01:00
373.869537,169.772568,10,2026-09-01T15:45:04.3102080+01:00
372.311005,158.336807,10,2026-09-01T15:45:04.3424256+01:00
385.805389,173.708832,10,2026-09-01T15:45:04.3903744+01:00
363.693909,162.523712,10,2026-09-01T15:45:04.4226816+01:00
396.153229,172.084641,10,2026-09-01T15:45:04.4545536+01:00
374.055542,156.12709,10,2026-09-01T15:45:04.4863872+01:00
393.114258,179.587173,10,2026-09-01T15:45:04.5181568+01:00
382.138733,158.763931,10,2026-09-01T15:45:04.5501312+01:00
389.000305,181.652893,10,2026-09-01T15:45:04.5826432+01:00
370.719543,155.437943,10,2026-09-01T15:45:04.6141056+01:00
400.7771,172.702209,10,2026-09-01T15:45:04.6461440+01:00
369.429871,165.85733,10,2026-09-01T15:45:04.6785792+01:00
389.305603,174.495865,10,2026-09-01T15:45:04.7102208+01:00
374.09198,165.334137,10,2026-09-01T15:45:04.7582848+01:00
393.739777,173.487274,10,2026-09-01T15:45:04.7904128+01:00
370.969666,161.982742,10,2026-09-01T15:45:04.8224256+01:00
396.375061,179.259308,10,2026-09-01T15:45:04.8543744+01:00
384.536133,161.791901,10,2026-09-01T15:45:04.8861824+01:00
379.757233,177.721817,10,2026-09-01T15:45:04.9181952+01:00
378.986572,164.819321,10,2026-09-01T15:45:04.9508096+01:00
394.765564,171.808548,10,2026-09-01T15:45:04.9823744+01:00
379.050354,161.905823,10,2026-09-01T15:45:05.0145920+01:00
393.259735,175.913605,10,2026-09-01T15:45:05.0461952+01:00
374.697723,152.601715,10,2026-09-01T15:45:05.0784640+01:00
383.10498,173.185043,10,2026-09-01T15:45:05.1102976+01:00
385.935883,157.665543,10,2026-09-01T15:45:05.1581568+01:00
395.690643,171.121201,10,2026-09-01T15:45:05.1904384+01:00
391.277069,160.663528,10,2026-09-01T15:45:05.2226304+01:00
393.20285,170.825699,10,2026-09-01T15:45:05.2546048+01:00
382.032623,154.843811,10,2026-09-01T15:45:05.2866048+01:00
395.27829,171.688248,10,2026-09-01T15:45:05.3184256+01:00
395.293854,151.862183,10,2026-09-01T15:45:05.3507328+01:00
404.355499,162.202072,10,2026-09-01T15:45:05.3823360+01:00
376.665649,144.078552,10,2026-09-01T15:45:05.4146048+01:00
388.974426,160.352295,10,2026-09-01T15:45:05.4462976+01:00
378.900208,148.731827,10,2026-09-01T15:45:05.4784640+01:00
392.206604,164.745865,10,2026-09-01T15:45:05.5266048+01:00
382.295197,152.742569,10,2026-09-01T15:45:05.5584640+01:00
392.630554,165.556763,10,2026-09-01T15:45:05.5906560+01:00
389.083313,152.593613,10,2026-09-01T15:45:05.6227968+01:00
365.407776,159.784134,10,2026-09-01T15:45:05.6545408+01:00
404.725769,152.953201,10,2026-09-01T15:45:05.6866560+01:00
399.039978,166.310822,10,2026-09-01T15:45:05.7186304+01:00
383.953583,151.390244,10,2026-09-01T15:45:05.7507072+01:00
394.105103,165.590408,10,2026-09-01T15:45:05.7824000+01:00
392.468323,154.319305,10,2026-09-01T15:45:05.8145920+01:00
385.531494,166.291321,10,2026-09-01T15:45:05.8463360+01:00
392.299652,157.009354,10,2026-09-01T15:45:05.8944896+01:00
381.993835,168.321091,10,2026-09-01T15:45:05.9267456+01:00
388.096466,162.172958,10,2026-09-01T15:45:05.9584896+01:00
363.226013,169.968781,10,2026-09-01T15:45:05.9906816+01:00
382.563812,159.893311,10,2026-09-01T15:45:06.0226560+01:00
373.543823,177.895416,10,2026-09-01T15:45:06.0545152+01:00
403.37558,175.491516,10,2026-09-01T15:45:06.0865664+01:00
380.638763,205.911636,10,2026-09-01T15:45:06.1182848+01:00
399.688019,179.874954,10,2026-09-01T15:45:06.1503488+01:00
362.191681,199.876205,10,2026-09-01T15:45:06.1824640+01:00
424.391693,169.979935,10,2026-09-01T15:45:06.2144128+01:00
377.459442,201.514038,10,2026-09-01T15:45:06.2623744+01:00
401.912994,173.163361,10,2026-09-01T15:45:06.2943872+01:00
400.994965,199.629944,10,2026-09-01T15:45:06.3265152+01:00
418.560638,170.164185,10,2026-09-01T15:45:06.3585920+01:00
387.825378,189.905731,10,2026-09-01T15:45:06.3907840+01:00
421.450043,165.302734,10,2026-09-01T15:45:06.4223872+01:00
378.877716,194.569962,10,2026-09-01T15:45:06.4543360+01:00
395.027618,171.865768,10,2026-09-01T15:45:06.4866688+01:00
366.780762,197.396988,10,2026-09-01T15:45:06.5187328+01:00
387.643097,170.636063,10,2026-09-01T15:45:06.5502592+01:00
361.841217,190.332413,10,2026-09-01T15:45:06.5822080+01:00
382.865021,167.344086,10,2026-09-01T15:45:06.6304640+01:00
387.443207,187.569046,10,2026-09-01T15:45:06.6623872+01:00
383.991211,168.506577,10,2026-09-01T15:45:06.6949376+01:00
355.635498,192.380341,10,2026-09-01T15:45:06.7267200+01:00
376.561646,171.422775,10,2026-09-01T15:45:06.7587840+01:00
354.503265,192.168198,10,2026-09-01T15:45:06.7902080+01:00
363.214264,172.920441,10,2026-09-01T15:45:06.8225920+01:00
356.644501,195.199921,10,2026-09-01T15:45:06.8547072+01:00
360.95752,167.215668,10,2026-09-01T15:45:06.8865920+01:00
360.626556,185.410721,10,2026-09-01T15:45:06.9186944+01:00
368.891449,166.763229,10,2026-09-01T15:45:06.9503488+01:00
361.85321,189.123093,10,2026-09-01T15:45:06.9986560+01:00
378.462982,169.980316,10,2026-09-01T15:45:07.0305280+01:00
353.986633,173.471497,10,2026-09-01T15:45:07.0623616+01:00
371.552307,166.571625,10,2026-09-01T15:45:07.0945536+01:00
376.286957,172.471924,10,2026-09-01T15:45:07.1266560+01:00
370.624054,159.044037,10,2026-09-01T15:45:07.1583616+01:00
366.891449,165.24614,10,2026-09-01T15:45:07.1906432+01:00
379.738129,165.032883,10,2026-09-01T15:45:07.2228096+01:00
373.076294,170.488556,10,2026-09-01T15:45:07.2547840+01:00
370.100677,152.092514,10,2026-09-01T15:45:07.2867840+01:00
366.079315,166.033081,10,2026-09-01T15:45:07.3183616+01:00
367.506287,159.097168,10,2026-09-01T15:45:07.3506816+01:00
378.373688,166.263672,10,2026-09-01T15:45:07.3985152+01:00
377.30542,159.202682,10,2026-09-01T15:45:07.4306560+01:00
383.461792,165.413498,10,2026-09-01T15:45:07.4626944+01:00
374.674377,155.176193,10,2026-09-01T15:45:07.4948352+01:00
358.018738,173.712112,10,2026-09-01T15:45:07.5262720+01:00
366.590179,160.57872,10,2026-09-01T15:45:07.5584384+01:00
352.108521,175.222733,10,2026-09-01T15:45:07.5906048+01:00
356.106293,163.721497,10,2026-09-01T15:45:07.6225664+01:00
354.833008,174.371719,10,2026-09-01T15:45:07.6544128+01:00
360.561127,166.982559,10,2026-09-01T15:45:07.6864256+01:00
358.505341,173.810852,10,2026-09-01T15:45:07.7186176+01:00
372.043427,164.693085,10,2026-09-01T15:45:07.7663872+01:00
352.630829,174.213593,10,2026-09-01T15:45:07.7984896+01:00
363.574249,153.434601,10,2026-09-01T15:45:07.8306688+01:00
351.358307,174.654663,10,2026-09-01T15:45:07.8624768+01:00
366.002106,158.570892,10,2026-09-01T15:45:07.8947840+01:00
373.457397,164.145187,10,2026-09-01T15:45:07.9270656+01:00
378.38028,160.37767,10,2026-09-01T15:45:07.9587712+01:00
351.492493,173.159134,10,2026-09-01T15:45:07.9907968+01:00
376.680756,160.457321,10,2026-09-01T15:45:08.0227584+01:00
353.430908,167.332596,10,2026-09-01T15:45:08.0545664+01:00
367.172119,157.797363,10,2026-09-01T15:45:08.0870400+01:00
374.673309,167.506866,10,2026-09-01T15:45:08.1348736+01:00
356.120087,152.963745,10,2026-09-01T15:45:08.1665280+01:00
352.003876,166.902725,10,2026-09-01T15:45:08.1986304+01:00
373.722961,159.295868,10,2026-09-01T15:45:08.2306176+01:00
369.327576,168.277817,10,2026-09-01T15:45:08.2626176+01:00
374.391083,160.968643,10,2026-09-01T15:45:08.2946432+01:00
361.706848,170.784042,10,2026-09-01T15:45:08.3267328+01:00
372.147522,161.801849,10,2026-09-01T15:45:08.3585152+01:00
352.832825,173.033997,10,2026-09-01T15:45:08.3907328+01:00
367.776367,163.313644,10,2026-09-01T15:45:08.4229760+01:00
342.305847,173.217514,10,2026-09-01T15:45:08.4547456+01:00
363.26239,163.932587,10,2026-09-01T15:45:08.5031552+01:00
363.054291,171.92688,10,2026-09-01T15:45:08.5347328+01:00
356.109772,162.906265,10,2026-09-01T15:45:08.5666560+01:00
342.472656,174.204437,10,2026-09-01T15:45:08.5984256+01:00
370.571442,160.244247,10,2026-09-01T15:45:08.6310144+01:00
371.41272,172.37532,10,2026-09-01T15:45:08.6637312+01:00
372.069427,162.705856,10,2026-09-01T15:45:08.6947328+01:00
365.677734,174.55896,10,2026-09-01T15:45:08.7267712+01:00
355.689575,159.07872,10,2026-09-01T15:45:08.7587840+01:00
360.955933,167.726837,10,2026-09-01T15:45:08.7911808+01:00
382.190704,157.09079,10,2026-09-01T15:45:08.8229504+01:00
376.746643,163.153183,10,2026-09-01T15:45:08.8708224+01:00
373.822327,155.452713,10,2026-09-01T15:45:08.9029888+01:00
380.609955,163.992599,10,2026-09-01T15:45:08.9352832+01:00
376.889832,158.539459,10,2026-09-01T15:45:08.9666432+01:00
353.370117,169.125458,10,2026-09-01T15:45:08.9985536+01:00
368.011322,149.961304,10,2026-09-01T15:45:09.0315008+01:00
382.687836,162.864838,10,2026-09-01T15:45:09.0628864+01:00
367.170044,152.224136,10,2026-09-01T15:45:09.0958720+01:00
362.160492,174.333252,10,2026-09-01T15:45:09.1265920+01:00
373.316559,155.405853,10,2026-09-01T15:45:09.1589888+01:00
376.047302,168.442001,10,2026-09-01T15:45:09.1909120+01:00
384.111511,155.919144,10,2026-09-01T15:45:09.2390528+01:00
369.818329,168.598984,10,2026-09-01T15:45:09.2708352+01:00
377.75119,154.848846,10,2026-09-01T15:45:09.3027712+01:00
376.065948,163.652069,10,2026-09-01T15:45:09.3351552+01:00
357.591309,159.375381,10,2026-09-01T15:45:09.3665536+01:00
370.533691,171.506592,10,2026-09-01T15:45:09.3987200+01:00
387.719635,159.212677,10,2026-09-01T15:45:09.4311168+01:00
368.275665,168.698151,10,2026-09-01T15:45:09.4630400+01:00
371.153259,158.333191,10,2026-09-01T15:45:09.4953472+01:00
383.441895,169.386627,10,2026-09-01T15:45:09.5276032+01:00
382.594849,155.558868,10,2026-09-01T15:45:09.5596800+01:00
372.503052,165.378342,10,2026-09-01T15:45:09.5912320+01:00
378.116089,154.212784,10,2026-09-01T15:45:09.6388480+01:00
384.311462,163.63652,10,2026-09-01T15:45:09.6707328+01:00
367.777374,155.199326,10,2026-09-01T15:45:09.7029632+01:00
378.963318,167.923798,10,2026-09-01T15:45:09.7350656+01:00
386.451965,156.171585,10,2026-09-01T15:45:09.7668736+01:00
374.545135,162.47081,10,2026-09-01T15:45:09.7987968+01:00
375.535889,155.768311,10,2026-09-01T15:45:09.8312832+01:00
366.72525,165.852234,10,2026-09-01T15:45:09.8629888+01:00
377.371277,154.738739,10,2026-09-01T15:45:09.8953344+01:00
389.717194,162.886383,10,2026-09-01T15:45:09.9270016+01:00
357.472168,151.829544,10,2026-09-01T15:45:09.9590144+01:00
389.761047,162.410553,10,2026-09-01T15:45:10.0068736+01:00
376.140808,154.550659,10,2026-09-01T15:45:10.0394112+01:00
353.484528,168.871979,10,2026-09-01T15:45:10.0711680+01:00
378.122345,154.058716,10,2026-09-01T15:45:10.1032192+01:00
389.190643,163.4487,10,2026-09-01T15:45:10.1353216+01:00
387.577209,155.257065,10,2026-09-01T15:45:10.1673600+01:00
377.561646,167.035477,10,2026-09-01T15:45:10.1990016+01:00
377.352203,154.251099,10,2026-09-01T15:45:10.2308224+01:00
370.589966,163.821518,10,2026-09-01T15:45:10.2631040+01:00
374.015442,154.15715,10,2026-09-01T15:45:10.2950528+01:00
364.331116,162.125702,10,2026-09-01T15:45:10.3271808+01:00
373.998077,155.967209,10,2026-09-01T15:45:10.3751552+01:00
360.089447,170.146194,10,2026-09-01T15:45:10.4069632+01:00
375.825409,156.998138,10,2026-09-01T15:45:10.4391168+01:00
385.256989,167.656494,10,2026-09-01T15:45:10.4707200+01:00
377.73645,157.534378,10,2026-09-01T15:45:10.5031168+01:00
375.230804,161.363647,10,2026-09-01T15:45:10.5347968+01:00
373.23584,159.123138,10,2026-09-01T15:45:10.5671680+01:00
365.445374,165.872971,10,2026-09-01T15:45:10.5993216+01:00
375.405762,150.322815,10,2026-09-01T15:45:10.6310272+01:00
375.680267,164.563797,10,2026-09-01T15:45:10.6631808+01:00
373.718201,153.089432,10,2026-09-01T15:45:10.6948608+01:00
366.62262,170.426407,10,2026-09-01T15:45:10.7428992+01:00
375.864227,153.358734,10,2026-09-01T15:45:10.7752064+01:00
371.088898,163.754242,10,2026-09-01T15:45:10.8071680+01:00
378.294708,158.278046,10,2026-09-01T15:45:10.8393600+01:00
368.544891,169.440979,10,2026-09-01T15:45:10.8711296+01:00
378.712891,155.078003,10,2026-09-01T15:45:10.9029760+01:00
379.930573,159.702255,10,2026-09-01T15:45:10.9348096+01:00
377.398987,154.080582,10,2026-09-01T15:45:10.9670784+01:00
384.025146,163.785843,10,2026-09-01T15:45:10.9992704+01:00
371.944794,153.076874,10,2026-09-01T15:45:11.0312704+01:00
375.577942,164.718338,10,2026-09-01T15:45:11.0637696+01:00
374.8125,153.993576,10,2026-09-01T15:45:11.1111296+01:00
374.658905,162.131226,10,2026-09-01T15:45:11.1432448+01:00
360.591309,154.123871,10,2026-09-01T15:45:11.1751296+01:00
379.866577,166.585968,10,2026-09-01T15:45:11.2071168+01:00
377.003021,155.089554,10,2026-09-01T15:45:11.2392960+01:00
374.772308,166.302475,10,2026-09-01T15:45:11.2709248+01:00
378.546539,151.858688,10,2026-09-01T15:45:11.3030528+01:00
385.961639,166.316757,10,2026-09-01T15:45:11.3355648+01:00
369.161316,154.618393,10,2026-09-01T15:45:11.3671296+01:00
376.423767,159.91362,10,2026-09-01T15:45:11.3992064+01:00
385.443451,155.162979,10,2026-09-01T15:45:11.4313088+01:00
385.976379,165.015625,10,2026-09-01T15:45:11.4631424+01:00
383.821045,148.281723,10,2026-09-01T15:45:11.5111680+01:00
386.523499,168.039276,10,2026-09-01T15:45:11.5433088+01:00
378.871857,155.724304,10,2026-09-01T15:45:11.5754624+01:00
385.868896,163.663895,10,2026-09-01T15:45:11.6069760+01:00
374.20752,155.835556,10,2026-09-01T15:45:11.6392704+01:00
381.747437,165.816391,10,2026-09-01T15:45:11.6710272+01:00
376.259521,151.288376,10,2026-09-01T15:45:11.7030784+01:00
369.442871,166.205276,10,2026-09-01T15:45:11.7350912+01:00
378.610687,152.901672,10,2026-09-01T15:45:11.7671808+01:00
376.383514,167.665314,10,2026-09-01T15:45:11.7989120+01:00
373.950409,152.366211,10,2026-09-01T15:45:11.8313856+01:00
386.276581,162.688782,10,2026-09-01T15:45:11.8790784+01:00
374.91217,154.998886,10,2026-09-01T15:45:11.9109504+01:00
367.108643,168.153915,10,2026-09-01T15:45:11.9429504+01:00
401.66507,153.188385,10,2026-09-01T15:45:11.9752320+01:00
378.834839,166.884521,10,2026-09-01T15:45:12.0068480+01:00
370.951782,152.148682,10,2026-09-01T15:45:12.0396928+01:00
382.28775,162.497253,10,2026-09-01T15:45:12.0711680+01:00
382.782776,156.832901,10,2026-09-01T15:45:12.1034496+01:00
347.040985,172.261856,10,2026-09-01T15:45:12.1351680+01:00
376.330414,153.815903,10,2026-09-01T15:45:12.1673728+01:00
380.389771,168.441101,10,2026-09-01T15:45:12.1995264+01:00
366.490143,156.885223,10,2026-09-01T15:45:12.2475136+01:00
358.956421,163.912109,10,2026-09-01T15:45:12.2791680+01:00
378.109436,154.54567,10,2026-09-01T15:45:12.3114368+01:00
384.245453,161.510452,10,2026-09-01T15:45:12.3431552+01:00
371.845825,153.813156,10,2026-09-01T15:45:12.3755008+01:00
379.041504,167.057999,10,2026-09-01T15:45:12.4072320+01:00
376.085449,154.109344,10,2026-09-01T15:45:12.4393344+01:00
375.186432,169.104736,10,2026-09-01T15:45:12.4709504+01:00
397.978668,149.261826,10,2026-09-01T15:45:12.5032448+01:00
366.521637,165.925644,10,2026-09-01T15:45:12.5354624+01:00
371.8797,155.288269,10,2026-09-01T15:45:12.5674880+01:00
369.739594,166.013153,10,2026-09-01T15:45:12.6152576+01:00
369.401367,159.018967,10,2026-09-01T15:45:12.6477184+01:00
355.537079,169.869202,10,2026-09-01T15:45:12.6789760+01:00
380.532684,153.765701,10,2026-09-01T15:45:12.7113216+01:00
373.137939,161.81839,10,2026-09-01T15:45:12.7435136+01:00
373.535858,151.622818,10,2026-09-01T15:45:12.7754368+01:00
359.33548,164.329819,10,2026-09-01T15:45:12.8074880+01:00
383.384827,153.038956,10,2026-09-01T15:45:12.8395136+01:00
375.229187,157.701431,10,2026-09-01T15:45:12.8711808+01:00
385.195709,159.650711,10,2026-09-01T15:45:12.9033088+01:00
371.756012,163.292572,10,2026-09-01T15:45:12.9355008+01:00
371.936066,154.071289,10,2026-09-01T15:45:12.9833472+01:00
374.269775,163.144897,10,2026-09-01T15:45:13.0155520+01:00
361.95752,155.372955,10,2026-09-01T15:45:13.0474752+01:00
357.683899,172.462387,10,2026-09-01T15:45:13.0790144+01:00
375.299561,156.235336,10,2026-09-01T15:45:13.1111552+01:00
374.914001,164.480347,10,2026-09-01T15:45:13.1433600+01:00
374.409943,153.833435,10,2026-09-01T15:45:13.1759488+01:00
379.440704,161.053314,10,2026-09-01T15:45:13.2073344+01:00
373.775879,154.532043,10,2026-09-01T15:45:13.2391040+01:00
345.764404,172.662872,10,2026-09-01T15:45:13.2710400+01:00
375.613647,155.428406,10,2026-09-01T15:45:13.3032576+01:00
386.018158,167.19249,10,2026-09-01T15:45:13.3511808+01:00
374.968292,152.191956,10,2026-09-01T15:45:13.3837568+01:00
381.200562,164.011185,10,2026-09-01T15:45:13.4151808+01:00
375.438477,149.716095,10,2026-09-01T15:45:13.4472064+01:00
362.829071,165.739319,10,2026-09-01T15:45:13.4791552+01:00
376.914978,151.188782,10,2026-09-01T15:45:13.5114240+01:00
371.111237,169.120392,10,2026-09-01T15:45:13.5433216+01:00
372.316559,154.315674,10,2026-09-01T15:45:13.5753472+01:00
367.867035,164.950027,10,2026-09-01T15:45:13.6071168+01:00
362.541992,158.101791,10,2026-09-01T15:45:13.6397312+01:00
374.625458,164.148651,10,2026-09-01T15:45:13.6713216+01:00
376.551788,155.528961,10,2026-09-01T15:45:13.7033984+01:00
375.240997,162.191269,10,2026-09-01T15:45:13.7514624+01:00
364.021484,153.877426,10,2026-09-01T15:45:13.7833216+01:00
357.867462,172.075653,10,2026-09-01T15:45:13.8156672+01:00
381.179871,156.187347,10,2026-09-01T15:45:13.8475392+01:00
373.695831,166.362518,10,2026-09-01T15:45:13.8791936+01:00
365.377197,156.037399,10,2026-09-01T15:45:13.9115904+01:00
372.703583,166.027985,10,2026-09-01T15:45:13.9436672+01:00
379.798462,156.376038,10,2026-09-01T15:45:13.9756416+01:00
360.228577,169.284821,10,2026-09-01T15:45:14.0076672+01:00
366.797058,151.455246,10,2026-09-01T15:45:14.0393216+01:00
377.728973,167.408798,10,2026-09-01T15:45:14.0711808+01:00
369.714172,157.239151,10,2026-09-01T15:45:14.1195392+01:00
374.248413,165.44278,10,2026-09-01T15:45:14.1516032+01:00
368.325409,157.915787,10,2026-09-01T15:45:14.1836544+01:00
350.466125,171.293213,10,2026-09-01T15:45:14.2154880+01:00
374.02417,155.993729,10,2026-09-01T15:45:14.2472320+01:00
374.751282,163.72377,10,2026-09-01T15:45:14.2795008+01:00
366.32312,149.096542,10,2026-09-01T15:45:14.3120000+01:00
366.007416,173.545303,10,2026-09-01T15:45:14.3431936+01:00
372.633789,154.693558,10,2026-09-01T15:45:14.3756160+01:00
382.260071,163.333176,10,2026-09-01T15:45:14.4071424+01:00
371.838562,158.601074,10,2026-09-01T15:45:14.4394624+01:00
359.078613,169.125275,10,2026-09-01T15:45:14.4877696+01:00
384.044189,155.489807,10,2026-09-01T15:45:14.5196288+01:00
353.363342,169.977798,10,2026-09-01T15:45:14.5517824+01:00
364.935028,155.758163,10,2026-09-01T15:45:14.5834752+01:00
359.240509,167.458084,10,2026-09-01T15:45:14.6153216+01:00
370.052094,156.840851,10,2026-09-01T15:45:14.6480128+01:00
349.365692,172.738068,10,2026-09-01T15:45:14.6793472+01:00
352.169098,161.629059,10,2026-09-01T15:45:14.7124096+01:00
345.760376,173.312027,10,2026-09-01T15:45:14.7432960+01:00
361.325928,160.451767,10,2026-09-01T15:45:14.7755520+01:00
353.557068,167.517807,10,2026-09-01T15:45:14.8072576+01:00
360.27948,156.745926,10,2026-09-01T15:45:14.8556544+01:00
371.909302,166.852173,10,2026-09-01T15:45:14.8876544+01:00
366.808075,156.308655,10,2026-09-01T15:45:14.9195392+01:00
350.092651,172.880646,10,2026-09-01T15:45:14.9515008+01:00
359.172272,159.049316,10,2026-09-01T15:45:14.9837824+01:00
360.855927,169.027771,10,2026-09-01T15:45:15.0154880+01:00
357.969879,157.751007,10,2026-09-01T15:45:15.0474496+01:00
364.309784,167.129745,10,2026-09-01T15:45:15.0793216+01:00
363.848053,158.554779,10,2026-09-01T15:45:15.1114624+01:00
365.08255,168.931061,10,2026-09-01T15:45:15.1432192+01:00
362.912689,162.728516,10,2026-09-01T15:45:15.1756160+01:00
342.020782,171.537567,10,2026-09-01T15:45:15.2237056+01:00
361.612122,159.222809,10,2026-09-01T15:45:15.2555648+01:00
348.756989,175.80426,10,2026-09-01T15:45:15.2876160+01:00
354.22525,160.123215,10,2026-09-01T15:45:15.3197696+01:00
333.285553,177.601715,10,2026-09-01T15:45:15.3513856+01:00
355.910919,163.875397,10,2026-09-01T15:45:15.3835904+01:00
350.804321,177.364609,10,2026-09-01T15:45:15.4157568+01:00
356.50235,162.179718,10,2026-09-01T15:45:15.4475392+01:00
346.850983,172.501297,10,2026-09-01T15:45:15.4797952+01:00
346.26355,163.355881,10,2026-09-01T15:45:15.5113856+01:00
348.138855,172.534714,10,2026-09-01T15:45:15.5439616+01:00
357.20694,161.381104,10,2026-09-01T15:45:15.5922304+01:00
341.012787,175.974823,10,2026-09-01T15:45:15.6232192+01:00
353.965759,156.647354,10,2026-09-01T15:45:15.6557952+01:00
350.823822,167.344528,10,2026-09-01T15:45:15.6880512+01:00
359.91806,157.514603,10,2026-09-01T15:45:15.7196160+01:00
343.749084,176.856461,10,2026-09-01T15:45:15.7515008+01:00
370.313446,158.343369,10,2026-09-01T15:45:15.7838848+01:00
342.061523,174.975296,10,2026-09-01T15:45:15.8156288+01:00
354.104614,161.748505,10,2026-09-01T15:45:15.8477440+01:00
349.338989,169.458115,10,2026-09-01T15:45:15.8797568+01:00
356.409241,163.346466,10,2026-09-01T15:45:15.9117056+01:00
342.964264,175.625381,10,2026-09-01T15:45:15.9436288+01:00
352.940033,161.999863,10,2026-09-01T15:45:15.9919104+01:00
350.398254,171.118317,10,2026-09-01T15:45:16.0233984+01:00
348.280121,161.526474,10,2026-09-01T15:45:16.0559104+01:00
350.519897,175.827255,10,2026-09-01T15:45:16.0877056+01:00
367.581451,159.064285,10,2026-09-01T15:45:16.1196928+01:00
350.083527,180.33197,10,2026-09-01T15:45:16.1516544+01:00
344.419525,167.723785,10,2026-09-01T15:45:16.1838720+01:00
356.218811,177.257919,10,2026-09-01T15:45:16.2157696+01:00
358.52951,161.572739,10,2026-09-01T15:45:16.2479872+01:00
377.7901,172.6064,10,2026-09-01T15:45:16.2798720+01:00
348.979797,161.019424,10,2026-09-01T15:45:16.3118336+01:00
353.781769,181.386551,10,2026-09-01T15:45:16.3596672+01:00
358.596558,160.296249,10,2026-09-01T15:45:16.3915008+01:00
344.44339,179.491058,10,2026-09-01T15:45:16.4236928+01:00
361.01947,163.050064,10,2026-09-01T15:45:16.4559360+01:00
351.493835,172.025864,10,2026-09-01T15:45:16.4877056+01:00
332.018402,162.220551,10,2026-09-01T15:45:16.5198208+01:00
353.522766,177.999619,10,2026-09-01T15:45:16.5514240+01:00
377.489105,160.844849,10,2026-09-01T15:45:16.5836160+01:00
340.586334,176.010681,10,2026-09-01T15:45:16.6157312+01:00
367.064789,165.757965,10,2026-09-01T15:45:16.6479104+01:00
345.030884,175.309158,10,2026-09-01T15:45:16.6794368+01:00
365.687866,164.036377,10,2026-09-01T15:45:16.7282048+01:00
352.450867,170.594284,10,2026-09-01T15:45:16.7602048+01:00
356.476196,164.27359,10,2026-09-01T15:45:16.7915136+01:00
349.751221,177.100296,10,2026-09-01T15:45:16.8237440+01:00
360.301575,160.431778,10,2026-09-01T15:45:16.8560256+01:00
351.692596,169.390121,10,2026-09-01T15:45:16.8876928+01:00
352.090485,161.623215,10,2026-09-01T15:45:16.9198464+01:00
338.48938,175.371521,10,2026-09-01T15:45:16.9518464+01:00
367.993774,161.004593,10,2026-09-01T15:45:16.9840000+01:00
352.879272,179.595901,10,2026-09-01T15:45:17.0158336+01:00
347.619141,164.153305,10,2026-09-01T15:45:17.0478080+01:00
347.534637,175.720932,10,2026-09-01T15:45:17.0958848+01:00
347.343872,163.572144,10,2026-09-01T15:45:17.1280512+01:00
334.327789,175.149246,10,2026-09-01T15:45:17.1599104+01:00
361.42514,159.029541,10,2026-09-01T15:45:17.1917440+01:00
335.245483,173.434647,10,2026-09-01T15:45:17.2239488+01:00
360.020111,166.274033,10,2026-09-01T15:45:17.2558336+01:00
355.880096,176.315201,10,2026-09-01T15:45:17.2878720+01:00
343.694092,166.691833,10,2026-09-01T15:45:17.3199360+01:00
349.602753,179.045654,10,2026-09-01T15:45:17.3514112+01:00
346.800659,162.287155,10,2026-09-01T15:45:17.3837952+01:00
348.833191,177.943481,10,2026-09-01T15:45:17.4155520+01:00
364.447845,161.221649,10,2026-09-01T15:45:17.4641408+01:00
357.197083,180.121735,10,2026-09-01T15:45:17.4957184+01:00
353.576172,162.822601,10,2026-09-01T15:45:17.5278464+01:00
365.0849,168.170502,10,2026-09-01T15:45:17.5596160+01:00
358.865326,160.377686,10,2026-09-01T15:45:17.5919616+01:00
347.42746,176.235397,10,2026-09-01T15:45:17.6240512+01:00
356.334869,156.276123,10,2026-09-01T15:45:17.6556928+01:00
361.993134,173.552414,10,2026-09-01T15:45:17.6879872+01:00
373.05661,160.926437,10,2026-09-01T15:45:17.7206912+01:00
347.841797,171.829819,10,2026-09-01T15:45:17.7518592+01:00
364.739807,162.033279,10,2026-09-01T15:45:17.7841792+01:00
344.989075,172.250168,10,2026-09-01T15:45:17.8320000+01:00
364.192596,160.866943,10,2026-09-01T15:45:17.8640512+01:00
362.698303,167.387451,10,2026-09-01T15:45:17.8957440+01:00
366.868439,158.726456,10,2026-09-01T15:45:17.9278592+01:00
345.801117,174.785156,10,2026-09-01T15:45:17.9595392+01:00
353.378906,162.112808,10,2026-09-01T15:45:17.9919232+01:00
336.204102,177.84993,10,2026-09-01T15:45:18.0241792+01:00
354.399231,161.519913,10,2026-09-01T15:45:18.0556544+01:00
356.309326,168.424683,10,2026-09-01T15:45:18.0878976+01:00
349.939911,159.234406,10,2026-09-01T15:45:18.1200256+01:00
350.720917,173.479645,10,2026-09-01T15:45:18.1517568+01:00
358.246307,161.934387,10,2026-09-01T15:45:18.1840640+01:00
360.399384,171.374405,10,2026-09-01T15:45:18.2321024+01:00
363.380768,155.053848,10,2026-09-01T15:45:18.2642048+01:00
368.407745,170.14975,10,2026-09-01T15:45:18.2962176+01:00
360.144287,159.874146,10,2026-09-01T15:45:18.3278592+01:00
342.661652,171.105408,10,2026-09-01T15:45:18.3599360+01:00
359.747986,159.158157,10,2026-09-01T15:45:18.3917696+01:00
338.34317,175.4823,10,2026-09-01T15:45:18.4240640+01:00
352.475037,159.264374,10,2026-09-01T15:45:18.4563328+01:00
345.275208,173.402786,10,2026-09-01T15:45:18.4880640+01:00
347.545715,160.447372,10,2026-09-01T15:45:18.5202688+01:00
326.341827,174.020065,10,2026-09-01T15:45:18.5518336+01:00
350.146118,159.541794,10,2026-09-01T15:45:18.6003328+01:00
345.504761,172.871338,10,2026-09-01T15:45:18.6320896+01:00
374.179352,156.319611,10,2026-09-01T15:45:18.6638848+01:00
351.196259,176.061295,10,2026-09-01T15:45:18.6961408+01:00
359.820496,156.329865,10,2026-09-01T15:45:18.7279232+01:00
349.729187,173.806976,10,2026-09-01T15:45:18.7597824+01:00
358.597656,161.637482,10,2026-09-01T15:45:18.7922688+01:00
346.37616,174.347626,10,2026-09-01T15:45:18.8238336+01:00
374.315063,155.361145,10,2026-09-01T15:45:18.8559104+01:00
342.175568,173.10405,10,2026-09-01T15:45:18.8883456+01:00
367.081268,154.512589,10,2026-09-01T15:45:18.9201152+01:00
360.884216,176.598129,10,2026-09-01T15:45:18.9681920+01:00
350.335968,164.561508,10,2026-09-01T15:45:19.0002560+01:00
334.634277,173.204544,10,2026-09-01T15:45:19.0321024+01:00
355.976776,160.512405,10,2026-09-01T15:45:19.0639616+01:00
359.577423,170.583984,10,2026-09-01T15:45:19.0958208+01:00
369.017334,160.099197,10,2026-09-01T15:45:19.1278592+01:00
360.465485,171.589188,10,2026-09-01T15:45:19.1599232+01:00
363.161224,161.419785,10,2026-09-01T15:45:19.1924096+01:00
343.963837,171.566116,10,2026-09-01T15:45:19.2241280+01:00
360.436401,159.350677,10,2026-09-01T15:45:19.2563712+01:00
347.052582,171.458725,10,2026-09-01T15:45:19.2882944+01:00
368.007477,157.812592,10,2026-09-01T15:45:19.3362432+01:00
347.346405,172.465469,10,2026-09-01T15:45:19.3677696+01:00
358.100494,160.108582,10,2026-09-01T15:45:19.4000896+01:00
342.256012,174.26561,10,2026-09-01T15:45:19.4321536+01:00
356.471252,159.221405,10,2026-09-01T15:45:19.4641152+01:00
354.730225,171.868439,10,2026-09-01T15:45:19.4959232+01:00
353.838074,158.65538,10,2026-09-01T15:45:19.5284736+01:00
357.223969,173.927521,10,2026-09-01T15:45:19.5606912+01:00
354.794861,160.615402,10,2026-09-01T15:45:19.5922048+01:00
356.352966,174.745255,10,2026-09-01T15:45:19.6238720+01:00
364.82489,161.919434,10,2026-09-01T15:45:19.6557952+01:00
353.942139,172.068176,10,2026-09-01T15:45:19.7040256+01:00
364.373199,158.983871,10,2026-09-01T15:45:19.7363840+01:00
350.163605,172.59996,10,2026-09-01T15:45:19.7678336+01:00
359.39447,158.815262,10,2026-09-01T15:45:19.8001408+01:00
346.575806,173.372086,10,2026-09-01T15:45:19.8322048+01:00
366.96759,156.984848,10,2026-09-01T15:45:19.8642944+01:00
343.829224,173.711288,10,2026-09-01T15:45:19.8960896+01:00
348.422333,162.431885,10,2026-09-01T15:45:19.9282816+01:00
339.254517,173.485535,10,2026-09-01T15:45:19.9599488+01:00
342.749756,161.679291,10,2026-09-01T15:45:19.9921920+01:00
340.585968,176.017868,10,2026-09-01T15:45:20.0244224+01:00
357.026001,158.584045,10,2026-09-01T15:45:20.0564480+01:00
356.480072,172.858871,10,2026-09-01T15:45:20.1042944+01:00
343.435394,164.6978,10,2026-09-01T15:45:20.1366400+01:00
351.022247,168.022095,10,2026-09-01T15:45:20.1682688+01:00
358.054535,160.471573,10,2026-09-01T15:45:20.2003712+01:00
336.062531,178.909363,10,2026-09-01T15:45:20.2318464+01:00
344.955109,161.509079,10,2026-09-01T15:45:20.2643328+01:00
357.383484,170.614288,10,2026-09-01T15:45:20.2960256+01:00
359.470673,160.51886,10,2026-09-01T15:45:20.3281152+01:00
350.331543,171.489319,10,2026-09-01T15:45:20.3600640+01:00
364.207855,159.306412,10,2026-09-01T15:45:20.3924864+01:00
348.675842,171.990479,10,2026-09-01T15:45:20.4241664+01:00
351.390808,160.08078,10,2026-09-01T15:45:20.4719872+01:00
372.748199,166.671799,10,2026-09-01T15:45:20.5043968+01:00
358.640869,161.673126,10,2026-09-01T15:45:20.5360768+01:00
341.344452,175.466354,10,2026-09-01T15:45:20.5684992+01:00
345.895111,163.880173,10,2026-09-01T15:45:20.6005632+01:00
337.915771,174.087357,10,2026-09-01T15:45:20.6321664+01:00
354.363129,160.74472,10,2026-09-01T15:45:20.6641536+01:00
357.406525,172.543976,10,2026-09-01T15:45:20.6961024+01:00
359.868988,159.908249,10,2026-09-01T15:45:20.7285248+01:00
348.979889,171.709473,10,2026-09-01T15:45:20.7602176+01:00
345.838531,165.047897,10,2026-09-01T15:45:20.7922944+01:00
374.791046,166.729187,10,2026-09-01T15:45:20.8404352+01:00
360.204956,162.883163,10,2026-09-01T15:45:20.8721664+01:00
352.431335,169.477386,10,2026-09-01T15:45:20.9042944+01:00
365.526276,155.69252,10,2026-09-01T15:45:20.9361536+01:00
339.182312,175.086166,10,2026-09-01T15:45:20.9680128+01:00
353.977203,159.7379,10,2026-09-01T15:45:21.0006784+01:00
358.43988,169.496964,10,2026-09-01T15:45:21.0327552+01:00
374.648407,156.914825,10,2026-09-01T15:45:21.0647936+01:00
344.369476,176.874908,10,2026-09-01T15:45:21.0960000+01:00
361.371368,163.437134,10,2026-09-01T15:45:21.1284224+01:00
345.18985,171.055832,10,2026-09-01T15:45:21.1600256+01:00
363.461151,155.0047,10,2026-09-01T15:45:21.2084864+01:00
348.855225,171.343124,10,2026-09-01T15:45:21.2403840+01:00
361.862885,164.039017,10,2026-09-01T15:45:21.2723712+01:00
359.70993,170.253357,10,2026-09-01T15:45:21.3044480+01:00
350.84137,161.404556,10,2026-09-01T15:45:21.3366272+01:00
353.120911,167.642105,10,2026-09-01T15:45:21.3682688+01:00
361.912537,158.246689,10,2026-09-01T15:45:21.4003200+01:00
334.651428,175.082779,10,2026-09-01T15:45:21.4320768+01:00
357.160126,157.692291,10,2026-09-01T15:45:21.4642176+01:00
344.94342,175.161911,10,2026-09-01T15:45:21.4961792+01:00
332.197296,166.706161,10,2026-09-01T15:45:21.5286400+01:00
359.288788,168.121445,10,2026-09-01T15:45:21.5765888+01:00
346.959137,162.234436,10,2026-09-01T15:45:21.6085888+01:00
350.777679,174.979126,10,2026-09-01T15:45:21.6402560+01:00
373.663544,159.768967,10,2026-09-01T15:45:21.6729344+01:00
360.143219,175.284073,10,2026-09-01T15:45:21.7044480+01:00
350.388763,163.966095,10,2026-09-01T15:45:21.7365248+01:00
351.081238,173.255219,10,2026-09-01T15:45:21.7680384+01:00
349.829254,164.597961,10,2026-09-01T15:45:21.8002688+01:00
342.219727,173.689087,10,2026-09-01T15:45:21.8325248+01:00
372.586823,156.424423,10,2026-09-01T15:45:21.8643072+01:00
352.328552,172.417282,10,2026-09-01T15:45:21.8961536+01:00
341.247223,163.47261,10,2026-09-01T15:45:21.9445760+01:00
350.237183,174.116318,10,2026-09-01T15:45:21.9764992+01:00
367.922089,158.94278,10,2026-09-01T15:45:22.0085120+01:00
336.969879,172.774216,10,2026-09-01T15:45:22.0401408+01:00
368.682281,157.650528,10,2026-09-01T15:45:22.0727424+01:00
353.425079,169.811234,10,2026-09-01T15:45:22.1046656+01:00
347.182159,157.924866,10,2026-09-01T15:45:22.1368704+01:00
332.40271,178.711731,10,2026-09-01T15:45:22.1683200+01:00
360.613129,160.015594,10,2026-09-01T15:45:22.2002560+01:00
345.624603,175.373032,10,2026-09-01T15:45:22.2322560+01:00
351.210754,160.230194,10,2026-09-01T15:45:22.2647040+01:00
355.688873,173.841278,10,2026-09-01T15:45:22.2963584+01:00
362.020142,161.36969,10,2026-09-01T15:45:22.3448064+01:00
347.947235,172.794556,10,2026-09-01T15:45:22.3766400+01:00
342.24704,160.717987,10,2026-09-01T15:45:22.4083968+01:00
344.925598,174.172699,10,2026-09-01T15:45:22.4404352+01:00
372.36377,158.017517,10,2026-09-01T15:45:22.4725632+01:00
357.123718,168.937912,10,2026-09-01T15:45:22.5045120+01:00
362.454742,161.904037,10,2026-09-01T15:45:22.5362560+01:00
333.686432,173.592178,10,2026-09-01T15:45:22.5685120+01:00
349.850708,154.465424,10,2026-09-01T15:45:22.6009984+01:00
342.869904,171.291367,10,2026-09-01T15:45:22.6324480+01:00
340.350861,162.785965,10,2026-09-01T15:45:22.6644096+01:00
337.981445,172.80687,10,2026-09-01T15:45:22.7124864+01:00
367.924469,159.923065,10,2026-09-01T15:45:22.7444480+01:00
345.438293,171.614517,10,2026-09-01T15:45:22.7765248+01:00
364.611847,160.299286,10,2026-09-01T15:45:22.8086016+01:00
351.486969,169.735291,10,2026-09-01T15:45:22.8408320+01:00
346.138916,164.038345,10,2026-09-01T15:45:22.8726272+01:00
339.383972,173.205353,10,2026-09-01T15:45:22.9046400+01:00
357.861816,160.634125,10,2026-09-01T15:45:22.9368576+01:00
355.743103,174.79892,10,2026-09-01T15:45:22.9682944+01:00
362.848969,158.966003,10,2026-09-01T15:45:23.0006144+01:00
334.2995,176.333099,10,2026-09-01T15:45:23.0322176+01:00
349.337952,161.942123,10,2026-09-01T15:45:23.0803200+01:00
352.738129,172.255325,10,2026-09-01T15:45:23.1123584+01:00
354.955505,159.582779,10,2026-09-01T15:45:23.1451520+01:00
350.263336,174.544937,10,2026-09-01T15:45:23.1769088+01:00
358.707397,158.377151,10,2026-09-01T15:45:23.2084608+01:00
335.349915,172.333572,10,2026-09-01T15:45:23.2404480+01:00
361.371857,154.688324,10,2026-09-01T15:45:23.2724864+01:00
344.491058,172.459442,10,2026-09-01T15:45:23.3049728+01:00
362.645935,159.511551,10,2026-09-01T15:45:23.3369856+01:00
340.433319,174.448685,10,2026-09-01T15:45:23.3683712+01:00
355.775757,165.579208,10,2026-09-01T15:45:23.4006784+01:00
339.835876,176.525116,10,2026-09-01T15:45:23.4485248+01:00
356.277161,160.213837,10,2026-09-01T15:45:23.4804736+01:00
333.830292,174.580246,10,2026-09-01T15:45:23.5127040+01:00
358.2659,160.189987,10,2026-09-01T15:45:23.5448064+01:00
340.710541,175.344604,10,2026-09-01T15:45:23.5764992+01:00
356.082245,162.732101,10,2026-09-01T15:45:23.6091392+01:00
341.607452,174.362579,10,2026-09-01T15:45:23.6407424+01:00
353.667114,159.205338,10,2026-09-01T15:45:23.6729728+01:00
347.89566,173.892532,10,2026-09-01T15:45:23.7044608+01:00
365.068909,157.435562,10,2026-09-01T15:45:23.7365248+01:00
341.384613,176.564972,10,2026-09-01T15:45:23.7685120+01:00
350.49295,162.347366,10,2026-09-01T15:45:23.8164864+01:00
355.141418,171.307755,10,2026-09-01T15:45:23.8483456+01:00
357.345886,162.47197,10,2026-09-01T15:45:23.8809728+01:00
352.340485,172.132492,10,2026-09-01T15:45:23.9129728+01:00
360.594635,156.896072,10,2026-09-01T15:45:23.9447424+01:00
335.349701,173.261673,10,2026-09-01T15:45:23.9767168+01:00
361.92923,163.304367,10,2026-09-01T15:45:24.0087808+01:00
342.971161,172.720459,10,2026-09-01T15:45:24.0406528+01:00
355.490204,158.752457,10,2026-09-01T15:45:24.0727680+01:00
336.488342,174.710571,10,2026-09-01T15:45:24.1049216+01:00
363.111237,159.897476,10,2026-09-01T15:45:24.1369728+01:00
350.245911,171.271057,10,2026-09-01T15:45:24.1847040+01:00
357.218597,162.899353,10,2026-09-01T15:45:24.2165504+01:00
345.493439,173.593536,10,2026-09-01T15:45:24.2486656+01:00
353.259827,163.870911,10,2026-09-01T15:45:24.2808064+01:00
352.719513,172.540817,10,2026-09-01T15:45:24.3128960+01:00
358.349457,158.230209,10,2026-09-01T15:45:24.3448320+01:00
351.350616,169.181198,10,2026-09-01T15:45:24.3768192+01:00
348.470917,163.340225,10,2026-09-01T15:45:24.4087040+01:00
348.773834,174.415863,10,2026-09-01T15:45:24.4408192+01:00
353.355591,162.193893,10,2026-09-01T15:45:24.4728832+01:00
342.85144,173.133636,10,2026-09-01T15:45:24.5044608+01:00
342.412384,162.327042,10,2026-09-01T15:45:24.5367296+01:00
332.178497,175.740967,10,2026-09-01T15:45:24.5844864+01:00
357.128143,161.847717,10,2026-09-01T15:45:24.6167552+01:00
337.558838,173.748871,10,2026-09-01T15:45:24.6492288+01:00
353.482605,162.299469,10,2026-09-01T15:45:24.6811648+01:00
348.12973,172.667587,10,2026-09-01T15:45:24.7124864+01:00
347.7435,162.400742,10,2026-09-01T15:45:24.7448960+01:00
351.194,175.221191,10,2026-09-01T15:45:24.7765120+01:00
346.899841,162.548004,10,2026-09-01T15:45:24.8088448+01:00
347.00415,170.503464,10,2026-09-01T15:45:24.8407552+01:00
357.92749,159.404694,10,2026-09-01T15:45:24.8726784+01:00
344.455261,171.992645,10,2026-09-01T15:45:24.9049472+01:00
344.611053,163.971359,10,2026-09-01T15:45:24.9528960+01:00
354.823303,174.199112,10,2026-09-01T15:45:24.9845248+01:00
363.684479,160.421158,10,2026-09-01T15:45:25.0166144+01:00
349.758301,174.914017,10,2026-09-01T15:45:25.0485632+01:00
358.592834,164.206772,10,2026-09-01T15:45:25.0810496+01:00
342.430817,174.106583,10,2026-09-01T15:45:25.1125120+01:00
346.359161,160.971146,10,2026-09-01T15:45:25.1446912+01:00
341.363129,175.462219,10,2026-09-01T15:45:25.1775232+01:00
354.843201,157.908035,10,2026-09-01T15:45:25.2086912+01:00
346.017487,176.916824,10,2026-09-01T15:45:25.2407552+01:00
355.27359,161.36026,10,2026-09-01T15:45:25.2727808+01:00
339.008392,176.594528,10,2026-09-01T15:45:25.3206016+01:00
345.075775,163.790634,10,2026-09-01T15:45:25.3525632+01:00
342.040955,179.136749,10,2026-09-01T15:45:25.3846784+01:00
358.613708,162.695297,10,2026-09-01T15:45:25.4168832+01:00
336.085083,175.637985,10,2026-09-01T15:45:25.4488192+01:00
344.363403,161.973694,10,2026-09-01T15:45:25.4809344+01:00
349.916199,171.991318,10,2026-09-01T15:45:25.5129472+01:00
333.853302,166.807159,10,2026-09-01T15:45:25.5449600+01:00
359.705231,170.189713,10,2026-09-01T15:45:25.5767936+01:00
348.073181,169.175598,10,2026-09-01T15:45:25.6088960+01:00
339.391052,171.420349,10,2026-09-01T15:45:25.6568832+01:00
350.556702,160.523056,10,2026-09-01T15:45:25.6887680+01:00
344.482361,175.281708,10,2026-09-01T15:45:25.7208448+01:00
364.884949,159.862762,10,2026-09-01T15:45:25.7529600+01:00
341.122925,176.446671,10,2026-09-01T15:45:25.7846144+01:00
346.884766,164.103088,10,2026-09-01T15:45:25.8170496+01:00
337.635712,176.267258,10,2026-09-01T15:45:25.8489728+01:00
371.365936,159.786987,10,2026-09-01T15:45:25.8810752+01:00
340.485016,178.65242,10,2026-09-01T15:45:25.9127936+01:00
343.989166,162.006546,10,2026-09-01T15:45:25.9448192+01:00
347.633209,173.595718,10,2026-09-01T15:45:25.9768832+01:00
355.317932,165.883789,10,2026-09-01T15:45:26.0090624+01:00
329.441925,177.090012,10,2026-09-01T15:45:26.0565760+01:00
350.301208,164.140091,10,2026-09-01T15:45:26.0892160+01:00
347.699066,176.307678,10,2026-09-01T15:45:26.1209344+01:00
347.144531,161.67247,10,2026-09-01T15:45:26.1530496+01:00
334.611542,181.431305,10,2026-09-01T15:45:26.1848832+01:00
356.596283,157.440369,10,2026-09-01T15:45:26.2172800+01:00
340.586761,169.379608,10,2026-09-01T15:45:26.2487808+01:00
346.55069,162.102417,10,2026-09-01T15:45:26.2807040+01:00
331.309723,176.377838,10,2026-09-01T15:45:26.3131136+01:00
353.773865,160.523254,10,2026-09-01T15:45:26.3452032+01:00
341.827209,177.893585,10,2026-09-01T15:45:26.3768576+01:00
370.717743,154.414429,10,2026-09-01T15:45:26.4252032+01:00
337.827301,175.342514,10,2026-09-01T15:45:26.4568448+01:00
353.697998,159.03537,10,2026-09-01T15:45:26.4889728+01:00
345.466919,175.431717,10,2026-09-01T15:45:26.5210240+01:00
358.758881,159.464951,10,2026-09-01T15:45:26.5527296+01:00
349.766998,177.65834,10,2026-09-01T15:45:26.5847552+01:00
349.697754,162.72554,10,2026-09-01T15:45:26.6172416+01:00
353.694275,170.203064,10,2026-09-01T15:45:26.6490624+01:00
355.344116,168.304596,10,2026-09-01T15:45:26.6809984+01:00
344.112885,178.534622,10,2026-09-01T15:45:26.7131136+01:00
345.595581,163.282074,10,2026-09-01T15:45:26.7453568+01:00
335.702576,175.055588,10,2026-09-01T15:45:26.7930240+01:00
358.947845,160.834534,10,2026-09-01T15:45:26.8254592+01:00
352.166412,169.73764,10,2026-09-01T15:45:26.8572800+01:00
361.407562,160.457169,10,2026-09-01T15:45:26.8889472+01:00
353.747772,170.477951,10,2026-09-01T15:45:26.9214720+01:00
355.736359,161.286575,10,2026-09-01T15:45:26.9528832+01:00
347.12619,173.888214,10,2026-09-01T15:45:26.9851904+01:00
351.038116,165.467453,10,2026-09-01T15:45:27.0171776+01:00
344.769531,169.065506,10,2026-09-01T15:45:27.0491904+01:00
344.113647,166.278534,10,2026-09-01T15:45:27.0812800+01:00
349.364288,176.166229,10,2026-09-01T15:45:27.1132032+01:00
340.397705,158.459015,10,2026-09-01T15:45:27.1609984+01:00
356.340729,172.524368,10,2026-09-01T15:45:27.1929472+01:00
343.471466,164.964493,10,2026-09-01T15:45:27.2250112+01:00
355.004974,173.966965,10,2026-09-01T15:45:27.2572160+01:00
360.761383,159.327438,10,2026-09-01T15:45:27.2891520+01:00
354.667694,174.702148,10,2026-09-01T15:45:27.3212928+01:00
355.723572,163.673447,10,2026-09-01T15:45:27.3529600+01:00
335.317963,176.577194,10,2026-09-01T15:45:27.3849856+01:00
347.002045,166.186249,10,2026-09-01T15:45:27.4171008+01:00
343.119476,172.289108,10,2026-09-01T15:45:27.4492800+01:00
351.706665,162.386627,10,2026-09-01T15:45:27.4810240+01:00
348.081879,170.508057,10,2026-09-01T15:45:27.5290240+01:00
365.368958,162.236786,10,2026-09-01T15:45:27.5610496+01:00
363.356689,169.5495,10,2026-09-01T15:45:27.5932544+01:00
355.715179,161.836533,10,2026-09-01T15:45:27.6252032+01:00
349.647919,173.58963,10,2026-09-01T15:45:27.6571264+01:00
363.643555,158.508606,10,2026-09-01T15:45:27.6892928+01:00
343.313416,175.120285,10,2026-09-01T15:45:27.7209856+01:00
359.380737,162.278656,10,2026-09-01T15:45:27.7531264+01:00
348.383575,171.96254,10,2026-09-01T15:45:27.7853568+01:00
348.838226,162.742264,10,2026-09-01T15:45:27.8172288+01:00
340.927551,174.823929,10,2026-09-01T15:45:27.8487552+01:00
331.691345,164.356216,10,2026-09-01T15:45:27.8969728+01:00
339.548737,176.795883,10,2026-09-01T15:45:27.9289856+01:00
353.774719,164.279221,10,2026-09-01T15:45:27.9613312+01:00
339.398376,175.725662,10,2026-09-01T15:45:27.9930752+01:00
353.631622,166.349701,10,2026-09-01T15:45:28.0253312+01:00
335.549286,174.193192,10,2026-09-01T15:45:28.0570624+01:00
351.551208,154.978119,10,2026-09-01T15:45:28.0890624+01:00
340.217896,177.233856,10,2026-09-01T15:45:28.1209728+01:00
365.365906,159.87912,10,2026-09-01T15:45:28.1531776+01:00
332.526489,173.384293,10,2026-09-01T15:45:28.1854976+01:00
338.108795,161.129959,10,2026-09-01T15:45:28.2174336+01:00
346.304047,185.234604,10,2026-09-01T15:45:28.2492416+01:00
360.633301,160.068085,10,2026-09-01T15:45:28.2971520+01:00
339.203735,172.267502,10,2026-09-01T15:45:28.3292416+01:00
351.401245,164.726364,10,2026-09-01T15:45:28.3613056+01:00
345.565979,174.994202,10,2026-09-01T15:45:28.3932416+01:00
351.31958,165.208282,10,2026-09-01T15:45:28.4258048+01:00
335.573425,175.776337,10,2026-09-01T15:45:28.4571776+01:00
344.3255,161.345306,10,2026-09-01T15:45:28.4895616+01:00
348.720093,177.267838,10,2026-09-01T15:45:28.5210112+01:00
357.525024,160.598297,10,2026-09-01T15:45:28.5529984+01:00
355.193237,177.457977,10,2026-09-01T15:45:28.5853952+01:00
346.545166,159.346375,10,2026-09-01T15:45:28.6174080+01:00
338.554779,175.567368,10,2026-09-01T15:45:28.6649216+01:00
339.853027,165.327988,10,2026-09-01T15:45:28.6970880+01:00
343.799896,171.592346,10,2026-09-01T15:45:28.7294464+01:00
353.351563,163.31868,10,2026-09-01T15:45:28.7614720+01:00
350.386536,170.691422,10,2026-09-01T15:45:28.7934976+01:00
344.233429,157.495697,10,2026-09-01T15:45:28.8254592+01:00
342.600647,174.703888,10,2026-09-01T15:45:28.8576000+01:00
357.191681,166.913376,10,2026-09-01T15:45:28.8889856+01:00
338.372528,177.849884,10,2026-09-01T15:45:28.9211520+01:00
352.957733,162.239456,10,2026-09-01T15:45:28.9534464+01:00
347.11438,175.799255,10,2026-09-01T15:45:28.9854336+01:00
339.168396,158.887451,10,2026-09-01T15:45:29.0336640+01:00
340.777985,178.767654,10,2026-09-01T15:45:29.0650880+01:00
352.406158,163.436508,10,2026-09-01T15:45:29.0973696+01:00
343.829834,175.051697,10,2026-09-01T15:45:29.1291264+01:00
345.447052,166.982788,10,2026-09-01T15:45:29.1613824+01:00
342.546906,173.537018,10,2026-09-01T15:45:29.1933952+01:00
346.434479,161.872284,10,2026-09-01T15:45:29.2256512+01:00
348.875244,172.43486,10,2026-09-01T15:45:29.2574336+01:00
355.779388,164.872314,10,2026-09-01T15:45:29.2892672+01:00
344.173706,172.739563,10,2026-09-01T15:45:29.3209856+01:00
346.157806,164.171265,10,2026-09-01T15:45:29.3533696+01:00
338.401703,178.230438,10,2026-09-01T15:45:29.4012800+01:00
347.676758,164.869293,10,2026-09-01T15:45:29.4334464+01:00
348.570435,177.167191,10,2026-09-01T15:45:29.4652160+01:00
357.72052,161.163681,10,2026-09-01T15:45:29.4973952+01:00
366.198334,175.460785,10,2026-09-01T15:45:29.5292544+01:00
351.215912,164.254715,10,2026-09-01T15:45:29.5616256+01:00
359.25592,172.115326,10,2026-09-01T15:45:29.5931904+01:00
348.885529,163.057739,10,2026-09-01T15:45:29.6255232+01:00
349.029327,176.988922,10,2026-09-01T15:45:29.6573056+01:00
353.608704,161.766525,10,2026-09-01T15:45:29.6893312+01:00
352.458282,176.315811,10,2026-09-01T15:45:29.7212160+01:00
345.201569,161.77034,10,2026-09-01T15:45:29.7697536+01:00
350.433624,177.139847,10,2026-09-01T15:45:29.8014976+01:00
357.064941,164.722092,10,2026-09-01T15:45:29.8334976+01:00
345.128174,175.097321,10,2026-09-01T15:45:29.8654336+01:00
359.426086,160.461441,10,2026-09-01T15:45:29.8977408+01:00
351.051758,177.961151,10,2026-09-01T15:45:29.9293696+01:00
357.526825,161.151733,10,2026-09-01T15:45:29.9615104+01:00
364.36203,176.903656,10,2026-09-01T15:45:29.9931136+01:00
358.750977,168.222672,10,2026-09-01T15:45:30.0256640+01:00
355.893433,176.789322,10,2026-09-01T15:45:30.0572544+01:00
358.868835,162.468399,10,2026-09-01T15:45:30.0893696+01:00
342.27832,176.058289,10,2026-09-01T15:45:30.1214848+01:00
352.717987,163.937134,10,2026-09-01T15:45:30.1693056+01:00
346.616516,180.883255,10,2026-09-01T15:45:30.2014336+01:00
363.782959,162.460403,10,2026-09-01T15:45:30.2333696+01:00
352.363068,173.922379,10,2026-09-01T15:45:30.2656384+01:00
384.697266,156.962585,10,2026-09-01T15:45:30.2973696+01:00
333.730011,172.721451,10,2026-09-01T15:45:30.3294592+01:00
344.841736,161.285828,10,2026-09-01T15:45:30.3617920+01:00
356.218872,172.587616,10,2026-09-01T15:45:30.3935232+01:00
374.06839,162.576096,10,2026-09-01T15:45:30.4256512+01:00
356.712952,172.92218,10,2026-09-01T15:45:30.4572800+01:00
344.544037,163.797928,10,2026-09-01T15:45:30.4893312+01:00
354.693695,173.013275,10,2026-09-01T15:45:30.5379200+01:00
340.551758,162.718399,10,2026-09-01T15:45:30.5698944+01:00
348.690826,175.819168,10,2026-09-01T15:45:30.6013824+01:00
351.533508,165.197968,10,2026-09-01T15:45:30.6333312+01:00
347.767853,171.60051,10,2026-09-01T15:45:30.6652800+01:00
358.6716,158.302673,10,2026-09-01T15:45:30.6973952+01:00
358.688049,172.643341,10,2026-09-01T15:45:30.7294464+01:00
347.855225,161.493134,10,2026-09-01T15:45:30.7616896+01:00
349.62149,174.684937,10,2026-09-01T15:45:30.7937280+01:00
364.923187,159.433868,10,2026-09-01T15:45:30.8256640+01:00
330.733002,174.364151,10,2026-09-01T15:45:30.8572160+01:00
362.404388,154.40448,10,2026-09-01T15:45:30.9054720+01:00
359.522766,178.626984,10,2026-09-01T15:45:30.9375616+01:00
359.621857,163.830063,10,2026-09-01T15:45:30.9692160+01:00
356.843567,174.075897,10,2026-09-01T15:45:31.0016384+01:00
368.102905,161.350143,10,2026-09-01T15:45:31.0338432+01:00
337.445648,178.44136,10,2026-09-01T15:45:31.0655360+01:00
345.214752,163.309418,10,2026-09-01T15:45:31.0973952+01:00
341.776367,177.137833,10,2026-09-01T15:45:31.1292800+01:00
354.490082,159.893265,10,2026-09-01T15:45:31.1612800+01:00
360.753967,170.888824,10,2026-09-01T15:45:31.1934848+01:00
342.735596,161.375641,10,2026-09-01T15:45:31.2257664+01:00
340.002197,179.34877,10,2026-09-01T15:45:31.2735616+01:00
362.198853,160.005737,10,2026-09-01T15:45:31.3060992+01:00
347.312622,169.802887,10,2026-09-01T15:45:31.3374336+01:00
360.100494,162.761948,10,2026-09-01T15:45:31.3696128+01:00
354.479736,174.765335,10,2026-09-01T15:45:31.4018304+01:00
343.820831,159.914917,10,2026-09-01T15:45:31.4335872+01:00
349.686432,175.544815,10,2026-09-01T15:45:31.4657024+01:00
362.695618,161.796997,10,2026-09-01T15:45:31.4973696+01:00
350.773865,171.140091,10,2026-09-01T15:45:31.5297024+01:00
387.636993,162.190704,10,2026-09-01T15:45:31.5619328+01:00
338.612518,178.064911,10,2026-09-01T15:45:31.5936896+01:00
351.779968,164.871872,10,2026-09-01T15:45:31.6416768+01:00
351.571045,172.466248,10,2026-09-01T15:45:31.6736768+01:00
344.098358,164.232697,10,2026-09-01T15:45:31.7057280+01:00
347.711548,179.224289,10,2026-09-01T15:45:31.7379328+01:00
348.930267,161.133743,10,2026-09-01T15:45:31.7697024+01:00
364.785675,172.207672,10,2026-09-01T15:45:31.8015232+01:00
351.476807,164.343719,10,2026-09-01T15:45:31.8339584+01:00
350.978638,173.027496,10,2026-09-01T15:45:31.8659072+01:00
362.52182,159.412445,10,2026-09-01T15:45:31.8978304+01:00
382.470856,166.11293,10,2026-09-01T15:45:31.9294336+01:00
356.081573,157.829514,10,2026-09-01T15:45:31.9616128+01:00
365.692841,179.295364,10,2026-09-01T15:45:32.0093824+01:00
358.815399,164.175095,10,2026-09-01T15:45:32.0416640+01:00
350.681122,176.543549,10,2026-09-01T15:45:32.0735232+01:00
355.626526,161.319092,10,2026-09-01T15:45:32.1059584+01:00
340.374573,175.293884,10,2026-09-01T15:45:32.1377920+01:00
352.521729,156.599899,10,2026-09-01T15:45:32.1694720+01:00
351.183289,174.740509,10,2026-09-01T15:45:32.2017792+01:00
360.791534,161.483841,10,2026-09-01T15:45:32.2338176+01:00
358.973877,174.256363,10,2026-09-01T15:45:32.2659712+01:00
345.034943,157.320206,10,2026-09-01T15:45:32.2976896+01:00
353.73877,172.623123,10,2026-09-01T15:45:32.3296768+01:00
346.700684,167.957138,10,2026-09-01T15:45:32.3618304+01:00
343.486359,173.86647,10,2026-09-01T15:45:32.4094848+01:00
344.322052,159.25705,10,2026-09-01T15:45:32.4419200+01:00
363.549042,170.43924,10,2026-09-01T15:45:32.4738432+01:00
342.523651,161.445648,10,2026-09-01T15:45:32.5061632+01:00
353.206757,174.03096,10,2026-09-01T15:45:32.5378688+01:00
370.235962,158.435333,10,2026-09-01T15:45:32.5696000+01:00
346.584717,173.420639,10,2026-09-01T15:45:32.6019968+01:00
368.301056,160.994919,10,2026-09-01T15:45:32.6336640+01:00
383.847229,169.077744,10,2026-09-01T15:45:32.6656640+01:00
362.050964,159.761444,10,2026-09-01T15:45:32.6976000+01:00
355.778687,173.809525,10,2026-09-01T15:45:32.7296128+01:00
370.363953,162.816757,10,2026-09-01T15:45:32.7774208+01:00
342.772003,180.447296,10,2026-09-01T15:45:32.8095744+01:00
366.799286,157.373627,10,2026-09-01T15:45:32.8417792+01:00
346.876556,181.208725,10,2026-09-01T15:45:32.8739072+01:00
365.006989,161.639496,10,2026-09-01T15:45:32.9058560+01:00
341.216553,181.043793,10,2026-09-01T15:45:32.9378176+01:00
368.072083,161.152557,10,2026-09-01T15:45:32.9697536+01:00
365.317902,171.788467,10,2026-09-01T15:45:33.0016512+01:00
366.510803,158.33963,10,2026-09-01T15:45:33.0339200+01:00
358.7742,172.258591,10,2026-09-01T15:45:33.0658304+01:00
345.51532,164.467575,10,2026-09-01T15:45:33.0980608+01:00
357.000977,175.970139,10,2026-09-01T15:45:33.1460992+01:00
354.960846,164.134445,10,2026-09-01T15:45:33.1776896+01:00
338.859802,176.734634,10,2026-09-01T15:45:33.2097024+01:00
363.537872,157.480392,10,2026-09-01T15:45:33.2419456+01:00
361.784241,178.33577,10,2026-09-01T15:45:33.2737408+01:00
350.109589,162.412521,10,2026-09-01T15:45:33.3058816+01:00
348.461151,180.651337,10,2026-09-01T15:45:33.3379584+01:00
361.261719,163.897232,10,2026-09-01T15:45:33.3697536+01:00
362.973236,173.390961,10,2026-09-01T15:45:33.4021632+01:00
350.374939,160.362427,10,2026-09-01T15:45:33.4340480+01:00
378.208405,174.377289,10,2026-09-01T15:45:33.4655744+01:00
349.750031,165.597046,10,2026-09-01T15:45:33.5139200+01:00
364.450928,173.35643,10,2026-09-01T15:45:33.5458560+01:00
368.079224,162.504318,10,2026-09-01T15:45:33.5776256+01:00
342.249054,176.403946,10,2026-09-01T15:45:33.6098944+01:00
360.273773,162.416656,10,2026-09-01T15:45:33.6422016+01:00
347.649292,179.995621,10,2026-09-01T15:45:33.6739584+01:00
368.997345,161.086014,10,2026-09-01T15:45:33.7059456+01:00
355.023254,175.822296,10,2026-09-01T15:45:33.7377792+01:00
371.442383,162.560104,10,2026-09-01T15:45:33.7700480+01:00
359.225311,177.364014,10,2026-09-01T15:45:33.8019712+01:00
363.278412,165.046021,10,2026-09-01T15:45:33.8339968+01:00
357.206482,177.153046,10,2026-09-01T15:45:33.8817536+01:00
360.471802,162.678864,10,2026-09-01T15:45:33.9137920+01:00
350.024902,176.859451,10,2026-09-01T15:45:33.9458688+01:00
356.648376,159.060516,10,2026-09-01T15:45:33.9777792+01:00
351.817474,177.964386,10,2026-09-01T15:45:34.0098048+01:00
366.563995,156.38913,10,2026-09-01T15:45:34.0425472+01:00
362.473633,180.523682,10,2026-09-01T15:45:34.0738688+01:00
365.109833,167.533096,10,2026-09-01T15:45:34.1058944+01:00
355.826202,178.259048,10,2026-09-01T15:45:34.1379968+01:00
362.712891,155.758667,10,2026-09-01T15:45:34.1703424+01:00
356.649902,175.770844,10,2026-09-01T15:45:34.2017792+01:00
362.003601,161.424942,10,2026-09-01T15:45:34.2498560+01:00
384.548401,172.913452,10,2026-09-01T15:45:34.2820864+01:00
365.146759,158.9599,10,2026-09-01T15:45:34.3138304+01:00
357.026917,182.80072,10,2026-09-01T15:45:34.3455744+01:00
361.155914,163.684769,10,2026-09-01T15:45:34.3780608+01:00
348.792877,176.545944,10,2026-09-01T15:45:34.4098304+01:00
377.15686,162.756012,10,2026-09-01T15:45:34.4420352+01:00
356.045197,176.87764,10,2026-09-01T15:45:34.4744704+01:00
364.715729,160.54248,10,2026-09-01T15:45:34.5063552+01:00
356.984741,182.643616,10,2026-09-01T15:45:34.5379072+01:00
370.388977,163.577255,10,2026-09-01T15:45:34.5698816+01:00
344.309875,180.79599,10,2026-09-01T15:45:34.6017536+01:00
371.302124,158.7845,10,2026-09-01T15:45:34.6500608+01:00
342.997406,177.113831,10,2026-09-01T15:45:34.6822272+01:00
386.169525,158.459381,10,2026-09-01T15:45:34.7137408+01:00
370.106628,169.809052,10,2026-09-01T15:45:34.7456256+01:00
352.954681,164.994553,10,2026-09-01T15:45:34.7780096+01:00
360.409729,181.106537,10,2026-09-01T15:45:34.8099584+01:00
364.146393,159.257553,10,2026-09-01T15:45:34.8418944+01:00
351.650116,178.264694,10,2026-09-01T15:45:34.8743040+01:00
373.674896,156.885086,10,2026-09-01T15:45:34.9062144+01:00
357.480865,176.888062,10,2026-09-01T15:45:34.9382016+01:00
351.900116,161.641052,10,2026-09-01T15:45:34.9698304+01:00
359.707611,177.361908,10,2026-09-01T15:45:35.0184320+01:00
360.04361,160.706284,10,2026-09-01T15:45:35.0501888+01:00
363.355774,176.077469,10,2026-09-01T15:45:35.0818048+01:00
351.431091,157.730301,10,2026-09-01T15:45:35.1138176+01:00
354.419891,176.427185,10,2026-09-01T15:45:35.1461632+01:00
344.782562,158.774063,10,2026-09-01T15:45:35.1779840+01:00
380.030487,172.911148,10,2026-09-01T15:45:35.2101632+01:00
364.431244,164.833572,10,2026-09-01T15:45:35.2418304+01:00
354.475769,174.117508,10,2026-09-01T15:45:35.2741504+01:00
358.607483,162.474167,10,2026-09-01T15:45:35.3063296+01:00
375.738495,175.129242,10,2026-09-01T15:45:35.3382016+01:00
368.07782,155.571609,10,2026-09-01T15:45:35.3862528+01:00
370.172302,172.258041,10,2026-09-01T15:45:35.4181888+01:00
374.90564,156.393524,10,2026-09-01T15:45:35.4499456+01:00
365.231293,166.143173,10,2026-09-01T15:45:35.4819200+01:00
367.856171,155.442764,10,2026-09-01T15:45:35.5139328+01:00
377.089996,177.627991,10,2026-09-01T15:45:35.5462016+01:00
361.679565,155.136475,10,2026-09-01T15:45:35.5782784+01:00
363.45932,178.522385,10,2026-09-01T15:45:35.6100096+01:00
361.228973,163.041992,10,2026-09-01T15:45:35.6422784+01:00
390.896759,170.11055,10,2026-09-01T15:45:35.6743552+01:00
369.849274,161.360489,10,2026-09-01T15:45:35.7063040+01:00
365.643036,182.978989,10,2026-09-01T15:45:35.7539712+01:00
377.324158,157.76825,10,2026-09-01T15:45:35.7859840+01:00
381.252289,171.385803,10,2026-09-01T15:45:35.8179968+01:00
362.934204,158.668823,10,2026-09-01T15:45:35.8503040+01:00
379.898163,163.340683,10,2026-09-01T15:45:35.8823296+01:00
357.436798,157.463516,10,2026-09-01T15:45:35.9140096+01:00
359.366852,175.968658,10,2026-09-01T15:45:35.9461376+01:00
355.355042,159.156403,10,2026-09-01T15:45:35.9785472+01:00
369.962891,172.20784,10,2026-09-01T15:45:36.0103936+01:00
388.657288,160.690308,10,2026-09-01T15:45:36.0423552+01:00
367.454987,170.478149,10,2026-09-01T15:45:36.0741248+01:00
378.909058,157.618546,10,2026-09-01T15:45:36.1221888+01:00
384.876404,175.362381,10,2026-09-01T15:45:36.1542400+01:00
352.655518,158.683884,10,2026-09-01T15:45:36.1862784+01:00
362.154083,177.407623,10,2026-09-01T15:45:36.2184192+01:00
363.821747,156.767532,10,2026-09-01T15:45:36.2501120+01:00
376.161133,178.088089,10,2026-09-01T15:45:36.2822144+01:00
364.259613,162.93074,10,2026-09-01T15:45:36.3140480+01:00
370.942139,174.167206,10,2026-09-01T15:45:36.3460736+01:00
358.780548,148.121048,10,2026-09-01T15:45:36.3783040+01:00
377.615234,170.385818,10,2026-09-01T15:45:36.4105728+01:00
381.937469,158.968857,10,2026-09-01T15:45:36.4424192+01:00
367.494568,172.026215,10,2026-09-01T15:45:36.4745088+01:00
364.088379,156.303513,10,2026-09-01T15:45:36.5221248+01:00
393.012787,170.496399,10,2026-09-01T15:45:36.5541760+01:00
384.424286,156.444626,10,2026-09-01T15:45:36.5863040+01:00
397.387115,169.327255,10,2026-09-01T15:45:36.6185216+01:00
374.292267,157.817001,10,2026-09-01T15:45:36.6500480+01:00
396.253143,170.199432,10,2026-09-01T15:45:36.6828032+01:00
362.733429,154.039703,10,2026-09-01T15:45:36.7145216+01:00
382.076019,171.216019,10,2026-09-01T15:45:36.7462400+01:00
367.117798,154.723145,10,2026-09-01T15:45:36.7785984+01:00
383.500214,169.399673,10,2026-09-01T15:45:36.8105344+01:00
373.801666,161.78952,10,2026-09-01T15:45:36.8421504+01:00
398.648285,170.763245,10,2026-09-01T15:45:36.8905728+01:00
364.951569,159.084335,10,2026-09-01T15:45:36.9224704+01:00
394.237061,169.483566,10,2026-09-01T15:45:36.9543936+01:00
364.767029,159.916595,10,2026-09-01T15:45:36.9862272+01:00
384.529816,175.759613,10,2026-09-01T15:45:37.0179968+01:00
372.570679,159.508133,10,2026-09-01T15:45:37.0501888+01:00
389.131012,169.995422,10,2026-09-01T15:45:37.0820864+01:00
370.493469,158.581619,10,2026-09-01T15:45:37.1140096+01:00
367.98172,168.08342,10,2026-09-01T15:45:37.1461888+01:00
379.535706,147.669312,10,2026-09-01T15:45:37.1787392+01:00
370.267761,174.765793,10,2026-09-01T15:45:37.2101248+01:00
379.850494,152.612152,10,2026-09-01T15:45:37.2584832+01:00
371.326355,174.562042,10,2026-09-01T15:45:37.2903680+01:00
383.069336,155.593842,10,2026-09-01T15:45:37.3224704+01:00
384.674805,176.738632,10,2026-09-01T15:45:37.3544320+01:00
385.807495,156.660828,10,2026-09-01T15:45:37.3861376+01:00
382.393433,171.128128,10,2026-09-01T15:45:37.4181632+01:00
363.850098,155.890945,10,2026-09-01T15:45:37.4506752+01:00
365.514954,171.704544,10,2026-09-01T15:45:37.4822272+01:00
361.752319,153.258667,10,2026-09-01T15:45:37.5143552+01:00
358.633575,174.689743,10,2026-09-01T15:45:37.5462016+01:00
403.738922,153.814789,10,2026-09-01T15:45:37.5782656+01:00
377.92746,171.042786,10,2026-09-01T15:45:37.6263040+01:00
353.334961,166.345184,10,2026-09-01T15:45:37.6583936+01:00
381.630035,164.227386,10,2026-09-01T15:45:37.6907008+01:00
365.691467,154.709045,10,2026-09-01T15:45:37.7224704+01:00
382.09082,168.494873,10,2026-09-01T15:45:37.7542400+01:00
359.903503,149.728729,10,2026-09-01T15:45:37.7868288+01:00
373.810791,166.00325,10,2026-09-01T15:45:37.8184704+01:00
373.149689,163.226425,10,2026-09-01T15:45:37.8501376+01:00
365.000366,170.104218,10,2026-09-01T15:45:37.8825088+01:00
371.265259,155.667328,10,2026-09-01T15:45:37.9149312+01:00
353.515533,168.653137,10,2026-09-01T15:45:37.9464448+01:00
368.483093,154.804092,10,2026-09-01T15:45:37.9948160+01:00
369.569427,164.902756,10,2026-09-01T15:45:38.0264704+01:00
346.496735,157.294693,10,2026-09-01T15:45:38.0585216+01:00
399.683289,169.656769,10,2026-09-01T15:45:38.0902784+01:00
358.746399,156.324097,10,2026-09-01T15:45:38.1224064+01:00
375.855225,177.667282,10,2026-09-01T15:45:38.1545088+01:00
370.608887,161.006836,10,2026-09-01T15:45:38.1862400+01:00
394.253906,170.629517,10,2026-09-01T15:45:38.2186496+01:00
367.310944,154.555267,10,2026-09-01T15:45:38.2508800+01:00
391.099182,167.922775,10,2026-09-01T15:45:38.2825216+01:00
374.947998,150.925858,10,2026-09-01T15:45:38.3145088+01:00
372.737885,170.702576,10,2026-09-01T15:45:38.3627008+01:00
370.94516,158.493195,10,2026-09-01T15:45:38.3946752+01:00
382.928467,167.762329,10,2026-09-01T15:45:38.4265344+01:00
374.383453,154.79454,10,2026-09-01T15:45:38.4584320+01:00
388.153076,168.973221,10,2026-09-01T15:45:38.4908160+01:00
368.01416,155.904083,10,2026-09-01T15:45:38.5227520+01:00
375.65332,170.016068,10,2026-09-01T15:45:38.5545984+01:00
365.923981,154.093719,10,2026-09-01T15:45:38.5864832+01:00
373.919037,172.487839,10,2026-09-01T15:45:38.6185088+01:00
385.767548,159.259827,10,2026-09-01T15:45:38.6503168+01:00
381.112915,167.380554,10,2026-09-01T15:45:38.6823552+01:00
368.705536,157.216217,10,2026-09-01T15:45:38.7148288+01:00
374.860077,168.504623,10,2026-09-01T15:45:38.7626880+01:00
382.082031,156.926788,10,2026-09-01T15:45:38.7944192+01:00
389.949982,169.045258,10,2026-09-01T15:45:38.8267136+01:00
389.491211,158.012817,10,2026-09-01T15:45:38.8588288+01:00
388.197937,171.112991,10,2026-09-01T15:45:38.8909312+01:00
378.68576,161.01239,10,2026-09-01T15:45:38.9225984+01:00
393.035217,164.784637,10,2026-09-01T15:45:38.9543296+01:00
376.905701,155.576904,10,2026-09-01T15:45:38.9870848+01:00
372.406769,166.662827,10,2026-09-01T15:45:39.0189056+01:00
374.288361,156.974152,10,2026-09-01T15:45:39.0503296+01:00
392.741943,169.66423,10,2026-09-01T15:45:39.0824704+01:00
363.628143,151.109879,10,2026-09-01T15:45:39.1306368+01:00
384.715118,170.538086,10,2026-09-01T15:45:39.1625728+01:00
365.629608,151.375031,10,2026-09-01T15:45:39.1947136+01:00
376.126465,163.876968,10,2026-09-01T15:45:39.2267520+01:00
376.113281,157.233444,10,2026-09-01T15:45:39.2587392+01:00
388.160278,173.228729,10,2026-09-01T15:45:39.2911232+01:00
405.213379,161.161438,10,2026-09-01T15:45:39.3223808+01:00
368.059143,167.014297,10,2026-09-01T15:45:39.3543424+01:00
375.613464,151.181,10,2026-09-01T15:45:39.3864576+01:00
401.721466,172.130814,10,2026-09-01T15:45:39.4184832+01:00
369.230255,156.336563,10,2026-09-01T15:45:39.4505088+01:00
377.375,166.449646,10,2026-09-01T15:45:39.4990464+01:00
385.350952,159.849487,10,2026-09-01T15:45:39.5310208+01:00
385.107391,170.18779,10,2026-09-01T15:45:39.5627264+01:00
391.581268,153.610138,10,2026-09-01T15:45:39.5946624+01:00
394.126984,168.00679,10,2026-09-01T15:45:39.6270848+01:00
378.514832,152.062363,10,2026-09-01T15:45:39.6585728+01:00
401.358948,169.35376,10,2026-09-01T15:45:39.6906624+01:00
378.53775,157.516037,10,2026-09-01T15:45:39.7224832+01:00
399.150208,170.52507,10,2026-09-01T15:45:39.7551488+01:00
362.836304,152.426147,10,2026-09-01T15:45:39.7869312+01:00
387.149475,161.299789,10,2026-09-01T15:45:39.8185088+01:00
361.048859,151.622818,10,2026-09-01T15:45:39.8669184+01:00
377.314392,167.952744,10,2026-09-01T15:45:39.8984832+01:00
363.461395,158.066696,10,2026-09-01T15:45:39.9307136+01:00
370.225922,164.381622,10,2026-09-01T15:45:39.9627776+01:00
366.955414,152.472092,10,2026-09-01T15:45:39.9950080+01:00
394.212189,171.03125,10,2026-09-01T15:45:40.0268288+01:00
375.066437,156.69249,10,2026-09-01T15:45:40.0590592+01:00
393.862885,164.364868,10,2026-09-01T15:45:40.0908160+01:00
366.913513,159.029968,10,2026-09-01T15:45:40.1227264+01:00
376.775543,167.395035,10,2026-09-01T15:45:40.1546112+01:00
371.268097,150.400589,10,2026-09-01T15:45:40.1866496+01:00
389.540863,166.25032,10,2026-09-01T15:45:40.2347008+01:00
368.525299,149.403687,10,2026-09-01T15:45:40.2671488+01:00
378.741882,168.199722,10,2026-09-01T15:45:40.2986240+01:00
356.097595,146.991638,10,2026-09-01T15:45:40.3309312+01:00
381.433685,174.782837,10,2026-09-01T15:45:40.3627904+01:00
376.99939,157.887695,10,2026-09-01T15:45:40.3943808+01:00
388.168243,163.331985,10,2026-09-01T15:45:40.4269696+01:00
380.38382,152.758881,10,2026-09-01T15:45:40.4588544+01:00
377.459595,170.325089,10,2026-09-01T15:45:40.4904192+01:00
367.774689,155.13945,10,2026-09-01T15:45:40.5230592+01:00
392.773712,168.713943,10,2026-09-01T15:45:40.5549184+01:00
362.106415,151.401718,10,2026-09-01T15:45:40.6024448+01:00
381.700592,161.504852,10,2026-09-01T15:45:40.6348160+01:00
376.594574,155.719955,10,2026-09-01T15:45:40.6669184+01:00
382.549438,168.573715,10,2026-09-01T15:45:40.6988800+01:00
381.795135,154.824432,10,2026-09-01T15:45:40.7309952+01:00
400.820068,167.853378,10,2026-09-01T15:45:40.7627136+01:00
390.709412,159.259567,10,2026-09-01T15:45:40.7952512+01:00
392.580383,170.88884,10,2026-09-01T15:45:40.8271488+01:00
381.305023,154.219223,10,2026-09-01T15:45:40.8589056+01:00
381.7276,165.357681,10,2026-09-01T15:45:40.8905984+01:00
380.904053,157.052567,10,2026-09-01T15:45:40.9235456+01:00
395.140747,166.569702,10,2026-09-01T15:45:40.9545216+01:00
376.416901,158.070526,10,2026-09-01T15:45:41.0030592+01:00
383.387909,172.282867,10,2026-09-01T15:45:41.0348160+01:00
388.419098,159.424805,10,2026-09-01T15:45:41.0671488+01:00
384.884888,166.364624,10,2026-09-01T15:45:41.0992512+01:00
390.436859,159.054779,10,2026-09-01T15:45:41.1315072+01:00
378.925964,171.476501,10,2026-09-01T15:45:41.1630208+01:00
375.134552,157.658417,10,2026-09-01T15:45:41.1948928+01:00
383.803284,164.701019,10,2026-09-01T15:45:41.2268544+01:00
372.018127,149.867203,10,2026-09-01T15:45:41.2588416+01:00
391.817657,170.337814,10,2026-09-01T15:45:41.2908416+01:00
374.132355,152.360596,10,2026-09-01T15:45:41.3231744+01:00
391.021973,171.10289,10,2026-09-01T15:45:41.3705856+01:00
370.17923,153.642258,10,2026-09-01T15:45:41.4031744+01:00
378.324554,163.231262,10,2026-09-01T15:45:41.4345728+01:00
368.888794,155.093979,10,2026-09-01T15:45:41.4668160+01:00
384.996887,168.401352,10,2026-09-01T15:45:41.4988160+01:00
366.574036,154.727478,10,2026-09-01T15:45:41.5312000+01:00
393.616638,169.296936,10,2026-09-01T15:45:41.5631104+01:00
373.648438,157.93428,10,2026-09-01T15:45:41.5953920+01:00
376.146179,177.557861,10,2026-09-01T15:45:41.6270080+01:00
363.824768,148.30687,10,2026-09-01T15:45:41.6588672+01:00
400.666809,170.992889,10,2026-09-01T15:45:41.6909824+01:00
385.802704,155.35524,10,2026-09-01T15:45:41.7393280+01:00
379.092529,170.670929,10,2026-09-01T15:45:41.7705600+01:00
374.111359,149.625763,10,2026-09-01T15:45:41.8029696+01:00
363.787628,173.667404,10,2026-09-01T15:45:41.8349568+01:00
370.837036,154.697464,10,2026-09-01T15:45:41.8667904+01:00
392.868958,174.416763,10,2026-09-01T15:45:41.8990208+01:00
372.662933,155.625687,10,2026-09-01T15:45:41.9309440+01:00
373.475891,165.869217,10,2026-09-01T15:45:41.9632128+01:00
376.597534,155.422562,10,2026-09-01T15:45:41.9960960+01:00
381.908661,171.170319,10,2026-09-01T15:45:42.0269568+01:00
378.104004,156.095596,10,2026-09-01T15:45:42.0591744+01:00
393.556763,170.748184,10,2026-09-01T15:45:42.1074048+01:00
393.280396,158.148254,10,2026-09-01T15:45:42.1389184+01:00
370.979065,177.103683,10,2026-09-01T15:45:42.1709440+01:00
377.537445,152.382614,10,2026-09-01T15:45:42.2028288+01:00
398.609131,173.926437,10,2026-09-01T15:45:42.2349824+01:00
387.936005,164.528412,10,2026-09-01T15:45:42.2671488+01:00
393.675629,169.687302,10,2026-09-01T15:45:42.2988032+01:00
383.387146,157.566788,10,2026-09-01T15:45:42.3312128+01:00
383.386627,172.540375,10,2026-09-01T15:45:42.3629824+01:00
369.798004,157.614975,10,2026-09-01T15:45:42.3951872+01:00
394.779938,168.745056,10,2026-09-01T15:45:42.4270720+01:00
375.207611,161.08757,10,2026-09-01T15:45:42.4749824+01:00
385.618347,173.526123,10,2026-09-01T15:45:42.5068928+01:00
371.583374,153.168732,10,2026-09-01T15:45:42.5389568+01:00
394.288239,174.141388,10,2026-09-01T15:45:42.5708928+01:00
383.512543,156.354111,10,2026-09-01T15:45:42.6029568+01:00
385.535004,169.463348,10,2026-09-01T15:45:42.6351232+01:00
378.416107,162.180664,10,2026-09-01T15:45:42.6671616+01:00
399.498138,171.709915,10,2026-09-01T15:45:42.6990976+01:00
384.325104,158.812347,10,2026-09-01T15:45:42.7308800+01:00
397.375427,173.020859,10,2026-09-01T15:45:42.7629952+01:00
365.070221,158.855057,10,2026-09-01T15:45:42.7951872+01:00
392.273376,175.312897,10,2026-09-01T15:45:42.8433280+01:00
384.035889,152.069519,10,2026-09-01T15:45:42.8752640+01:00
376.937439,173.961853,10,2026-09-01T15:45:42.9069312+01:00
366.849884,149.289398,10,2026-09-01T15:45:42.9389440+01:00
388.368988,183.921204,10,2026-09-01T15:45:42.9707264+01:00
375.996338,158.429306,10,2026-09-01T15:45:43.0031104+01:00
383.315674,170.492798,10,2026-09-01T15:45:43.0351872+01:00
376.928345,158.412308,10,2026-09-01T15:45:43.0672896+01:00
379.534393,179.96022,10,2026-09-01T15:45:43.0989696+01:00
378.234039,162.388702,10,2026-09-01T15:45:43.1312128+01:00
387.14212,165.530502,10,2026-09-01T15:45:43.1633408+01:00
394.329834,163.705917,10,2026-09-01T15:45:43.1951360+01:00
396.892029,176.628372,10,2026-09-01T15:45:43.2428160+01:00
363.979675,155.577301,10,2026-09-01T15:45:43.2749184+01:00
391.053497,176.739105,10,2026-09-01T15:45:43.3069056+01:00
367.336487,154.260605,10,2026-09-01T15:45:43.3390592+01:00
390.564453,171.971283,10,2026-09-01T15:45:43.3710720+01:00
354.513824,159.899536,10,2026-09-01T15:45:43.4030976+01:00
390.752319,168.507141,10,2026-09-01T15:45:43.4355072+01:00
388.022583,157.149246,10,2026-09-01T15:45:43.4670336+01:00
386.933533,178.054153,10,2026-09-01T15:45:43.4988416+01:00
375.222687,142.635345,10,2026-09-01T15:45:43.5309824+01:00
379.379852,168.194275,10,2026-09-01T15:45:43.5634304+01:00
379.995605,154.742203,10,2026-09-01T15:45:43.6115456+01:00
393.552094,171.063721,10,2026-09-01T15:45:43.6434944+01:00
377.657379,154.033585,10,2026-09-01T15:45:43.6751232+01:00
387.121033,173.57283,10,2026-09-01T15:45:43.7070080+01:00
383.858002,151.728119,10,2026-09-01T15:45:43.7388928+01:00
399.46524,173.248749,10,2026-09-01T15:45:43.7711744+01:00
359.386322,147.421356,10,2026-09-01T15:45:43.8034816+01:00
382.320099,178.492645,10,2026-09-01T15:45:43.8350336+01:00
374.990417,154.116287,10,2026-09-01T15:45:43.8673536+01:00
375.18277,173.891647,10,2026-09-01T15:45:43.8990720+01:00
361.271301,158.261871,10,2026-09-01T15:45:43.9314048+01:00
393.148285,170.191788,10,2026-09-01T15:45:43.9792640+01:00
369.564453,146.101089,10,2026-09-01T15:45:44.0114688+01:00
362.875458,177.073792,10,2026-09-01T15:45:44.0430592+01:00
375.310303,157.105072,10,2026-09-01T15:45:44.0753408+01:00
378.704712,172.488297,10,2026-09-01T15:45:44.1072768+01:00
363.739502,152.464081,10,2026-09-01T15:45:44.1392512+01:00
384.734253,168.70314,10,2026-09-01T15:45:44.1709184+01:00
378.549774,155.772232,10,2026-09-01T15:45:44.2036352+01:00
396.54776,165.267792,10,2026-09-01T15:45:44.2353664+01:00
375.63504,157.755951,10,2026-09-01T15:45:44.2674176+01:00
376.824951,175.380493,10,2026-09-01T15:45:44.2989440+01:00
362.764557,157.821579,10,2026-09-01T15:45:44.3476864+01:00
385.617462,165.741501,10,2026-09-01T15:45:44.3793664+01:00
357.012024,146.541656,10,2026-09-01T15:45:44.4113792+01:00
393.186432,171.793472,10,2026-09-01T15:45:44.4433536+01:00
379.522888,154.56691,10,2026-09-01T15:45:44.4756736+01:00
397.132538,170.259674,10,2026-09-01T15:45:44.5071616+01:00
376.648285,152.491333,10,2026-09-01T15:45:44.5392128+01:00
390.993408,172.71933,10,2026-09-01T15:45:44.5713536+01:00
381.415466,154.599503,10,2026-09-01T15:45:44.6034688+01:00
388.311859,168.518967,10,2026-09-01T15:45:44.6355200+01:00
369.400787,154.280792,10,2026-09-01T15:45:44.6675584+01:00
381.141144,163.569626,10,2026-09-01T15:45:44.7154944+01:00
387.733185,152.17662,10,2026-09-01T15:45:44.7476480+01:00
383.598236,169.699493,10,2026-09-01T15:45:44.7790976+01:00
360.932556,138.498749,10,2026-09-01T15:45:44.8115200+01:00
380.437653,168.084305,10,2026-09-01T15:45:44.8434432+01:00
374.359558,149.860992,10,2026-09-01T15:45:44.8752640+01:00
387.928467,167.36824,10,2026-09-01T15:45:44.9075584+01:00
387.84848,155.481903,10,2026-09-01T15:45:44.9392512+01:00
380.240875,161.955887,10,2026-09-01T15:45:44.9712768+01:00
372.852692,149.773132,10,2026-09-01T15:45:45.0035968+01:00
396.8526,174.842972,10,2026-09-01T15:45:45.0351232+01:00
376.982178,146.886612,10,2026-09-01T15:45:45.0833664+01:00
390.100189,169.278915,10,2026-09-01T15:45:45.1153024+01:00
379.106476,149.508209,10,2026-09-01T15:45:45.1473152+01:00
387.924988,166.737198,10,2026-09-01T15:45:45.1795968+01:00
379.664856,154.242142,10,2026-09-01T15:45:45.2117120+01:00
389.575806,168.759247,10,2026-09-01T15:45:45.2434304+01:00
372.331696,147.543915,10,2026-09-01T15:45:45.2752256+01:00
396.982635,166.703125,10,2026-09-01T15:45:45.3070720+01:00
393.221527,160.182739,10,2026-09-01T15:45:45.3391104+01:00
398.271545,173.308823,10,2026-09-01T15:45:45.3712768+01:00
371.487762,136.933273,10,2026-09-01T15:45:45.4035456+01:00
372.379791,168.382416,10,2026-09-01T15:45:45.4357120+01:00
359.234253,140.455582,10,2026-09-01T15:45:45.4836992+01:00
371.201721,159.829605,10,2026-09-01T15:45:45.5162112+01:00
365.810059,153.81337,10,2026-09-01T15:45:45.5476352+01:00
391.687744,167.788132,10,2026-09-01T15:45:45.5790720+01:00
380.301636,153.117126,10,2026-09-01T15:45:45.6115072+01:00
386.504608,168.715042,10,2026-09-01T15:45:45.6437888+01:00
395.65976,157.79483,10,2026-09-01T15:45:45.6753280+01:00
396.360474,169.65657,10,2026-09-01T15:45:45.7074304+01:00
369.096954,149.756424,10,2026-09-01T15:45:45.7396352+01:00
383.215424,168.675034,10,2026-09-01T15:45:45.7711872+01:00
398.821991,158.602722,10,2026-09-01T15:45:45.8036096+01:00
372.092407,159.466934,10,2026-09-01T15:45:45.8516096+01:00
362.857971,151.131378,10,2026-09-01T15:45:45.8837504+01:00
396.178772,165.543396,10,2026-09-01T15:45:45.9156608+01:00
383.745331,148.322067,10,2026-09-01T15:45:45.9473920+01:00
387.787079,169.50499,10,2026-09-01T15:45:45.9792512+01:00
371.031921,154.470154,10,2026-09-01T15:45:46.0116480+01:00
396.12204,167.698425,10,2026-09-01T15:45:46.0432640+01:00
370.752106,153.244095,10,2026-09-01T15:45:46.0758400+01:00
386.763275,164.58783,10,2026-09-01T15:45:46.1072768+01:00
363.749573,147.116852,10,2026-09-01T15:45:46.1397632+01:00
390.01297,164.312439,10,2026-09-01T15:45:46.1717888+01:00
374.078125,153.445023,10,2026-09-01T15:45:46.2194432+01:00
375.954285,162.659531,10,2026-09-01T15:45:46.2519680+01:00
382.137573,152.534256,10,2026-09-01T15:45:46.2834432+01:00
406.271515,168.149078,10,2026-09-01T15:45:46.3152512+01:00
375.591309,158.284241,10,2026-09-01T15:45:46.3473280+01:00
391.606567,165.295334,10,2026-09-01T15:45:46.3792640+01:00
366.183502,150.909943,10,2026-09-01T15:45:46.4113920+01:00
393.146118,165.559769,10,2026-09-01T15:45:46.4438528+01:00
367.569885,153.179749,10,2026-09-01T15:45:46.4757248+01:00
398.383972,170.663589,10,2026-09-01T15:45:46.5075840+01:00
383.576782,156.802994,10,2026-09-01T15:45:46.5396736+01:00
389.078949,161.06955,10,2026-09-01T15:45:46.5874304+01:00
373.159088,136.455475,10,2026-09-01T15:45:46.6195840+01:00
402.501251,169.577606,10,2026-09-01T15:45:46.6517504+01:00
378.25705,151.346512,10,2026-09-01T15:45:46.6837504+01:00
379.176605,167.076523,10,2026-09-01T15:45:46.7153920+01:00
361.713806,146.822906,10,2026-09-01T15:45:46.7477888+01:00
395.849976,163.748062,10,2026-09-01T15:45:46.7797248+01:00
363.44278,150.111618,10,2026-09-01T15:45:46.8112640+01:00
396.966766,168.016647,10,2026-09-01T15:45:46.8434304+01:00
388.90683,158.733582,10,2026-09-01T15:45:46.8754304+01:00
389.567017,166.047958,10,2026-09-01T15:45:46.9075840+01:00
392.072052,159.581223,10,2026-09-01T15:45:46.9556352+01:00
395.367493,167.363495,10,2026-09-01T15:45:46.9876224+01:00
370.798279,152.384521,10,2026-09-01T15:45:47.0197632+01:00
362.689972,157.825546,10,2026-09-01T15:45:47.0515968+01:00
398.164001,152.120071,10,2026-09-01T15:45:47.0838016+01:00
393.372528,164.740738,10,2026-09-01T15:45:47.1154048+01:00
380.385468,150.945358,10,2026-09-01T15:45:47.1473152+01:00
392.534668,165.324615,10,2026-09-01T15:45:47.1798656+01:00
366.405396,148.880875,10,2026-09-01T15:45:47.2115840+01:00
394.534241,164.565231,10,2026-09-01T15:45:47.2434176+01:00
388.801971,149.415161,10,2026-09-01T15:45:47.2758272+01:00
391.626892,166.48674,10,2026-09-01T15:45:47.3075968+01:00
361.929993,136.154449,10,2026-09-01T15:45:47.3559936+01:00
395.733459,166.329453,10,2026-09-01T15:45:47.3873920+01:00
381.730591,150.581879,10,2026-09-01T15:45:47.4198784+01:00
403.854767,167.129593,10,2026-09-01T15:45:47.4517632+01:00
378.407135,150.363358,10,2026-09-01T15:45:47.4838528+01:00
393.379242,166.983215,10,2026-09-01T15:45:47.5156352+01:00
371.252502,146.729767,10,2026-09-01T15:45:47.5483008+01:00
387.746368,165.365845,10,2026-09-01T15:45:47.5799936+01:00
370.997131,147.501648,10,2026-09-01T15:45:47.6119680+01:00
389.336975,167.793121,10,2026-09-01T15:45:47.6436992+01:00
392.783264,150.583145,10,2026-09-01T15:45:47.6756864+01:00
396.144897,172.004807,10,2026-09-01T15:45:47.7236096+01:00
401.009949,152.600861,10,2026-09-01T15:45:47.7555200+01:00
392.409912,162.925797,10,2026-09-01T15:45:47.7876608+01:00
371.29245,148.559158,10,2026-09-01T15:45:47.8199040+01:00
384.104523,170.151779,10,2026-09-01T15:45:47.8514560+01:00
375.684479,149.234543,10,2026-09-01T15:45:47.8838272+01:00
394.354858,170.907043,10,2026-09-01T15:45:47.9154304+01:00
366.727844,155.470108,10,2026-09-01T15:45:47.9478016+01:00
379.833862,166.300125,10,2026-09-01T15:45:47.9798400+01:00
371.5383,151.321289,10,2026-09-01T15:45:48.0119168+01:00
405.101013,167.603683,10,2026-09-01T15:45:48.0434816+01:00
395.06488,161.924194,10,2026-09-01T15:45:48.0916608+01:00
382.464508,169.09494,10,2026-09-01T15:45:48.1239424+01:00
379.008026,154.148941,10,2026-09-01T15:45:48.1558272+01:00
378.835052,163.635757,10,2026-09-01T15:45:48.1875840+01:00
376.938965,155.279419,10,2026-09-01T15:45:48.2200320+01:00
392.732208,163.425659,10,2026-09-01T15:45:48.2517888+01:00
374.315399,154.425247,10,2026-09-01T15:45:48.2840704+01:00
386.287689,164.785309,10,2026-09-01T15:45:48.3155328+01:00
390.751465,153.436737,10,2026-09-01T15:45:48.3480576+01:00
388.067017,167.320145,10,2026-09-01T15:45:48.3799040+01:00
384.403625,155.607788,10,2026-09-01T15:45:48.4115072+01:00
406.99585,165.023727,10,2026-09-01T15:45:48.4599424+01:00
385.22879,149.82431,10,2026-09-01T15:45:48.4923648+01:00
390.979431,166.759644,10,2026-09-01T15:45:48.5238016+01:00
377.440063,149.441925,10,2026-09-01T15:45:48.5559040+01:00
402.3526,170.482346,10,2026-09-01T15:45:48.5878272+01:00
378.069946,143.116577,10,2026-09-01T15:45:48.6196992+01:00
401.950562,168.32457,10,2026-09-01T15:45:48.6519680+01:00
382.652832,152.058807,10,2026-09-01T15:45:48.6838272+01:00
383.194458,166.558075,10,2026-09-01T15:45:48.7159808+01:00
373.997223,152.75853,10,2026-09-01T15:45:48.7480832+01:00
398.845795,166.530411,10,2026-09-01T15:45:48.7800448+01:00
385.685486,151.610367,10,2026-09-01T15:45:48.8281856+01:00
393.971191,165.921173,10,2026-09-01T15:45:48.8597248+01:00
361.254944,151.67276,10,2026-09-01T15:45:48.8919936+01:00
381.755066,160.668289,10,2026-09-01T15:45:48.9238400+01:00
385.905273,153.9599,10,2026-09-01T15:45:48.9559680+01:00
392.660034,161.437851,10,2026-09-01T15:45:48.9880576+01:00
374.647186,146.587585,10,2026-09-01T15:45:49.0199808+01:00
397.718292,166.155472,10,2026-09-01T15:45:49.0518912+01:00
378.467499,148.645981,10,2026-09-01T15:45:49.0836480+01:00
383.324463,168.346115,10,2026-09-01T15:45:49.1157120+01:00
377.652161,150.813721,10,2026-09-01T15:45:49.1484672+01:00
402.612213,171.461029,10,2026-09-01T15:45:49.1955072+01:00
368.946381,142.618958,10,2026-09-01T15:45:49.2279552+01:00
379.003815,168.417969,10,2026-09-01T15:45:49.2600576+01:00
380.550476,149.222427,10,2026-09-01T15:45:49.2921600+01:00
377.505066,162.971741,10,2026-09-01T15:45:49.3239040+01:00
374.231018,150.824158,10,2026-09-01T15:45:49.3557888+01:00
392.105408,164.640671,10,2026-09-01T15:45:49.3876992+01:00
378.624176,151.887863,10,2026-09-01T15:45:49.4199936+01:00
382.033173,167.301041,10,2026-09-01T15:45:49.4520064+01:00
378.379425,149.744614,10,2026-09-01T15:45:49.4838528+01:00
384.82489,165.023956,10,2026-09-01T15:45:49.5157120+01:00
389.086426,156.842087,10,2026-09-01T15:45:49.5478016+01:00
383.292938,169.952499,10,2026-09-01T15:45:49.5956736+01:00
394.380707,149.742615,10,2026-09-01T15:45:49.6279680+01:00
389.409424,167.480835,10,2026-09-01T15:45:49.6597248+01:00
386.839294,152.442184,10,2026-09-01T15:45:49.6920960+01:00
386.358887,164.686646,10,2026-09-01T15:45:49.7244544+01:00
372.155518,154.913773,10,2026-09-01T15:45:49.7556480+01:00
376.070923,165.425308,10,2026-09-01T15:45:49.7879552+01:00
383.713287,157.022949,10,2026-09-01T15:45:49.8200576+01:00
402.037201,163.886658,10,2026-09-01T15:45:49.8518784+01:00
388.460846,154.694824,10,2026-09-01T15:45:49.8838528+01:00
379.650879,163.614532,10,2026-09-01T15:45:49.9156608+01:00
372.067902,151.380203,10,2026-09-01T15:45:49.9638784+01:00
393.603638,167.958618,10,2026-09-01T15:45:49.9957632+01:00
375.979858,154.55217,10,2026-09-01T15:45:50.0283136+01:00
388.467438,157.491318,10,2026-09-01T15:45:50.0601600+01:00
384.457672,150.920059,10,2026-09-01T15:45:50.0921984+01:00
396.501099,167.706284,10,2026-09-01T15:45:50.1236992+01:00
378.197998,149.515915,10,2026-09-01T15:45:50.1558912+01:00
399.307892,163.002655,10,2026-09-01T15:45:50.1878912+01:00
371.700714,144.801331,10,2026-09-01T15:45:50.2202112+01:00
373.369293,140.815125,10,2026-09-01T15:45:50.2523392+01:00
368.491791,155.736389,10,2026-09-01T15:45:50.2839552+01:00
381.131439,169.067215,10,2026-09-01T15:45:50.3319808+01:00
368.999634,150.944336,10,2026-09-01T15:45:50.3639296+01:00
387.067169,170.915985,10,2026-09-01T15:45:50.3957888+01:00
385.429108,154.086121,10,2026-09-01T15:45:50.4281728+01:00
392.993591,163.826431,10,2026-09-01T15:45:50.4602240+01:00
378.338135,155.471695,10,2026-09-01T15:45:50.4921856+01:00
399.600739,171.118652,10,2026-09-01T15:45:50.5238784+01:00
386.077759,152.959961,10,2026-09-01T15:45:50.5564416+01:00
393.262451,164.173996,10,2026-09-01T15:45:50.5881600+01:00
371.27002,150.749847,10,2026-09-01T15:45:50.6200704+01:00
361.030304,163.474945,10,2026-09-01T15:45:50.6520960+01:00
369.38089,150.212097,10,2026-09-01T15:45:50.6998400+01:00
372.884552,163.696091,10,2026-09-01T15:45:50.7318016+01:00
389.207092,148.77829,10,2026-09-01T15:45:50.7640832+01:00
386.82373,171.869324,10,2026-09-01T15:45:50.7956608+01:00
380.392914,153.567383,10,2026-09-01T15:45:50.8282112+01:00
377.305878,167.025284,10,2026-09-01T15:45:50.8602240+01:00
385.630096,151.404388,10,2026-09-01T15:45:50.8920192+01:00
383.972321,165.103607,10,2026-09-01T15:45:50.9241472+01:00
386.97171,159.219742,10,2026-09-01T15:45:50.9562368+01:00
370.602631,160.391266,10,2026-09-01T15:45:50.9885440+01:00
362.454132,148.844025,10,2026-09-01T15:45:51.0200320+01:00
372.426392,157.506775,10,2026-09-01T15:45:51.0680960+01:00
363.410248,152.114899,10,2026-09-01T15:45:51.1001728+01:00
390.826355,167.348938,10,2026-09-01T15:45:51.1322624+01:00
368.075348,149.97998,10,2026-09-01T15:45:51.1639424+01:00
388.969635,171.98613,10,2026-09-01T15:45:51.1962496+01:00
367.395386,146.607056,10,2026-09-01T15:45:51.2281856+01:00
402.228699,178.704987,10,2026-09-01T15:45:51.2601984+01:00
380.258484,159.804977,10,2026-09-01T15:45:51.2925184+01:00
383.438202,164.809753,10,2026-09-01T15:45:51.3243392+01:00
375.057526,152.776108,10,2026-09-01T15:45:51.3563904+01:00
368.889191,160.292648,10,2026-09-01T15:45:51.3879168+01:00
374.308807,151.342972,10,2026-09-01T15:45:51.4364416+01:00
355.803589,150.457474,10,2026-09-01T15:45:51.4683136+01:00
379.20932,149.83374,10,2026-09-01T15:45:51.5005952+01:00
388.702972,167.729233,10,2026-09-01T15:45:51.5322752+01:00
378.147156,158.787354,10,2026-09-01T15:45:51.5641344+01:00
368.701355,171.512512,10,2026-09-01T15:45:51.5960320+01:00
358.009308,141.916595,10,2026-09-01T15:45:51.6283520+01:00
386.463562,169.252899,10,2026-09-01T15:45:51.6601216+01:00
373.747284,139.03949,10,2026-09-01T15:45:51.6922752+01:00
376.267822,163.012161,10,2026-09-01T15:45:51.7241472+01:00
353.708435,143.894928,10,2026-09-01T15:45:51.7562112+01:00
402.389313,170.44635,10,2026-09-01T15:45:51.7882880+01:00
362.180328,147.742676,10,2026-09-01T15:45:51.8363648+01:00
400.986389,165.76265,10,2026-09-01T15:45:51.8681728+01:00
358.710449,147.375092,10,2026-09-01T15:45:51.9000320+01:00
389.256897,164.732895,10,2026-09-01T15:45:51.9320448+01:00
364.314667,153.153702,10,2026-09-01T15:45:51.9642624+01:00
383.602936,165.078278,10,2026-09-01T15:45:51.9961728+01:00
381.131439,154.006683,10,2026-09-01T15:45:52.0285696+01:00
383.724274,165.921127,10,2026-09-01T15:45:52.0599040+01:00
392.960724,155.461304,10,2026-09-01T15:45:52.0925568+01:00
384.093018,168.292419,10,2026-09-01T15:45:52.1242752+01:00
380.45575,151.182037,10,2026-09-01T15:45:52.1563136+01:00
363.234253,167.43338,10,2026-09-01T15:45:52.2040192+01:00
366.076447,151.218567,10,2026-09-01T15:45:52.2364032+01:00
389.79245,175.81662,10,2026-09-01T15:45:52.2679808+01:00
359.510681,144.380783,10,2026-09-01T15:45:52.3009536+01:00
380.855591,169.428574,10,2026-09-01T15:45:52.3322112+01:00
388.96463,156.584488,10,2026-09-01T15:45:52.3642368+01:00
371.240204,168.144379,10,2026-09-01T15:45:52.3963648+01:00
369.801575,149.099625,10,2026-09-01T15:45:52.4283776+01:00
386.878265,171.290985,10,2026-09-01T15:45:52.4600960+01:00
386.790466,155.827621,10,2026-09-01T15:45:52.4920320+01:00
392.464844,169.525833,10,2026-09-01T15:45:52.5240576+01:00
396.727386,156.156281,10,2026-09-01T15:45:52.5723008+01:00
353.31015,142.667328,10,2026-09-01T15:45:52.6041344+01:00
351.570374,142.262207,10,2026-09-01T15:45:52.6362240+01:00
350.183685,140.882294,10,2026-09-01T15:45:52.6684544+01:00
370.714874,152.275925,10,2026-09-01T15:45:52.7002112+01:00
390.113464,166.938858,10,2026-09-01T15:45:52.7324928+01:00
353.071472,142.055176,10,2026-09-01T15:45:52.7645824+01:00
389.127411,167.582123,10,2026-09-01T15:45:52.7966848+01:00
375.151154,151.471085,10,2026-09-01T15:45:52.8286336+01:00
381.375793,158.481262,10,2026-09-01T15:45:52.8604672+01:00
367.578278,150.454132,10,2026-09-01T15:45:52.8927872+01:00
389.606628,165.611267,10,2026-09-01T15:45:52.9405056+01:00
370.087006,154.689011,10,2026-09-01T15:45:52.9722496+01:00
392.161652,169.537903,10,2026-09-01T15:45:53.0042880+01:00
366.412842,155.3573,10,2026-09-01T15:45:53.0363520+01:00
366.067688,163.682755,10,2026-09-01T15:45:53.0685056+01:00
359.484283,150.591736,10,2026-09-01T15:45:53.1002496+01:00
378.811188,176.345551,10,2026-09-01T15:45:53.1320960+01:00
391.268433,159.132126,10,2026-09-01T15:45:53.1641984+01:00
358.685455,167.716812,10,2026-09-01T15:45:53.1965312+01:00
375.126801,152.56926,10,2026-09-01T15:45:53.2284544+01:00
386.424011,163.618576,10,2026-09-01T15:45:53.2605312+01:00
375.956421,156.190613,10,2026-09-01T15:45:53.3085952+01:00
385.525146,168.118149,10,2026-09-01T15:45:53.3406464+01:00
390.882813,159.747986,10,2026-09-01T15:45:53.3723392+01:00
378.512482,166.780411,10,2026-09-01T15:45:53.4044416+01:00
377.352051,147.930527,10,2026-09-01T15:45:53.4364800+01:00
389.641693,166.164581,10,2026-09-01T15:45:53.4681344+01:00
348.151093,151.197922,10,2026-09-01T15:45:53.5004288+01:00
375.393616,164.705688,10,2026-09-01T15:45:53.5322368+01:00
376.105621,151.195908,10,2026-09-01T15:45:53.5649536+01:00
399.394653,169.470062,10,2026-09-01T15:45:53.5965056+01:00
374.032928,154.493149,10,2026-09-01T15:45:53.6284544+01:00
369.289368,170.92305,10,2026-09-01T15:45:53.6765184+01:00
369.487427,155.875519,10,2026-09-01T15:45:53.7082752+01:00
392.112366,166.758865,10,2026-09-01T15:45:53.7405056+01:00
385.716431,156.081619,10,2026-09-01T15:45:53.7722240+01:00
399.906403,168.937485,10,2026-09-01T15:45:53.8041984+01:00
367.50116,138.59108,10,2026-09-01T15:45:53.8366976+01:00
389.47464,172.582306,10,2026-09-01T15:45:53.8682752+01:00
393.7659,161.217712,10,2026-09-01T15:45:53.9002112+01:00
397.411377,172.61705,10,2026-09-01T15:45:53.9322496+01:00
371.728333,147.972778,10,2026-09-01T15:45:53.9646080+01:00
384.040924,161.011826,10,2026-09-01T15:45:53.9970688+01:00
383.260345,153.15892,10,2026-09-01T15:45:54.0286720+01:00
361.279358,165.993149,10,2026-09-01T15:45:54.0763392+01:00
372.106781,154.967178,10,2026-09-01T15:45:54.1087104+01:00
373.170776,162.859039,10,2026-09-01T15:45:54.1404544+01:00
358.989502,150.191757,10,2026-09-01T15:45:54.1723392+01:00
388.010406,170.429962,10,2026-09-01T15:45:54.2044032+01:00
379.39325,154.408737,10,2026-09-01T15:45:54.2365312+01:00
376.24707,168.314392,10,2026-09-01T15:45:54.2685824+01:00
383.394104,155.824295,10,2026-09-01T15:45:54.3004800+01:00
403.794647,172.950714,10,2026-09-01T15:45:54.3323648+01:00
382.705292,152.23056,10,2026-09-01T15:45:54.3648768+01:00
387.283875,171.723877,10,2026-09-01T15:45:54.3966080+01:00
368.70694,153.010574,10,2026-09-01T15:45:54.4446720+01:00
376.041443,164.978973,10,2026-09-01T15:45:54.4766720+01:00
363.051666,153.850357,10,2026-09-01T15:45:54.5082496+01:00
387.880188,170.981339,10,2026-09-01T15:45:54.5403008+01:00
397.131714,155.834061,10,2026-09-01T15:45:54.5727360+01:00
362.312927,167.119858,10,2026-09-01T15:45:54.6045056+01:00
388.3479,155.262497,10,2026-09-01T15:45:54.6367360+01:00
389.642365,170.094376,10,2026-09-01T15:45:54.6682880+01:00
369.623474,147.060837,10,2026-09-01T15:45:54.7004032+01:00
393.084839,165.064316,10,2026-09-01T15:45:54.7327872+01:00
386.107361,148.564804,10,2026-09-01T15:45:54.7646848+01:00
370.528259,175.674103,10,2026-09-01T15:45:54.8127488+01:00
369.295135,151.350922,10,2026-09-01T15:45:54.8445568+01:00
385.370544,163.463806,10,2026-09-01T15:45:54.8768000+01:00
377.349457,146.53743,10,2026-09-01T15:45:54.9088000+01:00
360.318085,173.051529,10,2026-09-01T15:45:54.9403648+01:00
375.325165,157.376389,10,2026-09-01T15:45:54.9723264+01:00
380.423248,164.828522,10,2026-09-01T15:45:55.0046080+01:00
390.560577,149.816483,10,2026-09-01T15:45:55.0367360+01:00
380.156067,171.392319,10,2026-09-01T15:45:55.0684160+01:00
389.470917,158.218216,10,2026-09-01T15:45:55.1008768+01:00
384.953308,167.145859,10,2026-09-01T15:45:55.1324800+01:00
371.496826,149.492798,10,2026-09-01T15:45:55.1805824+01:00
393.295288,172.719208,10,2026-09-01T15:45:55.2126208+01:00
370.621979,155.212097,10,2026-09-01T15:45:55.2448000+01:00
390.616333,168.581024,10,2026-09-01T15:45:55.2765568+01:00
378.824127,155.153503,10,2026-09-01T15:45:55.3089024+01:00
380.385437,163.723892,10,2026-09-01T15:45:55.3403904+01:00
374.941528,154.21579,10,2026-09-01T15:45:55.3725056+01:00
370.944366,164.843475,10,2026-09-01T15:45:55.4051200+01:00
381.93515,153.358887,10,2026-09-01T15:45:55.4364288+01:00
357.042084,171.615433,10,2026-09-01T15:45:55.4685824+01:00
356.812775,152.224884,10,2026-09-01T15:45:55.5006464+01:00
378.308319,180.274216,10,2026-09-01T15:45:55.5485184+01:00
371.724152,153.795761,10,2026-09-01T15:45:55.5807744+01:00
377.073151,171.89209,10,2026-09-01T15:45:55.6128384+01:00
367.206848,154.611679,10,2026-09-01T15:45:55.6448512+01:00
364.740295,136.408829,10,2026-09-01T15:45:55.6768000+01:00
360.934418,153.598816,10,2026-09-01T15:45:55.7084416+01:00
373.063354,170.49678,10,2026-09-01T15:45:55.7406848+01:00
371.552063,150.581604,10,2026-09-01T15:45:55.7724928+01:00
364.562775,177.460022,10,2026-09-01T15:45:55.8047616+01:00
378.831482,148.918732,10,2026-09-01T15:45:55.8367360+01:00
367.680969,167.539612,10,2026-09-01T15:45:55.8686208+01:00
373.865204,154.477631,10,2026-09-01T15:45:55.9012352+01:00
374.98584,173.662506,10,2026-09-01T15:45:55.9488512+01:00
361.386841,151.620087,10,2026-09-01T15:45:55.9807360+01:00
360.375366,168.460709,10,2026-09-01T15:45:56.0128000+01:00
365.277008,156.069336,10,2026-09-01T15:45:56.0447616+01:00
364.057373,166.247955,10,2026-09-01T15:45:56.0770944+01:00
374.990387,154.210495,10,2026-09-01T15:45:56.1089664+01:00
368.898438,173.377045,10,2026-09-01T15:45:56.1405056+01:00
371.563385,157.416031,10,2026-09-01T15:45:56.1727488+01:00
367.301819,173.804825,10,2026-09-01T15:45:56.2098944+01:00
385.185608,153.244797,10,2026-09-01T15:45:56.2364672+01:00
394.937012,174.698944,10,2026-09-01T15:45:56.2687232+01:00
359.372162,151.100769,10,2026-09-01T15:45:56.3165824+01:00
391.488495,174.605331,10,2026-09-01T15:45:56.3491712+01:00
389.104034,158.87941,10,2026-09-01T15:45:56.3810304+01:00
366.717194,174.260132,10,2026-09-01T15:45:56.4128768+01:00
373.870026,156.303314,10,2026-09-01T15:45:56.4447872+01:00
375.01413,167.925812,10,2026-09-01T15:45:56.4770048+01:00
365.214783,156.154587,10,2026-09-01T15:45:56.5088512+01:00
369.930908,172.802948,10,2026-09-01T15:45:56.5407104+01:00
369.930084,156.512878,10,2026-09-01T15:45:56.5726208+01:00
381.193481,167.493622,10,2026-09-01T15:45:56.6049920+01:00
383.304932,153.758423,10,2026-09-01T15:45:56.6369920+01:00
374.924774,169.823914,10,2026-09-01T15:45:56.6849920+01:00
365.779358,149.726318,10,2026-09-01T15:45:56.7169024+01:00
360.946411,167.32605,10,2026-09-01T15:45:56.7484032+01:00
382.06308,156.85405,10,2026-09-01T15:45:56.7810432+01:00
374.099731,175.393784,10,2026-09-01T15:45:56.8128384+01:00
369.858398,144.581787,10,2026-09-01T15:45:56.8445824+01:00
359.608795,173.104385,10,2026-09-01T15:45:56.8769536+01:00
368.184662,157.281097,10,2026-09-01T15:45:56.9089152+01:00
387.063965,166.748901,10,2026-09-01T15:45:56.9408768+01:00
368.919434,157.39534,10,2026-09-01T15:45:56.9730944+01:00
362.468567,171.486908,10,2026-09-01T15:45:57.0051584+01:00
376.272797,152.009338,10,2026-09-01T15:45:57.0529536+01:00
383.007874,176.382706,10,2026-09-01T15:45:57.0851456+01:00
366.771851,156.306,10,2026-09-01T15:45:57.1170432+01:00
370.628967,173.291183,10,2026-09-01T15:45:57.1490176+01:00
375.205261,156.707764,10,2026-09-01T15:45:57.1810304+01:00
386.155518,176.604401,10,2026-09-01T15:45:57.2127616+01:00
357.679169,161.653992,10,2026-09-01T15:45:57.2450688+01:00
391.89328,170.358597,10,2026-09-01T15:45:57.2770048+01:00
384.662201,161.390106,10,2026-09-01T15:45:57.3090048+01:00
361.684875,173.908554,10,2026-09-01T15:45:57.3411456+01:00
363.36908,155.744507,10,2026-09-01T15:45:57.3727616+01:00
375.14679,171.907104,10,2026-09-01T15:45:57.4207488+01:00
363.0867,151.690033,10,2026-09-01T15:45:57.4531968+01:00
359.212036,173.911713,10,2026-09-01T15:45:57.4848128+01:00
379.626343,145.091934,10,2026-09-01T15:45:57.5166720+01:00
375.101501,175.955353,10,2026-09-01T15:45:57.5489792+01:00
356.850342,153.926727,10,2026-09-01T15:45:57.5811712+01:00
375.144775,169.362793,10,2026-09-01T15:45:57.6129280+01:00
356.493011,159.692703,10,2026-09-01T15:45:57.6449792+01:00
396.303467,172.124283,10,2026-09-01T15:45:57.6768128+01:00
373.223145,154.059998,10,2026-09-01T15:45:57.7090304+01:00
382.541382,166.93396,10,2026-09-01T15:45:57.7410048+01:00
389.438019,156.146332,10,2026-09-01T15:45:57.7888640+01:00
376.061798,173.791473,10,2026-09-01T15:45:57.8207872+01:00
378.066437,158.012802,10,2026-09-01T15:45:57.8534144+01:00
378.845398,172.900345,10,2026-09-01T15:45:57.8850688+01:00
373.45871,150.647339,10,2026-09-01T15:45:57.9168256+01:00
374.356903,170.966476,10,2026-09-01T15:45:57.9490048+01:00
379.717682,150.919846,10,2026-09-01T15:45:57.9812224+01:00
393.533722,175.247864,10,2026-09-01T15:45:58.0129408+01:00
370.589539,155.181519,10,2026-09-01T15:45:58.0451200+01:00
361.797699,177.512009,10,2026-09-01T15:45:58.0769920+01:00
386.099762,160.397308,10,2026-09-01T15:45:58.1091968+01:00
386.868713,164.114517,10,2026-09-01T15:45:58.1411584+01:00
337.117126,153.404861,10,2026-09-01T15:45:58.1889280+01:00
361.340332,170.809677,10,2026-09-01T15:45:58.2214016+01:00
365.047882,158.406342,10,2026-09-01T15:45:58.2528384+01:00
367.870331,182.63501,10,2026-09-01T15:45:58.2849536+01:00
344.750397,150.996445,10,2026-09-01T15:45:58.3169536+01:00
383.662872,173.971481,10,2026-09-01T15:45:58.3490176+01:00
374.088562,156.05246,10,2026-09-01T15:45:58.3809024+01:00
372.632324,170.705353,10,2026-09-01T15:45:58.4131840+01:00
389.004639,152.157593,10,2026-09-01T15:45:58.4454272+01:00
384.631622,163.581116,10,2026-09-01T15:45:58.4769792+01:00
385.930084,155.05098,10,2026-09-01T15:45:58.5091840+01:00
377.638489,171.157608,10,2026-09-01T15:45:58.5572480+01:00
402.808929,154.083572,10,2026-09-01T15:45:58.5888384+01:00
401.836212,162.690735,10,2026-09-01T15:45:58.6210432+01:00
418.114471,149.57457,10,2026-09-01T15:45:58.6532352+01:00
386.175964,175.606674,10,2026-09-01T15:45:58.6852736+01:00
397.514221,156.950211,10,2026-09-01T15:45:58.7169664+01:00
408.102295,169.964127,10,2026-09-01T15:45:58.7489664+01:00
389.046021,151.376953,10,2026-09-01T15:45:58.7810048+01:00
412.963867,163.693481,10,2026-09-01T15:45:58.8131456+01:00
356.855225,162.681686,10,2026-09-01T15:45:58.8450432+01:00
370.398224,172.117737,10,2026-09-01T15:45:58.8768384+01:00
352.894653,162.558487,10,2026-09-01T15:45:58.9249024+01:00
350.111969,172.561996,10,2026-09-01T15:45:58.9573632+01:00
362.250977,162.886887,10,2026-09-01T15:45:58.9891456+01:00
388.921692,165.875137,10,2026-09-01T15:45:59.0208128+01:00
356.698059,165.95752,10,2026-09-01T15:45:59.0531328+01:00
360.243835,167.217819,10,2026-09-01T15:45:59.0848000+01:00
351.410309,160.707413,10,2026-09-01T15:45:59.1169664+01:00
354.006012,174.407196,10,2026-09-01T15:45:59.1488768+01:00
357.031799,159.001083,10,2026-09-01T15:45:59.1811712+01:00
369.327362,174.027328,10,2026-09-01T15:45:59.2131840+01:00
355.661285,158.591156,10,2026-09-01T15:45:59.2452736+01:00
358.536499,175.923752,10,2026-09-01T15:45:59.2934528+01:00
386.618958,155.421509,10,2026-09-01T15:45:59.3252864+01:00
373.052795,170.295074,10,2026-09-01T15:45:59.3566976+01:00
378.452423,160.143433,10,2026-09-01T15:45:59.3892736+01:00
368.628418,179.30983,10,2026-09-01T15:45:59.4207744+01:00
349.327148,162.332779,10,2026-09-01T15:45:59.4534144+01:00
361.831055,180.203033,10,2026-09-01T15:45:59.4848768+01:00
386.296448,161.899261,10,2026-09-01T15:45:59.5170048+01:00
378.107971,175.430603,10,2026-09-01T15:45:59.5492352+01:00
357.134521,159.916321,10,2026-09-01T15:45:59.5812608+01:00
361.492249,180.952194,10,2026-09-01T15:45:59.6128256+01:00
366.431549,166.637283,10,2026-09-01T15:45:59.6614144+01:00
356.890961,176.498108,10,2026-09-01T15:45:59.6931712+01:00
365.620453,169.314926,10,2026-09-01T15:45:59.7248256+01:00
331.827942,181.515854,10,2026-09-01T15:45:59.7570048+01:00
343.638123,161.781342,10,2026-09-01T15:45:59.7890048+01:00
371.722046,180.123489,10,2026-09-01T15:45:59.8209024+01:00
351.990051,167.401871,10,2026-09-01T15:45:59.8535424+01:00
367.585693,175.814499,10,2026-09-01T15:45:59.8851840+01:00
356.325287,156.119247,10,2026-09-01T15:45:59.9174144+01:00
372.933044,183.257355,10,2026-09-01T15:45:59.9490176+01:00
343.177704,164.641235,10,2026-09-01T15:45:59.9817600+01:00
379.15799,175.433487,10,2026-09-01T15:46:00.0290176+01:00
347.976105,164.340118,10,2026-09-01T15:46:00.0614528+01:00
362.893921,176.07518,10,2026-09-01T15:46:00.0932224+01:00
369.038177,158.899689,10,2026-09-01T15:46:00.1255936+01:00
371.468597,171.851669,10,2026-09-01T15:46:00.1569280+01:00
350.21875,164.919083,10,2026-09-01T15:46:00.1890688+01:00
356.832397,179.17038,10,2026-09-01T15:46:00.2210816+01:00
374.554382,154.760544,10,2026-09-01T15:46:00.2536320+01:00
359.049011,181.049606,10,2026-09-01T15:46:00.2851456+01:00
360.689728,155.909134,10,2026-09-01T15:46:00.3171840+01:00
376.123993,176.303802,10,2026-09-01T15:46:00.3492224+01:00
378.826324,162.26799,10,2026-09-01T15:46:00.3812608+01:00
352.05899,170.255676,10,2026-09-01T15:46:00.4293504+01:00
368.303131,164.456696,10,2026-09-01T15:46:00.4613248+01:00
349.694977,173.675537,10,2026-09-01T15:46:00.4935296+01:00
357.172821,158.825867,10,2026-09-01T15:46:00.5252864+01:00
364.565918,175.901886,10,2026-09-01T15:46:00.5569792+01:00
360.111511,162.163727,10,2026-09-01T15:46:00.5897088+01:00
363.062622,179.805862,10,2026-09-01T15:46:00.6210432+01:00
378.769714,164.160477,10,2026-09-01T15:46:00.6533504+01:00
385.227203,177.274002,10,2026-09-01T15:46:00.6852608+01:00
369.022797,160.145905,10,2026-09-01T15:46:00.7169920+01:00
357.237122,176.783051,10,2026-09-01T15:46:00.7501056+01:00
372.87796,160.343521,10,2026-09-01T15:46:00.7974016+01:00
362.717682,168.825943,10,2026-09-01T15:46:00.8293120+01:00
362.567078,157.852646,10,2026-09-01T15:46:00.8614656+01:00
349.939392,172.197754,10,2026-09-01T15:46:00.8931712+01:00
350.05246,158.491287,10,2026-09-01T15:46:00.9251200+01:00
349.849579,186.713043,10,2026-09-01T15:46:00.9572736+01:00
347.76532,146.564209,10,2026-09-01T15:46:00.9892352+01:00
346.565765,172.112549,10,2026-09-01T15:46:01.0218112+01:00
355.045563,162.362518,10,2026-09-01T15:46:01.0534016+01:00
360.365204,187.284119,10,2026-09-01T15:46:01.0852992+01:00
355.045441,161.398224,10,2026-09-01T15:46:01.1170432+01:00
340.707062,177.731171,10,2026-09-01T15:46:01.1651328+01:00
349.141968,160.098251,10,2026-09-01T15:46:01.1973632+01:00
359.877228,180.033081,10,2026-09-01T15:46:01.2289536+01:00
352.035431,164.28299,10,2026-09-01T15:46:01.2618240+01:00
349.822205,173.0112,10,2026-09-01T15:46:01.2936320+01:00
363.780762,167.603943,10,2026-09-01T15:46:01.3251840+01:00
346.56366,181.437088,10,2026-09-01T15:46:01.3568512+01:00
365.712524,168.214722,10,2026-09-01T15:46:01.3896192+01:00
374.807953,173.74501,10,2026-09-01T15:46:01.4214144+01:00
357.992859,169.973343,10,2026-09-01T15:46:01.4532096+01:00
343.989532,180.114456,10,2026-09-01T15:46:01.4852736+01:00
343.627808,165.413376,10,2026-09-01T15:46:01.5332480+01:00
340.094818,181.153687,10,2026-09-01T15:46:01.5660160+01:00
362.613708,165.093323,10,2026-09-01T15:46:01.5974400+01:00
346.62262,178.841064,10,2026-09-01T15:46:01.6297728+01:00
375.658203,163.750153,10,2026-09-01T15:46:01.6614400+01:00
343.322296,180.780441,10,2026-09-01T15:46:01.6932736+01:00
360.231689,154.938614,10,2026-09-01T15:46:01.7251968+01:00
359.152802,181.464172,10,2026-09-01T15:46:01.7571968+01:00
367.674561,164.591705,10,2026-09-01T15:46:01.7896064+01:00
350.025482,184.187103,10,2026-09-01T15:46:01.8213120+01:00
347.151794,162.757935,10,2026-09-01T15:46:01.8537216+01:00
344.88266,182.326004,10,2026-09-01T15:46:01.9010048+01:00
364.40921,166.300644,10,2026-09-01T15:46:01.9336192+01:00
356.140503,184.908081,10,2026-09-01T15:46:01.9657856+01:00
365.409241,162.247131,10,2026-09-01T15:46:01.9971712+01:00
370.953156,171.833069,10,2026-09-01T15:46:02.0293248+01:00
340.048889,160.566589,10,2026-09-01T15:46:02.0616832+01:00
359.571228,175.918427,10,2026-09-01T15:46:02.0930048+01:00
339.353973,163.537872,10,2026-09-01T15:46:02.1254400+01:00
341.350494,183.917908,10,2026-09-01T15:46:02.1570304+01:00
349.862091,162.136658,10,2026-09-01T15:46:02.1897856+01:00
354.100403,175.084045,10,2026-09-01T15:46:02.2212992+01:00
358.782074,160.722534,10,2026-09-01T15:46:02.2694400+01:00
367.987244,179.424026,10,2026-09-01T15:46:02.3016064+01:00
385.566223,164.952362,10,2026-09-01T15:46:02.3336704+01:00
355.610229,178.926788,10,2026-09-01T15:46:02.3654400+01:00
359.061737,160.708771,10,2026-09-01T15:46:02.3975552+01:00
370.335358,177.454849,10,2026-09-01T15:46:02.4296192+01:00
365.217743,170.782059,10,2026-09-01T15:46:02.4614912+01:00
351.03183,183.905304,10,2026-09-01T15:46:02.4930816+01:00
348.720428,179.676498,10,2026-09-01T15:46:02.5252096+01:00
353.752106,200.116455,10,2026-09-01T15:46:02.5571840+01:00
353.807343,183.560287,10,2026-09-01T15:46:02.5891584+01:00
344.62265,218.142212,10,2026-09-01T15:46:02.6212480+01:00
354.155731,216.9944,10,2026-09-01T15:46:02.6693888+01:00
366.736847,227.636368,10,2026-09-01T15:46:02.7011840+01:00
356.593506,226.817154,10,2026-09-01T15:46:02.7332864+01:00
362.68988,221.647354,10,2026-09-01T15:46:02.7651840+01:00
371.404297,200.027374,10,2026-09-01T15:46:02.7975168+01:00
392.317078,176.93457,10,2026-09-01T15:46:02.8293760+01:00
410.392517,156.680161,10,2026-09-01T15:46:02.8608896+01:00
460.094177,161.390167,10,2026-09-01T15:46:02.8929920+01:00
483.81842,122.968674,10,2026-09-01T15:46:02.9249280+01:00
448.089966,285.749298,10,2026-09-01T15:46:02.9565952+01:00
483.930542,255.038116,10,2026-09-01T15:46:02.9883008+01:00
489.534576,235.383316,10,2026-09-01T15:46:03.0368384+01:00
494.131012,217.65889,10,2026-09-01T15:46:03.0687744+01:00
480.737488,133.063492,10,2026-09-01T15:46:03.1007104+01:00
484.876801,171.618668,10,2026-09-01T15:46:03.1322496+01:00
469.300964,175.866501,10,2026-09-01T15:46:03.1644288+01:00
431.140747,171.549561,10,2026-09-01T15:46:03.1964544+01:00
423.118073,186.692688,10,2026-09-01T15:46:03.2282880+01:00
407.98761,193.752335,10,2026-09-01T15:46:03.2604800+01:00
381.312714,185.78656,10,2026-09-01T15:46:03.2925696+01:00
356.818817,177.014435,10,2026-09-01T15:46:03.3242368+01:00
343.740967,172.968414,10,2026-09-01T15:46:03.3566976+01:00
333.171783,172.38501,10,2026-09-01T15:46:03.4045824+01:00
326.723083,171.11937,10,2026-09-01T15:46:03.4363520+01:00
319.052307,169.670639,10,2026-09-01T15:46:03.4688128+01:00
310.199219,166.188751,10,2026-09-01T15:46:03.5006336+01:00
304.841187,176.949463,10,2026-09-01T15:46:03.5321856+01:00
295.2099,169.515396,10,2026-09-01T15:46:03.5651200+01:00
289.465363,181.452194,10,2026-09-01T15:46:03.5964544+01:00
279.168518,175.21727,10,2026-09-01T15:46:03.6286592+01:00
272.805237,170.715317,10,2026-09-01T15:46:03.6603520+01:00
267.986847,175.418518,10,2026-09-01T15:46:03.6927616+01:00
261.986206,187.747925,10,2026-09-01T15:46:03.7244928+01:00
254.878067,183.609741,10,2026-09-01T15:46:03.7726848+01:00
248.899307,181.835144,10,2026-09-01T15:46:03.8047872+01:00
245.525101,177.912125,10,2026-09-01T15:46:03.8368256+01:00
243.332108,178.653625,10,2026-09-01T15:46:03.8688768+01:00
243.825409,157.203674,10,2026-09-01T15:46:03.9009280+01:00
249.51593,154.46434,10,2026-09-01T15:46:03.9327616+01:00
261.103455,165.079575,10,2026-09-01T15:46:03.9645312+01:00
272.776978,157.630798,10,2026-09-01T15:46:03.9967488+01:00
286.126007,156.679535,10,2026-09-01T15:46:04.0284672+01:00
297.474457,155.21582,10,2026-09-01T15:46:04.0610944+01:00
306.60965,152.547577,10,2026-09-01T15:46:04.0925952+01:00
311.20639,144.593353,10,2026-09-01T15:46:04.1411968+01:00
313.613007,145.651367,10,2026-09-01T15:46:04.1728384+01:00
313.503418,148.715134,10,2026-09-01T15:46:04.2046976+01:00
315.048096,146.996857,10,2026-09-01T15:46:04.2365056+01:00
316.196747,145.121048,10,2026-09-01T15:46:04.2688384+01:00
319.70874,146.167084,10,2026-09-01T15:46:04.3005440+01:00
324.339508,142.538712,10,2026-09-01T15:46:04.3325952+01:00
332.730988,118.649452,10,2026-09-01T15:46:04.3647232+01:00
338.852661,118.262932,10,2026-09-01T15:46:04.3963776+01:00
346.356384,135.623032,10,2026-09-01T15:46:04.4287104+01:00
354.981628,132.440353,10,2026-09-01T15:46:04.4606080+01:00
361.319977,136.743881,10,2026-09-01T15:46:04.4929152+01:00
370.84079,145.997803,10,2026-09-01T15:46:04.5408128+01:00
381.079559,150.172043,10,2026-09-01T15:46:04.5727360+01:00
379.939941,137.413895,10,2026-09-01T15:46:04.6048640+01:00
389.864227,139.856979,10,2026-09-01T15:46:04.6370560+01:00
411.559631,125.080872,10,2026-09-01T15:46:04.6686208+01:00
424.978424,120.647491,10,2026-09-01T15:46:04.7009024+01:00
439.695313,112.118668,10,2026-09-01T15:46:04.7324928+01:00
452.034882,135.297531,10,2026-09-01T15:46:04.7654656+01:00
505.413788,290.707794,10,2026-09-01T15:46:04.7968768+01:00
547.717957,302.960144,10,2026-09-01T15:46:04.8286848+01:00
505.404633,258.030548,10,2026-09-01T15:46:04.8610048+01:00
65.6052017,36.3581543,10,2026-09-01T15:47:11.6691968+01:00
544.830994,143.924011,10,2026-09-01T15:47:12.0690176+01:00
554.432739,107.316864,10,2026-09-01T15:47:12.1007488+01:00
558.835754,77.8814316,10,2026-09-01T15:47:12.1330048+01:00
562.828796,78.9261246,10,2026-09-01T15:47:12.1650560+01:00
569.898376,100.537483,10,2026-09-01T15:47:12.1968896+01:00
567.283875,128.987488,10,2026-09-01T15:47:12.2291712+01:00
570.762817,146.362122,10,2026-09-01T15:47:12.2612096+01:00
572.028931,156.361755,10,2026-09-01T15:47:12.2929792+01:00
580.868713,148.914063,10,2026-09-01T15:47:12.3412096+01:00
587.886169,125.528656,10,2026-09-01T15:47:12.3729664+01:00
597.041626,105.307793,10,2026-09-01T15:47:12.4048512+01:00
601.067688,83.9335861,10,2026-09-01T15:47:12.4373632+01:00
605.7854,59.9744492,10,2026-09-01T15:47:12.4691712+01:00
626.678284,11.4048262,10,2026-09-01T15:47:12.5009024+01:00
393.603638,268.777771,10,2026-09-01T16:23:41.4738432+01:00
399.123779,268.69397,10,2026-09-01T16:23:41.5060224+01:00
399.117157,277.599701,10,2026-09-01T16:23:41.5378304+01:00
403.347656,277.593567,10,2026-09-01T16:23:41.5694592+01:00
405.461975,278.002838,10,2026-09-01T16:23:41.6017664+01:00
409.126526,276.276184,10,2026-09-01T16:23:41.6333824+01:00
409.590057,280.329987,10,2026-09-01T16:23:41.6659200+01:00
410.691956,279.359924,10,2026-09-01T16:23:41.6975232+01:00
414.733826,275.835175,10,2026-09-01T16:23:41.7298048+01:00
415.679169,277.219452,10,2026-09-01T16:23:41.7779200+01:00
416.597412,278.527863,10,2026-09-01T16:23:41.8097280+01:00
418.441315,279.255768,10,2026-09-01T16:23:41.8417664+01:00
418.181152,288.640106,10,2026-09-01T16:23:41.8739712+01:00
420.962036,286.026855,10,2026-09-01T16:23:41.9058560+01:00
426.943726,278.210388,10,2026-09-01T16:23:41.9377024+01:00
429.917969,274.816193,10,2026-09-01T16:23:41.9699456+01:00
429.17511,275.256226,10,2026-09-01T16:23:42.0019328+01:00
429.16452,267.916656,10,2026-09-01T16:23:42.0662784+01:00
428.361633,279.928131,10,2026-09-01T16:23:42.1457920+01:00
434.284363,276.248993,10,2026-09-01T16:23:42.2100224+01:00
436.460358,270.29776,10,2026-09-01T16:23:42.2419840+01:00
432.502869,273.610352,10,2026-09-01T16:23:42.2739456+01:00
433.612213,271.540314,10,2026-09-01T16:23:42.3376384+01:00
431.777771,274.07489,10,2026-09-01T16:23:42.4017664+01:00
428.028534,281.951111,10,2026-09-01T16:23:42.4657920+01:00
390.021301,265.021301,10,2026-09-01T16:23:44.4179712+01:00
385.775635,265.220062,10,2026-09-01T16:23:44.5462656+01:00
390.582001,271.676178,10,2026-09-01T16:23:45.5539072+01:00
390.877289,273.32785,10,2026-09-01T16:23:45.6179968+01:00
378.683441,244.007889,10,2026-09-01T16:23:59.1880832+01:00
385.259003,242.416275,10,2026-09-01T16:23:59.4119424+01:00
395.592651,245.533905,10,2026-09-01T16:23:59.4600576+01:00
411.42807,242.472351,10,2026-09-01T16:23:59.4916864+01:00
429.772919,221.99823,10,2026-09-01T16:23:59.5239168+01:00
438.60788,209.994736,10,2026-09-01T16:23:59.5560832+01:00
387.406464,132.551331,10,2026-09-01T16:24:01.8603264+01:00
377.103088,137.412872,10,2026-09-01T16:24:01.8921728+01:00
366.303406,138.828583,10,2026-09-01T16:24:01.9244672+01:00
352.981262,139.323547,10,2026-09-01T16:24:01.9559552+01:00
352.42691,144.816605,10,2026-09-01T16:24:01.9880448+01:00
343.211609,151.832413,10,2026-09-01T16:24:02.0521472+01:00
344.530823,157.079086,10,2026-09-01T16:24:02.0999936+01:00
339.230408,161.560425,10,2026-09-01T16:24:02.1321344+01:00
338.828613,165.595108,10,2026-09-01T16:24:02.1639680+01:00
349.521423,164.933899,10,2026-09-01T16:24:02.1963648+01:00
351.600311,166.424759,10,2026-09-01T16:24:02.2283264+01:00
352.582611,168.213531,10,2026-09-01T16:24:02.2923264+01:00
348.054749,170.134033,10,2026-09-01T16:24:02.3241216+01:00
348.055023,174.719208,10,2026-09-01T16:24:02.4687744+01:00
344.738159,170.29863,10,2026-09-01T16:24:02.5004288+01:00
358.700104,171.344116,10,2026-09-01T16:24:02.5323520+01:00
353.598389,166.787811,10,2026-09-01T16:24:02.5641600+01:00
354.991943,163.585098,10,2026-09-01T16:24:02.6279168+01:00
358.826172,166.303467,10,2026-09-01T16:24:02.6606208+01:00
357.246307,169.045975,10,2026-09-01T16:24:02.6920448+01:00
354.962463,173.453644,10,2026-09-01T16:24:02.7239808+01:00
357.843353,180.222229,10,2026-09-01T16:24:02.7565952+01:00
362.498657,194.149872,10,2026-09-01T16:24:02.8362240+01:00
365.402649,202.178223,10,2026-09-01T16:24:02.8685440+01:00
369.484528,212.532791,10,2026-09-01T16:24:02.9000064+01:00
378.797791,227.966507,10,2026-09-01T16:24:02.9324032+01:00
378.888702,242.228622,10,2026-09-01T16:24:02.9642112+01:00
523.021729,241.945236,10,2026-09-01T16:24:07.6051584+01:00
520.07251,231.274979,10,2026-09-01T16:24:07.7170048+01:00
381.633636,273.433441,10,2026-09-01T16:24:12.7575168+01:00
377.485229,282.916656,10,2026-09-01T16:24:15.7981696+01:00
376.440674,276.361206,10,2026-09-01T16:24:15.8616576+01:00
376.947784,270.122253,10,2026-09-01T16:24:15.8940928+01:00
379.124115,264.793823,10,2026-09-01T16:24:15.9256576+01:00
378.574585,265.318359,10,2026-09-01T16:24:15.9735936+01:00
374.782074,270.655579,10,2026-09-01T16:24:16.0376576+01:00
376.073395,270.121552,10,2026-09-01T16:24:16.0697472+01:00
372.280914,277.069183,10,2026-09-01T16:24:16.1658240+01:00
379.477753,267.701416,10,2026-09-01T16:24:16.2618752+01:00
382.980774,265.912781,10,2026-09-01T16:24:16.3742592+01:00
338.644653,250.306305,10,2026-09-01T16:24:24.9827968+01:00
363.324493,174.591965,10,2026-09-01T16:24:25.1588096+01:00
365.840881,173.176895,10,2026-09-01T16:24:25.1910784+01:00
367.463684,179.803223,10,2026-09-01T16:24:25.2230144+01:00
367.386536,181.839737,10,2026-09-01T16:24:25.2549504+01:00
368.414459,186.943665,10,2026-09-01T16:24:25.3189120+01:00
367.181732,190.415527,10,2026-09-01T16:24:25.3509248+01:00
368.938171,191.529617,10,2026-09-01T16:24:25.3988480+01:00
369.958069,219.887024,10,2026-09-01T16:24:25.4307328+01:00
369.451874,196.515701,10,2026-09-01T16:24:25.4633472+01:00
372.486725,196.544556,10,2026-09-01T16:24:25.4949504+01:00
376.832458,245.565262,10,2026-09-01T16:24:25.5593216+01:00
367.159607,200.837067,10,2026-09-01T16:24:25.5908736+01:00
374.747864,210.441925,10,2026-09-01T16:24:25.6230656+01:00
379.870575,239.686279,10,2026-09-01T16:24:25.6551168+01:00
374.312653,223.870575,10,2026-09-01T16:24:25.6870272+01:00
369.880951,206.908295,10,2026-09-01T16:24:25.7668224+01:00
378.672028,245.029495,10,2026-09-01T16:24:25.7992064+01:00
375.34671,227.20343,10,2026-09-01T16:24:25.8310016+01:00
378.739502,247.612686,10,2026-09-01T16:24:25.8628736+01:00
379.46698,241.173416,10,2026-09-01T16:24:25.8951808+01:00
379.391632,242.516693,10,2026-09-01T16:24:25.9270912+01:00
378.713379,245.065933,10,2026-09-01T16:24:25.9590784+01:00
378.36087,248.137619,10,2026-09-01T16:24:26.0870016+01:00
361.021729,256.873718,10,2026-09-01T16:24:28.4714752+01:00
365.249756,249.325912,10,2026-09-01T16:24:28.5031936+01:00
371.138245,186.582352,10,2026-09-01T16:24:28.5991808+01:00
379.346893,247.535858,10,2026-09-01T16:24:28.6953600+01:00
380.440857,252.041351,10,2026-09-01T16:24:28.7272448+01:00
372.97821,204.127457,10,2026-09-01T16:24:28.7753984+01:00
376.913055,206.548172,10,2026-09-01T16:24:28.9037952+01:00
377.412964,204.891724,10,2026-09-01T16:24:28.9353856+01:00
377.32428,206.509064,10,2026-09-01T16:24:28.9674624+01:00
380.945496,253.512268,10,2026-09-01T16:24:29.0630400+01:00
379.305542,230.638885,10,2026-09-01T16:24:29.0950784+01:00
378.834412,233.617142,10,2026-09-01T16:24:29.1755008+01:00
382.615967,236.687164,10,2026-09-01T16:24:29.2713856+01:00
381.420898,253.424057,10,2026-09-01T16:24:29.6714112+01:00
381.945862,255.134827,10,2026-09-01T16:24:30.4716544+01:00
378.960785,216.853455,10,2026-09-01T16:24:31.5437696+01:00
376.552979,217.605972,10,2026-09-01T16:24:31.8155136+01:00
367.467194,226.382095,10,2026-09-01T16:24:31.9761536+01:00
361.770538,260.332336,10,2026-09-01T16:24:32.2479360+01:00
359.596497,264.961395,10,2026-09-01T16:24:32.4078080+01:00
362.148529,261.665558,10,2026-09-01T16:24:32.4402304+01:00
366.546692,261.33136,10,2026-09-01T16:24:32.5842688+01:00
363.594238,266.811493,10,2026-09-01T16:24:32.6156544+01:00
365.487579,262.746368,10,2026-09-01T16:24:32.7117568+01:00
362.19281,266.160004,10,2026-09-01T16:24:32.8717184+01:00
374.008331,210.637497,10,2026-09-01T16:24:42.2650112+01:00
373.155487,210.182709,10,2026-09-01T16:24:42.2971520+01:00
374.236725,214.772141,10,2026-09-01T16:24:42.3448832+01:00
375.741089,210.008896,10,2026-09-01T16:24:42.3769600+01:00
374.327881,210.159378,10,2026-09-01T16:24:42.4093056+01:00
375.594604,211.732376,10,2026-09-01T16:24:42.4411648+01:00
377.604279,225.361694,10,2026-09-01T16:24:42.4732928+01:00
374.750427,209.330719,10,2026-09-01T16:24:42.5050624+01:00
378.062836,221.922989,10,2026-09-01T16:24:42.5374720+01:00
372.112671,212.522339,10,2026-09-01T16:24:42.5691776+01:00
381.388733,234.987289,10,2026-09-01T16:24:42.6333696+01:00
376.170502,212.477005,10,2026-09-01T16:24:42.7134720+01:00
374.627136,216.14209,10,2026-09-01T16:24:42.8730496+01:00
379.586029,237.94838,10,2026-09-01T16:24:43.6091520+01:00
378.985291,241.322083,10,2026-09-01T16:24:43.6410496+01:00
388.35321,239.197571,10,2026-09-01T16:25:06.7639168+01:00
387.779785,240.637634,10,2026-09-01T16:25:07.3398144+01:00
388.819244,240.80661,10,2026-09-01T16:25:07.8044032+01:00
381.831146,188.561401,10,2026-09-01T16:25:08.5083264+01:00
383.482788,196.990326,10,2026-09-01T16:25:09.3403264+01:00
387.613037,242.017334,10,2026-09-01T16:25:09.3727232+01:00
387.605774,241.895203,10,2026-09-01T16:25:09.4046336+01:00
380.822235,187.430298,10,2026-09-01T16:25:09.4842240+01:00
382.630646,193.681076,10,2026-09-01T16:25:09.5801728+01:00
378.917603,182.16478,10,2026-09-01T16:25:09.7722240+01:00
382.382965,201.773697,10,2026-09-01T16:25:09.8844544+01:00
384.682983,258.457031,10,2026-09-01T16:25:09.9803008+01:00
386.493988,239.50383,10,2026-09-01T16:25:10.0764800+01:00
381.481262,188.139816,10,2026-09-01T16:25:10.4449280+01:00
387.310699,243.565842,10,2026-09-01T16:25:10.5085568+01:00
388.637543,241.516068,10,2026-09-01T16:25:10.6524800+01:00
386.652802,248.413422,10,2026-09-01T16:25:10.7805696+01:00
385.248993,205.637543,10,2026-09-01T16:25:10.9087872+01:00
386.877167,230.794312,10,2026-09-01T16:25:10.9886336+01:00
387,238.475174,10,2026-09-01T16:25:11.1165184+01:00
384.284729,201.709427,10,2026-09-01T16:25:11.2451328+01:00
386.864868,240.067978,10,2026-09-01T16:25:11.3566464+01:00
388.619598,248.884308,10,2026-09-01T16:25:11.5805952+01:00
386.460815,254.223618,10,2026-09-01T16:25:11.6130304+01:00
382.003632,193.998184,10,2026-09-01T16:25:11.6456192+01:00
381.657349,192.360535,10,2026-09-01T16:25:11.6770048+01:00
386.933929,241.697159,10,2026-09-01T16:25:11.7564928+01:00
388.484375,239.837128,10,2026-09-01T16:25:11.7884032+01:00
386.945007,256.230804,10,2026-09-01T16:25:11.8528896+01:00
386.716766,243.397995,10,2026-09-01T16:25:11.9165440+01:00
386.459198,217.203537,10,2026-09-01T16:25:11.9486080+01:00
385.76416,220.317612,10,2026-09-01T16:25:11.9810688+01:00
384.615173,213.425476,10,2026-09-01T16:25:12.0447104+01:00
381.748383,193.513718,10,2026-09-01T16:25:12.1250048+01:00
386.825073,224.219971,10,2026-09-01T16:25:12.1567232+01:00
387.795929,245.628769,10,2026-09-01T16:25:12.1886464+01:00
387.707245,254.251099,10,2026-09-01T16:25:12.3164672+01:00
386.355438,235.559082,10,2026-09-01T16:25:12.3487360+01:00
387.866669,250.498077,10,2026-09-01T16:25:12.4127616+01:00
385.588959,228.350769,10,2026-09-01T16:25:12.4609664+01:00
384.445007,203.253647,10,2026-09-01T16:25:12.5248896+01:00
385.566498,235.964691,10,2026-09-01T16:25:12.5566848+01:00
382.470398,194.856934,10,2026-09-01T16:25:12.6212352+01:00
382.299072,206.018799,10,2026-09-01T16:25:12.6527744+01:00
380.479767,249.056519,10,2026-09-01T16:25:12.6845696+01:00
378.412415,196.254242,10,2026-09-01T16:25:12.7166976+01:00
371.312653,239.684753,10,2026-09-01T16:25:12.7491968+01:00
366.944061,229.061859,10,2026-09-01T16:25:12.7809536+01:00
361.99649,241.023788,10,2026-09-01T16:25:12.8127104+01:00
365.581726,201.533905,10,2026-09-01T16:25:12.8610048+01:00
357.005829,234.477859,10,2026-09-01T16:25:12.8931072+01:00
354.162201,236.168747,10,2026-09-01T16:25:12.9250432+01:00
348.16983,244.847488,10,2026-09-01T16:25:12.9570432+01:00
345.175446,243.538376,10,2026-09-01T16:25:12.9889792+01:00
342.633575,246.386276,10,2026-09-01T16:25:13.0207616+01:00
339.804657,251.949982,10,2026-09-01T16:25:13.0531840+01:00
341.395325,251.212875,10,2026-09-01T16:25:13.0846592+01:00
340.383026,258.174835,10,2026-09-01T16:25:13.1165056+01:00
344.134308,249.33374,10,2026-09-01T16:25:13.1492480+01:00
340.158325,261.989655,10,2026-09-01T16:25:13.1810048+01:00
345.674927,257.077606,10,2026-09-01T16:25:13.2293248+01:00
350.588806,253.723175,10,2026-09-01T16:25:13.2609408+01:00
352.718842,254.351212,10,2026-09-01T16:25:13.2930176+01:00
356.751648,249.36644,10,2026-09-01T16:25:13.3250176+01:00
364.024048,188.983551,10,2026-09-01T16:25:13.3569408+01:00
363.701813,195.630585,10,2026-09-01T16:25:13.3892608+01:00
367.385651,216.156372,10,2026-09-01T16:25:13.4211712+01:00
369.480652,204.82077,10,2026-09-01T16:25:13.4528768+01:00
369.378967,221.035721,10,2026-09-01T16:25:13.4847360+01:00
372.500854,222.701828,10,2026-09-01T16:25:13.5168384+01:00
374.410004,224.760712,10,2026-09-01T16:25:13.5487616+01:00
375.276215,223.752335,10,2026-09-01T16:25:13.5971456+01:00
376.255615,230.812164,10,2026-09-01T16:25:13.6290560+01:00
376.652405,231.863022,10,2026-09-01T16:25:13.6608128+01:00
376.977997,232.548447,10,2026-09-01T16:25:13.6928256+01:00
376.221313,232.267883,10,2026-09-01T16:25:13.7247616+01:00
378.813232,229.735764,10,2026-09-01T16:25:13.7570688+01:00
377.844971,230.747025,10,2026-09-01T16:25:13.7888000+01:00
378.986572,227.343002,10,2026-09-01T16:25:13.8207360+01:00
378.064484,229.117996,10,2026-09-01T16:25:13.8527360+01:00
378.655975,229.164276,10,2026-09-01T16:25:13.8848640+01:00
379.360229,227.108047,10,2026-09-01T16:25:13.9170304+01:00
378.122559,230.775269,10,2026-09-01T16:25:13.9649152+01:00
378.204926,232.18782,10,2026-09-01T16:25:13.9972992+01:00
378.538879,229.428833,10,2026-09-01T16:25:14.0287744+01:00
378.777222,229.391815,10,2026-09-01T16:25:14.0608512+01:00
379.135101,230.24556,10,2026-09-01T16:25:14.0928384+01:00
379.167999,229.491699,10,2026-09-01T16:25:14.1251328+01:00
378.606598,229.785141,10,2026-09-01T16:25:14.1571072+01:00
378.561523,230.443909,10,2026-09-01T16:25:14.1894656+01:00
378.62973,228.659012,10,2026-09-01T16:25:14.2213248+01:00
379.88385,230.846054,10,2026-09-01T16:25:14.2527872+01:00
379.612091,232.505173,10,2026-09-01T16:25:14.2849536+01:00
379.528595,228.219208,10,2026-09-01T16:25:14.3171968+01:00
379.306702,231.110031,10,2026-09-01T16:25:14.3652480+01:00
379.405701,231.834381,10,2026-09-01T16:25:14.3968000+01:00
379.847473,230.976059,10,2026-09-01T16:25:14.4296448+01:00
379.836151,231.779404,10,2026-09-01T16:25:14.4611840+01:00
379.768951,231.521027,10,2026-09-01T16:25:14.4932992+01:00
378.947296,233.63533,10,2026-09-01T16:25:14.5254144+01:00
380.103821,233.799622,10,2026-09-01T16:25:14.5570944+01:00
380.345856,232.714828,10,2026-09-01T16:25:14.5887744+01:00
380.127991,232.758484,10,2026-09-01T16:25:14.6208384+01:00
380.123871,233.574905,10,2026-09-01T16:25:14.6528768+01:00
381.341919,229.316971,10,2026-09-01T16:25:14.6849280+01:00
381.040497,232.216888,10,2026-09-01T16:25:14.7333120+01:00
382.578003,231.494537,10,2026-09-01T16:25:14.7652096+01:00
382.530151,229.544434,10,2026-09-01T16:25:14.7970688+01:00
381.71933,230.032578,10,2026-09-01T16:25:14.8289408+01:00
380.875824,233.782074,10,2026-09-01T16:25:14.8611456+01:00
380.968689,233.792801,10,2026-09-01T16:25:14.8933888+01:00
380.843811,232.580872,10,2026-09-01T16:25:14.9251712+01:00
382.721497,233.867004,10,2026-09-01T16:25:14.9572352+01:00
382.504333,233.456131,10,2026-09-01T16:25:14.9892224+01:00
381.997772,234.183502,10,2026-09-01T16:25:15.0209280+01:00
382.585999,234.443939,10,2026-09-01T16:25:15.0530560+01:00
382,233.05127,10,2026-09-01T16:25:15.1010560+01:00
381.408112,235.04567,10,2026-09-01T16:25:15.1332224+01:00
381.392334,234.578064,10,2026-09-01T16:25:15.1650304+01:00
382.519012,235.671936,10,2026-09-01T16:25:15.1976192+01:00
382.0065,235.1483,10,2026-09-01T16:25:15.2294528+01:00
382.174896,236.483795,10,2026-09-01T16:25:15.2611200+01:00
381.884155,237.271988,10,2026-09-01T16:25:15.2932864+01:00
381.718231,237.525253,10,2026-09-01T16:25:15.3251072+01:00
382.193146,235.473694,10,2026-09-01T16:25:15.3572992+01:00
381.372009,237.293106,10,2026-09-01T16:25:15.3894016+01:00
382.911774,236.247192,10,2026-09-01T16:25:15.4208512+01:00
382.191681,237.062164,10,2026-09-01T16:25:15.4692224+01:00
382.587677,233.270279,10,2026-09-01T16:25:15.5012736+01:00
383.168457,236.46608,10,2026-09-01T16:25:15.5330176+01:00
383.007385,236.417206,10,2026-09-01T16:25:15.5650048+01:00
383.993561,234.681229,10,2026-09-01T16:25:15.5971328+01:00
382.631989,237.09729,10,2026-09-01T16:25:15.6289792+01:00
382.667816,234.920227,10,2026-09-01T16:25:15.6610432+01:00
382.047821,238.459595,10,2026-09-01T16:25:15.6929536+01:00
381.841858,237.144165,10,2026-09-01T16:25:15.7252992+01:00
381.875,238.224869,10,2026-09-01T16:25:15.7574144+01:00
382.465881,237.589127,10,2026-09-01T16:25:15.7889408+01:00
382.881531,237.372391,10,2026-09-01T16:25:15.8209664+01:00
381.989014,236.786774,10,2026-09-01T16:25:15.8691072+01:00
382.57196,238.202301,10,2026-09-01T16:25:15.9013120+01:00
382.608276,236.543182,10,2026-09-01T16:25:15.9333504+01:00
383.070129,237.244125,10,2026-09-01T16:25:15.9653376+01:00
383.248291,236.706421,10,2026-09-01T16:25:15.9971584+01:00
382.628021,236.502548,10,2026-09-01T16:25:16.0297216+01:00
383.110657,237.252625,10,2026-09-01T16:25:16.0614784+01:00
383.035339,236.130554,10,2026-09-01T16:25:16.0930560+01:00
383.77359,236.542328,10,2026-09-01T16:25:16.1253376+01:00
384.503662,234.208221,10,2026-09-01T16:25:16.1572736+01:00
383.959747,236.567352,10,2026-09-01T16:25:16.1891968+01:00
383.607635,236.666672,10,2026-09-01T16:25:16.2373376+01:00
382.554962,237.490433,10,2026-09-01T16:25:16.2695168+01:00
383.734497,237.924454,10,2026-09-01T16:25:16.3012480+01:00
382.945648,237.949814,10,2026-09-01T16:25:16.3336192+01:00
383.133667,237.447983,10,2026-09-01T16:25:16.3652864+01:00
382.395721,235.568436,10,2026-09-01T16:25:16.3972480+01:00
381.851501,236.498566,10,2026-09-01T16:25:16.4295552+01:00
381.799652,234.486984,10,2026-09-01T16:25:16.4613632+01:00
382.176849,234.45639,10,2026-09-01T16:25:16.4936960+01:00
381.677429,234.439499,10,2026-09-01T16:25:16.5254784+01:00
381.048645,234.485703,10,2026-09-01T16:25:16.5572480+01:00
381.35437,234.914474,10,2026-09-01T16:25:16.6052992+01:00
380.33316,232.299683,10,2026-09-01T16:25:16.6373120+01:00
380.242371,235.00383,10,2026-09-01T16:25:16.6694912+01:00
379.516602,234.890244,10,2026-09-01T16:25:16.7012608+01:00
378.784393,236.8862,10,2026-09-01T16:25:16.7335424+01:00
379.431152,234.191208,10,2026-09-01T16:25:16.7653632+01:00
379.032623,234.938202,10,2026-09-01T16:25:16.7974272+01:00
379.020996,235.680344,10,2026-09-01T16:25:16.8292096+01:00
379.278778,236.161072,10,2026-09-01T16:25:16.8614016+01:00
380.441772,235.230103,10,2026-09-01T16:25:16.8935168+01:00
379.510101,237.995987,10,2026-09-01T16:25:16.9256064+01:00
380.967682,233.717926,10,2026-09-01T16:25:16.9575552+01:00
380.217133,235.457581,10,2026-09-01T16:25:17.0055168+01:00
379.199341,234.865219,10,2026-09-01T16:25:17.0374272+01:00
379.825775,234.176193,10,2026-09-01T16:25:17.0697216+01:00
379.69754,237.00705,10,2026-09-01T16:25:17.1015424+01:00
379.59668,235.00885,10,2026-09-01T16:25:17.1336320+01:00
379.156097,236.268616,10,2026-09-01T16:25:17.1658752+01:00
379.099091,236.482758,10,2026-09-01T16:25:17.1972480+01:00
379.460602,234.644394,10,2026-09-01T16:25:17.2294656+01:00
379.343872,233.861145,10,2026-09-01T16:25:17.2617216+01:00
379.358032,234.791595,10,2026-09-01T16:25:17.2936448+01:00
379.751862,230.415543,10,2026-09-01T16:25:17.3255296+01:00
379.015564,235.101807,10,2026-09-01T16:25:17.3732992+01:00
378.658325,234.903519,10,2026-09-01T16:25:17.4052864+01:00
379.343597,234.091629,10,2026-09-01T16:25:17.4375680+01:00
380.008392,233.017883,10,2026-09-01T16:25:17.4700032+01:00
379.665833,231.175797,10,2026-09-01T16:25:17.5016064+01:00
378.999817,234.49205,10,2026-09-01T16:25:17.5336320+01:00
379.156799,234.890854,10,2026-09-01T16:25:17.5652096+01:00
380.520172,232.896103,10,2026-09-01T16:25:17.5971456+01:00
379.410065,234.196762,10,2026-09-01T16:25:17.6291840+01:00
379.698975,234.95697,10,2026-09-01T16:25:17.6615680+01:00
379.53476,235.083817,10,2026-09-01T16:25:17.6934016+01:00
380.051697,233.724564,10,2026-09-01T16:25:17.7414144+01:00
380.025848,232.242798,10,2026-09-01T16:25:17.7736064+01:00
378.530914,236.15654,10,2026-09-01T16:25:17.8054784+01:00
379.123596,235.57901,10,2026-09-01T16:25:17.8377344+01:00
380.08786,234.510193,10,2026-09-01T16:25:17.8697472+01:00
379.307861,234.803482,10,2026-09-01T16:25:17.9012224+01:00
380.190002,233.481598,10,2026-09-01T16:25:17.9333248+01:00
379.88208,235.742752,10,2026-09-01T16:25:17.9654144+01:00
380.674927,236.810074,10,2026-09-01T16:25:17.9976576+01:00
381.13623,234.328217,10,2026-09-01T16:25:18.0296576+01:00
380.263275,233.753479,10,2026-09-01T16:25:18.0617472+01:00
380.585388,234.537613,10,2026-09-01T16:25:18.1095680+01:00
380.359009,236.468338,10,2026-09-01T16:25:18.1415424+01:00
381.392975,235.801178,10,2026-09-01T16:25:18.1739264+01:00
380.558533,236.007492,10,2026-09-01T16:25:18.2052992+01:00
379.694916,236.448853,10,2026-09-01T16:25:18.2377728+01:00
379.981689,239.330444,10,2026-09-01T16:25:18.2699648+01:00
379.679474,237.306717,10,2026-09-01T16:25:18.3018112+01:00
379.910645,233.912888,10,2026-09-01T16:25:18.3336448+01:00
379.346771,236.144821,10,2026-09-01T16:25:18.3654144+01:00
378.929657,236.860962,10,2026-09-01T16:25:18.3976064+01:00
379.469757,235.302551,10,2026-09-01T16:25:18.4294656+01:00
377.85318,236.125656,10,2026-09-01T16:25:18.4617088+01:00
377.968933,236.474045,10,2026-09-01T16:25:18.5097856+01:00
378.116058,236.283081,10,2026-09-01T16:25:18.5415936+01:00
376.965637,236.371353,10,2026-09-01T16:25:18.5739136+01:00
376.529663,235.436615,10,2026-09-01T16:25:18.6055936+01:00
377.696411,235.677979,10,2026-09-01T16:25:18.6374400+01:00
377.023712,237.01001,10,2026-09-01T16:25:18.6694528+01:00
377.066467,235.000824,10,2026-09-01T16:25:18.7017088+01:00
377.296112,236.466141,10,2026-09-01T16:25:18.7335424+01:00
376.622467,236.277191,10,2026-09-01T16:25:18.7655552+01:00
377.92099,236.327576,10,2026-09-01T16:25:18.7975040+01:00
377.646698,236.533554,10,2026-09-01T16:25:18.8295552+01:00
377.406708,237.388794,10,2026-09-01T16:25:18.8774784+01:00
377.276917,236.355499,10,2026-09-01T16:25:18.9094784+01:00
377.021454,237.197784,10,2026-09-01T16:25:18.9414656+01:00
377.341736,237.932434,10,2026-09-01T16:25:18.9734016+01:00
377.013336,237.334091,10,2026-09-01T16:25:19.0054272+01:00
376.399719,236.04155,10,2026-09-01T16:25:19.0376192+01:00
376.696381,236.501389,10,2026-09-01T16:25:19.0698496+01:00
377.350006,236.304398,10,2026-09-01T16:25:19.1016960+01:00
377.129883,235.907578,10,2026-09-01T16:25:19.1335808+01:00
377.637695,237.988586,10,2026-09-01T16:25:19.1655680+01:00
377.725891,239.441986,10,2026-09-01T16:25:19.1977600+01:00
379.762268,238.690903,10,2026-09-01T16:25:19.2457856+01:00
379.496887,238.974213,10,2026-09-01T16:25:19.2778624+01:00
379.959564,239.356888,10,2026-09-01T16:25:19.3097088+01:00
379.857452,239.702682,10,2026-09-01T16:25:19.3416960+01:00
378.062317,240.998535,10,2026-09-01T16:25:19.3736064+01:00
377.995117,241.86026,10,2026-09-01T16:25:19.4058368+01:00
378.236145,243.186188,10,2026-09-01T16:25:19.4378112+01:00
378.166565,243.121445,10,2026-09-01T16:25:19.4698880+01:00
376.438477,244.381912,10,2026-09-01T16:25:19.5018496+01:00
376.858002,241.943314,10,2026-09-01T16:25:19.5338112+01:00
377.047821,241.094055,10,2026-09-01T16:25:19.5656832+01:00
377.026398,242.188858,10,2026-09-01T16:25:19.6136576+01:00
376.581055,241.639679,10,2026-09-01T16:25:19.6464128+01:00
377.23938,241.217377,10,2026-09-01T16:25:19.6776576+01:00
378.189972,241.025513,10,2026-09-01T16:25:19.7096192+01:00
378.654846,241.258118,10,2026-09-01T16:25:19.7416064+01:00
378.462219,243.750824,10,2026-09-01T16:25:19.7734016+01:00
378.279694,243.490433,10,2026-09-01T16:25:19.8060416+01:00
379.148926,241.431213,10,2026-09-01T16:25:19.8379264+01:00
380.080597,244.600006,10,2026-09-01T16:25:19.8699648+01:00
379.984497,242.701202,10,2026-09-01T16:25:19.9015936+01:00
380.888824,243.236206,10,2026-09-01T16:25:19.9339392+01:00
381.522034,243.505127,10,2026-09-01T16:25:19.9656960+01:00
382.059082,244.349243,10,2026-09-01T16:25:20.0136192+01:00
382.558533,243.347702,10,2026-09-01T16:25:20.0459904+01:00
383.287872,243.613251,10,2026-09-01T16:25:20.0780160+01:00
383.966034,244.293777,10,2026-09-01T16:25:20.1102464+01:00
384.200378,244.93306,10,2026-09-01T16:25:20.1416576+01:00
384.076294,244.94722,10,2026-09-01T16:25:20.1741440+01:00
383.638245,244.591141,10,2026-09-01T16:25:20.2056576+01:00
382.752136,244.642853,10,2026-09-01T16:25:20.2379136+01:00
383.987823,243.386032,10,2026-09-01T16:25:20.2699648+01:00
385.018433,241.208954,10,2026-09-01T16:25:20.3019520+01:00
384.689301,244.147537,10,2026-09-01T16:25:20.3341440+01:00
384.898834,243.619293,10,2026-09-01T16:25:20.3818752+01:00
384.52533,242.477112,10,2026-09-01T16:25:20.4138752+01:00
384.896515,244.183655,10,2026-09-01T16:25:20.4463104+01:00
383.378876,243.541595,10,2026-09-01T16:25:20.4780800+01:00
384.267426,242.61026,10,2026-09-01T16:25:20.5100544+01:00
383.629547,244.67308,10,2026-09-01T16:25:20.5418624+01:00
383.846649,243.143875,10,2026-09-01T16:25:20.5737856+01:00
383.212524,242.443665,10,2026-09-01T16:25:20.6062592+01:00
383.996094,243.004166,10,2026-09-01T16:25:20.6381568+01:00
384.138123,243.075363,10,2026-09-01T16:25:20.6698112+01:00
384.92569,244.229721,10,2026-09-01T16:25:20.7021568+01:00
384.835175,244.320068,10,2026-09-01T16:25:20.7497856+01:00
386.185425,245.143387,10,2026-09-01T16:25:20.7824512+01:00
389.031097,243.079865,10,2026-09-01T16:25:20.8139264+01:00
390.253723,238.41478,10,2026-09-01T16:25:20.8460800+01:00
389.841034,241.614471,10,2026-09-01T16:25:20.8777728+01:00
389.459442,238.979065,10,2026-09-01T16:25:20.9103872+01:00
389.364868,242.153259,10,2026-09-01T16:25:20.9418496+01:00
387.649841,238.734894,10,2026-09-01T16:25:20.9742720+01:00
387.769287,240.174301,10,2026-09-01T16:25:21.0062592+01:00
387.548065,239.007843,10,2026-09-01T16:25:21.0381824+01:00
387.453522,241.662308,10,2026-09-01T16:25:21.0701824+01:00
387.958954,239.305344,10,2026-09-01T16:25:21.1022336+01:00
387.711365,240.470367,10,2026-09-01T16:25:21.1500928+01:00
388.605408,238.139771,10,2026-09-01T16:25:21.1817472+01:00
387.636078,239.593521,10,2026-09-01T16:25:21.2141056+01:00
388.655518,234.849869,10,2026-09-01T16:25:21.2459648+01:00
387.59967,237.555817,10,2026-09-01T16:25:21.2782336+01:00
387.471313,235.970078,10,2026-09-01T16:25:21.3098368+01:00
388.405426,235.666885,10,2026-09-01T16:25:21.3421952+01:00
387.874146,238.434235,10,2026-09-01T16:25:21.3740544+01:00
387.279419,238.306229,10,2026-09-01T16:25:21.4058752+01:00
387.043976,236.959259,10,2026-09-01T16:25:21.4377344+01:00
386.393616,240.332687,10,2026-09-01T16:25:21.4696832+01:00
386.277832,238.455948,10,2026-09-01T16:25:21.5180800+01:00
385.928009,237.101532,10,2026-09-01T16:25:21.5497472+01:00
385.663177,236.781448,10,2026-09-01T16:25:21.5817088+01:00
385.489594,238.098877,10,2026-09-01T16:25:21.6143616+01:00
386.400452,235.423019,10,2026-09-01T16:25:21.6460288+01:00
386.764191,238.543732,10,2026-09-01T16:25:21.6780288+01:00
387.568115,237.035812,10,2026-09-01T16:25:21.7103232+01:00
387.813538,236.658081,10,2026-09-01T16:25:21.7419904+01:00
388.417114,237.327911,10,2026-09-01T16:25:21.7742848+01:00
387.512665,237.167755,10,2026-09-01T16:25:21.8057088+01:00
387.038788,237.393188,10,2026-09-01T16:25:21.8381056+01:00
386.591736,236.909439,10,2026-09-01T16:25:21.8862080+01:00
386.915131,238.171432,10,2026-09-01T16:25:21.9186432+01:00
386.901825,235.969543,10,2026-09-01T16:25:21.9499392+01:00
385.724487,236.764832,10,2026-09-01T16:25:21.9819904+01:00
386.170563,240.564774,10,2026-09-01T16:25:22.0148224+01:00
385.909271,238.337051,10,2026-09-01T16:25:22.0462720+01:00
385.226654,239.255295,10,2026-09-01T16:25:22.0778624+01:00
384.84021,237.776917,10,2026-09-01T16:25:22.1100160+01:00
384.625702,238.917068,10,2026-09-01T16:25:22.1421568+01:00
384.511536,238.293716,10,2026-09-01T16:25:22.1739776+01:00
385.118347,240.332382,10,2026-09-01T16:25:22.2063232+01:00
385.83902,238.941559,10,2026-09-01T16:25:22.2543104+01:00
386.328186,238.602325,10,2026-09-01T16:25:22.2861056+01:00
386.012115,240.136353,10,2026-09-01T16:25:22.3181312+01:00
385.596252,240.980072,10,2026-09-01T16:25:22.3501312+01:00
386.029999,241.142227,10,2026-09-01T16:25:22.3823616+01:00
386.786774,241.940521,10,2026-09-01T16:25:22.4143360+01:00
386.330444,239.547424,10,2026-09-01T16:25:22.4460928+01:00
387.308594,240.943649,10,2026-09-01T16:25:22.4782080+01:00
387.242218,241.498413,10,2026-09-01T16:25:22.5099392+01:00
386.948486,241.194717,10,2026-09-01T16:25:22.5419264+01:00
387.197998,241.357361,10,2026-09-01T16:25:22.5741568+01:00
388.738464,241.218781,10,2026-09-01T16:25:22.6061184+01:00
387.501709,240.141068,10,2026-09-01T16:25:22.6545792+01:00
388.81134,241.306168,10,2026-09-01T16:25:22.6863744+01:00
388.176788,239.415573,10,2026-09-01T16:25:22.7182592+01:00
388.784637,242.272751,10,2026-09-01T16:25:22.7503360+01:00
388.674194,243.207428,10,2026-09-01T16:25:22.7821312+01:00
388.704987,242.77887,10,2026-09-01T16:25:22.8143360+01:00
389.125732,242.587372,10,2026-09-01T16:25:22.8459392+01:00
389.023315,242.01004,10,2026-09-01T16:25:22.8781440+01:00
389.917755,238.447693,10,2026-09-01T16:25:22.9106176+01:00
390.554474,242.785965,10,2026-09-01T16:25:22.9424768+01:00
390.11142,240.296036,10,2026-09-01T16:25:22.9745152+01:00
390.313873,242.811066,10,2026-09-01T16:25:23.0225536+01:00
390.120697,241.593704,10,2026-09-01T16:25:23.0543232+01:00
390.508667,241.581696,10,2026-09-01T16:25:23.0862080+01:00
390.068451,244.726761,10,2026-09-01T16:25:23.1180416+01:00
390.916595,240.1353,10,2026-09-01T16:25:23.1502592+01:00
391.113708,242.858231,10,2026-09-01T16:25:23.1823104+01:00
390.83075,239.498383,10,2026-09-01T16:25:23.2142336+01:00
390.109772,240.390823,10,2026-09-01T16:25:23.2467584+01:00
390.669617,241.729843,10,2026-09-01T16:25:23.2785280+01:00
390.775116,242.682922,10,2026-09-01T16:25:23.3102336+01:00
391.36438,240.838501,10,2026-09-01T16:25:23.3424768+01:00
391.459015,242.976501,10,2026-09-01T16:25:23.3905152+01:00
391.311432,242.951492,10,2026-09-01T16:25:23.4225536+01:00
391.066803,243.891159,10,2026-09-01T16:25:23.4546176+01:00
390.299469,244.09346,10,2026-09-01T16:25:23.4861440+01:00
390.1026,242.571884,10,2026-09-01T16:25:23.5182592+01:00
391.078217,242.486069,10,2026-09-01T16:25:23.5505152+01:00
391.115997,242.907578,10,2026-09-01T16:25:23.5821952+01:00
390.629211,242.084244,10,2026-09-01T16:25:23.6142464+01:00
392.219208,241.16983,10,2026-09-01T16:25:23.6462592+01:00
391.299561,244.315018,10,2026-09-01T16:25:23.6783488+01:00
390.918396,244.137238,10,2026-09-01T16:25:23.7107328+01:00
391.56778,242.840485,10,2026-09-01T16:25:23.7582336+01:00
391.73465,241.959702,10,2026-09-01T16:25:23.7904640+01:00
391.337036,242.094437,10,2026-09-01T16:25:23.8228608+01:00
391.402618,243.091675,10,2026-09-01T16:25:23.8542464+01:00
392.311584,242.182465,10,2026-09-01T16:25:23.8865280+01:00
391.976288,243.034882,10,2026-09-01T16:25:23.9184384+01:00
391.697235,242.681396,10,2026-09-01T16:25:23.9504256+01:00
392.252045,242.389206,10,2026-09-01T16:25:23.9821312+01:00
390.811279,242.815491,10,2026-09-01T16:25:24.0146304+01:00
392.288269,241.795532,10,2026-09-01T16:25:24.0462720+01:00
392.564575,242.669708,10,2026-09-01T16:25:24.0784896+01:00
392.368195,243.018417,10,2026-09-01T16:25:24.1106944+01:00
392.366608,242.730301,10,2026-09-01T16:25:24.1583616+01:00
392.185883,241.319397,10,2026-09-01T16:25:24.1904128+01:00
392.04184,244.293793,10,2026-09-01T16:25:24.2223616+01:00
391.982788,243.477966,10,2026-09-01T16:25:24.2542336+01:00
391.703705,243.746277,10,2026-09-01T16:25:24.2861568+01:00
392.628479,243.869629,10,2026-09-01T16:25:24.3184768+01:00
392.268097,243.95488,10,2026-09-01T16:25:24.3501696+01:00
393.070343,242.606796,10,2026-09-01T16:25:24.3823104+01:00
392.001709,242.938126,10,2026-09-01T16:25:24.4145152+01:00
392.792633,243.148636,10,2026-09-01T16:25:24.4463104+01:00
391.993988,245.220276,10,2026-09-01T16:25:24.4783872+01:00
392.5401,244.236511,10,2026-09-01T16:25:24.5263616+01:00
391.793823,245.239807,10,2026-09-01T16:25:24.5583744+01:00
391.715057,243.650574,10,2026-09-01T16:25:24.5905664+01:00
391.874146,244.023041,10,2026-09-01T16:25:24.6225536+01:00
392.618835,244.557068,10,2026-09-01T16:25:24.6548224+01:00
391.987366,243.862305,10,2026-09-01T16:25:24.6868224+01:00
392.20932,244.094421,10,2026-09-01T16:25:24.7186688+01:00
392.549072,245.654648,10,2026-09-01T16:25:24.7504768+01:00
391.848846,243.797638,10,2026-09-01T16:25:24.7834880+01:00
390.702789,243.436203,10,2026-09-01T16:25:24.8143872+01:00
389.376953,241.367783,10,2026-09-01T16:25:24.8462976+01:00
391.311432,238.024063,10,2026-09-01T16:25:24.8944768+01:00
388.451843,272.05835,10,2026-09-01T16:25:24.9263616+01:00
383.676178,255.988022,10,2026-09-01T16:25:24.9585536+01:00
374.988159,246.687241,10,2026-09-01T16:25:24.9906560+01:00
367.108643,234.774902,10,2026-09-01T16:25:25.0227456+01:00
359.432495,229.536301,10,2026-09-01T16:25:25.0544640+01:00
351.545532,226.665939,10,2026-09-01T16:25:25.0866304+01:00
350.102844,228.642731,10,2026-09-01T16:25:25.1182720+01:00
351.074219,203.195984,10,2026-09-01T16:25:25.1502848+01:00
361.212128,227.699142,10,2026-09-01T16:25:25.1822208+01:00
367.288666,235.468414,10,2026-09-01T16:25:25.2142848+01:00
374.870117,237.082672,10,2026-09-01T16:25:25.2464000+01:00
381.097351,237.650604,10,2026-09-01T16:25:25.2942080+01:00
384.446411,235.347061,10,2026-09-01T16:25:25.3267840+01:00
387.236725,236.899307,10,2026-09-01T16:25:25.3587456+01:00
388.322723,229.960815,10,2026-09-01T16:25:25.3904256+01:00
389.715607,232.612976,10,2026-09-01T16:25:25.4223872+01:00
389.389526,237.842224,10,2026-09-01T16:25:25.4543744+01:00
388.259247,236.493851,10,2026-09-01T16:25:25.4866688+01:00
387.122437,232.189117,10,2026-09-01T16:25:25.5183744+01:00
386.358704,236.092163,10,2026-09-01T16:25:25.5502592+01:00
384.695526,237.250336,10,2026-09-01T16:25:25.5822592+01:00
370.02002,232.889145,10,2026-09-01T16:25:25.6144000+01:00
385.310333,237.173492,10,2026-09-01T16:25:25.6622976+01:00
383.358643,237.751846,10,2026-09-01T16:25:25.6946560+01:00
369.164368,235.356186,10,2026-09-01T16:25:25.7267456+01:00
382.275116,242.965927,10,2026-09-01T16:25:25.7587712+01:00
381.007843,242.229263,10,2026-09-01T16:25:25.7902336+01:00
381.813782,237.416519,10,2026-09-01T16:25:25.8228480+01:00
382.014893,237.768356,10,2026-09-01T16:25:25.8546688+01:00
381.686035,238.932617,10,2026-09-01T16:25:25.8865664+01:00
378.76416,231.026398,10,2026-09-01T16:25:25.9183872+01:00
377.989258,245.817261,10,2026-09-01T16:25:25.9507072+01:00
379.35675,233.169739,10,2026-09-01T16:25:25.9824768+01:00
380.708221,235.715576,10,2026-09-01T16:25:26.0308352+01:00
379.845551,234.590057,10,2026-09-01T16:25:26.0626560+01:00
380.667267,239.145157,10,2026-09-01T16:25:26.0952960+01:00
377.714386,230.003632,10,2026-09-01T16:25:26.1264384+01:00
377.058655,236.765274,10,2026-09-01T16:25:26.1584000+01:00
379.147644,235.810104,10,2026-09-01T16:25:26.1904384+01:00
375.827667,234.648834,10,2026-09-01T16:25:26.2226304+01:00
376.564392,246.012192,10,2026-09-01T16:25:26.2547456+01:00
378.233215,241.063812,10,2026-09-01T16:25:26.2865408+01:00
376.297974,223.514832,10,2026-09-01T16:25:26.3185024+01:00
376.519836,240.870712,10,2026-09-01T16:25:26.3505664+01:00
375.67157,245.251999,10,2026-09-01T16:25:26.3983744+01:00
375.780457,247.237991,10,2026-09-01T16:25:26.4305536+01:00
375.805298,239.4599,10,2026-09-01T16:25:26.4627584+01:00
376.993011,219.3284,10,2026-09-01T16:25:26.4948480+01:00
377.859222,235.429169,10,2026-09-01T16:25:26.5268480+01:00
376.520599,238.51741,10,2026-09-01T16:25:26.5585280+01:00
374.437866,246.665085,10,2026-09-01T16:25:26.5907968+01:00
373.807007,228.823608,10,2026-09-01T16:25:26.6227200+01:00
376.430359,234.180008,10,2026-09-01T16:25:26.6544512+01:00
375.173248,242.777802,10,2026-09-01T16:25:26.6863616+01:00
375.231537,246.268433,10,2026-09-01T16:25:26.7184768+01:00
376.402649,235.464417,10,2026-09-01T16:25:26.7506176+01:00
373.243317,232.893631,10,2026-09-01T16:25:26.7985408+01:00
376.722351,240.497086,10,2026-09-01T16:25:26.8309888+01:00
374.350464,237.378799,10,2026-09-01T16:25:26.8627840+01:00
374.280273,242.970474,10,2026-09-01T16:25:26.8948736+01:00
373.995667,244.958954,10,2026-09-01T16:25:26.9265280+01:00
373.397369,242.235352,10,2026-09-01T16:25:26.9588096+01:00
374.280029,242.630875,10,2026-09-01T16:25:26.9906048+01:00
374.201874,245.620605,10,2026-09-01T16:25:27.0228608+01:00
373.621887,237.04512,10,2026-09-01T16:25:27.0548352+01:00
373.171326,247.271118,10,2026-09-01T16:25:27.0867712+01:00
373.168793,235.595764,10,2026-09-01T16:25:27.1185792+01:00
370.704468,235.194763,10,2026-09-01T16:25:27.1665536+01:00
372.142395,246.982498,10,2026-09-01T16:25:27.1992192+01:00
371.982483,245.308655,10,2026-09-01T16:25:27.2308480+01:00
375.674805,237.478592,10,2026-09-01T16:25:27.2629504+01:00
374.757233,243.516144,10,2026-09-01T16:25:27.2950528+01:00
375.809082,231.184998,10,2026-09-01T16:25:27.3268608+01:00
375.808594,232.312469,10,2026-09-01T16:25:27.3588224+01:00
372.095245,243.402451,10,2026-09-01T16:25:27.3906432+01:00
374.848389,230.027023,10,2026-09-01T16:25:27.4226176+01:00
375.585571,218.915253,10,2026-09-01T16:25:27.4546816+01:00
377.030579,226.345428,10,2026-09-01T16:25:27.4873344+01:00
376.161896,206.989166,10,2026-09-01T16:25:27.5350784+01:00
379.513184,215.909607,10,2026-09-01T16:25:27.5666816+01:00
372.728363,195.540863,10,2026-09-01T16:25:27.5991040+01:00
380.193695,214.051361,10,2026-09-01T16:25:27.6309760+01:00
392.23175,256.889862,10,2026-09-01T16:25:27.6630528+01:00
382.445862,237.919388,10,2026-09-01T16:25:27.6946048+01:00
371.686371,188.357117,10,2026-09-01T16:25:27.7266048+01:00
379.60199,219.464844,10,2026-09-01T16:25:27.7592064+01:00
372.145172,183.263214,10,2026-09-01T16:25:27.7912448+01:00
372.673615,183.355438,10,2026-09-01T16:25:27.8229632+01:00
374.591858,187.483337,10,2026-09-01T16:25:27.8545664+01:00
372.561951,195.641693,10,2026-09-01T16:25:27.9027328+01:00
386.423889,271.513397,10,2026-09-01T16:25:27.9346560+01:00
374.859222,175.830475,10,2026-09-01T16:25:27.9668480+01:00
386.33609,226.66188,10,2026-09-01T16:25:27.9991936+01:00
387.043579,240.825439,10,2026-09-01T16:25:28.0308480+01:00
389.441559,251.217667,10,2026-09-01T16:25:28.0632064+01:00
398.327637,244.057266,10,2026-09-01T16:25:28.0952320+01:00
397.620026,211.270569,10,2026-09-01T16:25:28.1271296+01:00
412.694672,220.834091,10,2026-09-01T16:25:28.1588096+01:00
415.670074,221.253525,10,2026-09-01T16:25:28.1909504+01:00
419.795532,236.69252,10,2026-09-01T16:25:28.2229248+01:00
418.240753,244.249924,10,2026-09-01T16:25:28.2547712+01:00
416.722595,250.932816,10,2026-09-01T16:25:28.3032192+01:00
413.993164,251.024368,10,2026-09-01T16:25:28.3349760+01:00
412.375824,241.607574,10,2026-09-01T16:25:28.3668224+01:00
414.18924,255.304184,10,2026-09-01T16:25:28.3987584+01:00
412.292053,253.012238,10,2026-09-01T16:25:28.4310144+01:00
413.996643,255.158096,10,2026-09-01T16:25:28.4627584+01:00
410.845551,251.488754,10,2026-09-01T16:25:28.4950656+01:00
408.42923,247.152313,10,2026-09-01T16:25:28.5275392+01:00
412.765198,260.0383,10,2026-09-01T16:25:28.5592448+01:00
401.974274,220.144516,10,2026-09-01T16:25:28.5910272+01:00
409.329529,258.294769,10,2026-09-01T16:25:28.6229632+01:00
387.906433,169.71846,10,2026-09-01T16:25:28.6711296+01:00
412.053711,261.781921,10,2026-09-01T16:25:28.7027072+01:00
406.273163,244.481079,10,2026-09-01T16:25:28.7347712+01:00
408.263153,262.899841,10,2026-09-01T16:25:28.7672832+01:00
400.956268,227.623184,10,2026-09-01T16:25:28.7990656+01:00
401.586487,225.005081,10,2026-09-01T16:25:28.8309376+01:00
401.568481,218.543457,10,2026-09-01T16:25:28.8628992+01:00
404.662079,234.310349,10,2026-09-01T16:25:28.8950272+01:00
407.384521,254.72879,10,2026-09-01T16:25:28.9271040+01:00
407.134796,247.407761,10,2026-09-01T16:25:28.9587328+01:00
398.126556,207.607025,10,2026-09-01T16:25:28.9911296+01:00
404.300812,220.759659,10,2026-09-01T16:25:29.0387840+01:00
402.848999,226.012436,10,2026-09-01T16:25:29.0712448+01:00
410.038879,266.21405,10,2026-09-01T16:25:29.1027072+01:00
405.547577,254.301483,10,2026-09-01T16:25:29.1348736+01:00
400.575867,215.600815,10,2026-09-01T16:25:29.1870720+01:00
405.310791,248.30455,10,2026-09-01T16:25:29.1987584+01:00
399.252655,211.587738,10,2026-09-01T16:25:29.2309632+01:00
407.321472,249.321075,10,2026-09-01T16:25:29.2630144+01:00
396.930206,201.383133,10,2026-09-01T16:25:29.2953984+01:00
406.869263,262.467224,10,2026-09-01T16:25:29.3274880+01:00
407.360321,260.489197,10,2026-09-01T16:25:29.3591680+01:00
399.139618,203.0327,10,2026-09-01T16:25:29.3907456+01:00
408.572205,261.121399,10,2026-09-01T16:25:29.4391680+01:00
406.887848,246.749619,10,2026-09-01T16:25:29.4710144+01:00
406.031769,251.632385,10,2026-09-01T16:25:29.5029120+01:00
406.127045,242.769806,10,2026-09-01T16:25:29.5351040+01:00
408,263.643555,10,2026-09-01T16:25:29.5670912+01:00
409.478912,266.25119,10,2026-09-01T16:25:29.5995648+01:00
409.610992,263.942993,10,2026-09-01T16:25:29.6311936+01:00
401.294861,223.40239,10,2026-09-01T16:25:29.6632064+01:00
401.105286,221.895523,10,2026-09-01T16:25:29.6950272+01:00
399.388397,219.186356,10,2026-09-01T16:25:29.7272192+01:00
406.198669,243.859482,10,2026-09-01T16:25:29.7588352+01:00
406.911407,249.595169,10,2026-09-01T16:25:29.8073472+01:00
404.730896,239.572006,10,2026-09-01T16:25:29.8390144+01:00
404.188751,239.632172,10,2026-09-01T16:25:29.8712832+01:00
406.403412,266.695435,10,2026-09-01T16:25:29.9031552+01:00
407.309052,264.66629,10,2026-09-01T16:25:29.9350912+01:00
407.429596,257.296967,10,2026-09-01T16:25:29.9674496+01:00
400.44223,222.476013,10,2026-09-01T16:25:29.9992448+01:00
404.862457,263.661804,10,2026-09-01T16:25:30.0313728+01:00
392.285431,187.007217,10,2026-09-01T16:25:30.0629760+01:00
405.793274,242.999496,10,2026-09-01T16:25:30.0952192+01:00
407.341278,251.755539,10,2026-09-01T16:25:30.1272832+01:00
407.404083,262.574036,10,2026-09-01T16:25:30.1755648+01:00
403.773651,236.783264,10,2026-09-01T16:25:30.2072832+01:00
402.433441,234.491196,10,2026-09-01T16:25:30.2393088+01:00
407.316528,250.034103,10,2026-09-01T16:25:30.2710528+01:00
399.376709,225.9552,10,2026-09-01T16:25:30.3036032+01:00
407.057556,270.115082,10,2026-09-01T16:25:30.3356928+01:00
404.221222,247.09935,10,2026-09-01T16:25:30.3671552+01:00
400.98938,227.889145,10,2026-09-01T16:25:30.3992320+01:00
405.092255,247.136047,10,2026-09-01T16:25:30.4313600+01:00
403.826355,245.254868,10,2026-09-01T16:25:30.4631936+01:00
404.83371,253.400833,10,2026-09-01T16:25:30.4953472+01:00
397.685486,217.314514,10,2026-09-01T16:25:30.5430272+01:00
399.437988,221.690002,10,2026-09-01T16:25:30.5750272+01:00
402.34317,228.938797,10,2026-09-01T16:25:30.6075136+01:00
405.337402,244.180084,10,2026-09-01T16:25:30.6393344+01:00
405.621155,249.071198,10,2026-09-01T16:25:30.6709888+01:00
407.073242,255.487244,10,2026-09-01T16:25:30.7031168+01:00
403.691254,244.224579,10,2026-09-01T16:25:30.7351552+01:00
400.899261,227.445633,10,2026-09-01T16:25:30.7674752+01:00
402.733704,234.253265,10,2026-09-01T16:25:30.7991424+01:00
406.147736,257.54718,10,2026-09-01T16:25:30.8311296+01:00
403.15506,235.918961,10,2026-09-01T16:25:30.8630912+01:00
404.594055,249.478043,10,2026-09-01T16:25:30.9112704+01:00
402.533508,232.361191,10,2026-09-01T16:25:30.9430656+01:00
405.085083,251.789581,10,2026-09-01T16:25:30.9752832+01:00
405.235016,251.431107,10,2026-09-01T16:25:31.0072960+01:00
403.127319,241.471954,10,2026-09-01T16:25:31.0388992+01:00
404.229858,241.631485,10,2026-09-01T16:25:31.0712832+01:00
406.218445,267.024048,10,2026-09-01T16:25:31.1031808+01:00
404.036163,247.987076,10,2026-09-01T16:25:31.1356544+01:00
384.443634,169.367081,10,2026-09-01T16:25:31.1670784+01:00
407.323334,263.492798,10,2026-09-01T16:25:31.1990528+01:00
403.728424,245.590927,10,2026-09-01T16:25:31.2312576+01:00
404.298492,249.314957,10,2026-09-01T16:25:31.2791808+01:00
406.460693,254.538467,10,2026-09-01T16:25:31.3113984+01:00
397.296661,216.41217,10,2026-09-01T16:25:31.3434112+01:00
403.84552,241.13942,10,2026-09-01T16:25:31.3757312+01:00
389.552277,179.801971,10,2026-09-01T16:25:31.4073984+01:00
405.486298,248.593964,10,2026-09-01T16:25:31.4390784+01:00
406.316223,252.004929,10,2026-09-01T16:25:31.4710528+01:00
405.600891,254.848145,10,2026-09-01T16:25:31.5031424+01:00
403.036682,245.381165,10,2026-09-01T16:25:31.5353344+01:00
403.888367,251.963303,10,2026-09-01T16:25:31.5671168+01:00
403.707672,250.339676,10,2026-09-01T16:25:31.5995776+01:00
403.543976,253.369446,10,2026-09-01T16:25:31.6316928+01:00
406.28894,270.694336,10,2026-09-01T16:25:31.6791424+01:00
403.798737,243.662216,10,2026-09-01T16:25:31.7110656+01:00
403.723663,253.011597,10,2026-09-01T16:25:31.7430272+01:00
402.38028,255.032578,10,2026-09-01T16:25:31.7752832+01:00
401.916992,250.363846,10,2026-09-01T16:25:31.8070912+01:00
396.167969,222.17424,10,2026-09-01T16:25:31.8393344+01:00
403.672699,256.09549,10,2026-09-01T16:25:31.8713856+01:00
405.523987,259.93811,10,2026-09-01T16:25:31.9036800+01:00
406.311646,265.918213,10,2026-09-01T16:25:31.9354368+01:00
405.475647,257.740051,10,2026-09-01T16:25:31.9672832+01:00
402.294556,235.749832,10,2026-09-01T16:25:31.9992960+01:00
405.852203,254.391922,10,2026-09-01T16:25:32.0472064+01:00
406.641998,258.414276,10,2026-09-01T16:25:32.0794496+01:00
409.780396,260.197693,10,2026-09-01T16:25:32.1111680+01:00
396.469727,208.884949,10,2026-09-01T16:25:32.1432576+01:00
405.330872,255.486618,10,2026-09-01T16:25:32.1753472+01:00
392.053314,188.317886,10,2026-09-01T16:25:32.2073216+01:00
405.507874,258.322723,10,2026-09-01T16:25:32.2391680+01:00
408.197144,260.269714,10,2026-09-01T16:25:32.2713088+01:00
404.53949,259.467346,10,2026-09-01T16:25:32.3034880+01:00
404.456024,252.334579,10,2026-09-01T16:25:32.3352320+01:00
402.30423,249.462463,10,2026-09-01T16:25:32.3672064+01:00
405.320099,263.315125,10,2026-09-01T16:25:32.4155264+01:00
404.247498,257.611603,10,2026-09-01T16:25:32.4475264+01:00
403.172241,252.865387,10,2026-09-01T16:25:32.4790528+01:00
392.749695,195.277878,10,2026-09-01T16:25:32.5114880+01:00
403.438629,263.7099,10,2026-09-01T16:25:32.5432576+01:00
402.874542,254.0625,10,2026-09-01T16:25:32.5754496+01:00
401.826965,257.566986,10,2026-09-01T16:25:32.6075648+01:00
402.981537,270.535583,10,2026-09-01T16:25:32.6394880+01:00
399.263519,237.374619,10,2026-09-01T16:25:32.6713856+01:00
400.625153,241.666901,10,2026-09-01T16:25:32.7035264+01:00
399.277771,243.540665,10,2026-09-01T16:25:32.7355264+01:00
402.128021,256.60437,10,2026-09-01T16:25:32.7837568+01:00
399.893127,259.902893,10,2026-09-01T16:25:32.8157056+01:00
400.739441,254.481812,10,2026-09-01T16:25:32.8476032+01:00
398.712158,239.104752,10,2026-09-01T16:25:32.8798464+01:00
399.760376,232.845276,10,2026-09-01T16:25:32.9115520+01:00
384.938293,180.911087,10,2026-09-01T16:25:32.9432832+01:00
396.52182,247.580887,10,2026-09-01T16:25:32.9755776+01:00
398.45993,256.366425,10,2026-09-01T16:25:33.0078336+01:00
388.978577,208.896957,10,2026-09-01T16:25:33.0392960+01:00
393.049591,245.95343,10,2026-09-01T16:25:33.0715648+01:00
387.644714,257.476349,10,2026-09-01T16:25:33.1035136+01:00
372.281769,201.631439,10,2026-09-01T16:25:33.1357312+01:00
359.968719,216.257401,10,2026-09-01T16:25:33.1835136+01:00
353.188141,218.091522,10,2026-09-01T16:25:33.2155136+01:00
343.954559,238.912354,10,2026-09-01T16:25:33.2475904+01:00
334.777283,238.828278,10,2026-09-01T16:25:33.2796032+01:00
355.65448,177.928864,10,2026-09-01T16:25:33.3110912+01:00
364.966217,243.914734,10,2026-09-01T16:25:33.5516160+01:00
368.742188,222.514114,10,2026-09-01T16:25:33.5831936+01:00
376.426422,211.116013,10,2026-09-01T16:25:33.6153344+01:00
333.58667,204.215134,10,2026-09-01T16:25:33.6478336+01:00
349.691254,246.27565,10,2026-09-01T16:25:33.6797184+01:00
374.632263,202.570663,10,2026-09-01T16:25:33.7115904+01:00
390.142151,200.523911,10,2026-09-01T16:25:33.7436160+01:00
404.357208,202.860733,10,2026-09-01T16:25:33.7752704+01:00
407.333344,206.416916,10,2026-09-01T16:25:33.8073984+01:00
403.556702,206.368912,10,2026-09-01T16:25:33.8395136+01:00
395.542175,206.484894,10,2026-09-01T16:25:33.8713472+01:00
385.452209,212.005981,10,2026-09-01T16:25:33.9197952+01:00
377.506744,215.43364,10,2026-09-01T16:25:33.9514240+01:00
373.232178,214.502121,10,2026-09-01T16:25:33.9836800+01:00
374.104095,217.038818,10,2026-09-01T16:25:34.0154368+01:00
372.456818,213.330582,10,2026-09-01T16:25:34.0473088+01:00
372.938171,215.957047,10,2026-09-01T16:25:34.0795648+01:00
377.807129,215.388611,10,2026-09-01T16:25:34.1113984+01:00
381.474396,214.975586,10,2026-09-01T16:25:34.1434752+01:00
386.470551,210.534164,10,2026-09-01T16:25:34.1756800+01:00
391.153107,203.273697,10,2026-09-01T16:25:34.2073600+01:00
398.174347,207.526581,10,2026-09-01T16:25:34.2397824+01:00
402.631897,208.084641,10,2026-09-01T16:25:34.2873088+01:00
408.12146,212.871994,10,2026-09-01T16:25:34.3194624+01:00
415.287109,213.65361,10,2026-09-01T16:25:34.3515136+01:00
422.08374,215.36293,10,2026-09-01T16:25:34.3834752+01:00
426.629211,208.534378,10,2026-09-01T16:25:34.4156544+01:00
432.802094,202.368118,10,2026-09-01T16:25:34.4475264+01:00
432.896759,194.538696,10,2026-09-01T16:25:34.4796416+01:00
434.725128,195.55632,10,2026-09-01T16:25:34.5117056+01:00
432.704468,196.240219,10,2026-09-01T16:25:34.5435392+01:00
429.939545,195.505478,10,2026-09-01T16:25:34.5755008+01:00
435.231232,199.900162,10,2026-09-01T16:25:34.6075392+01:00
437.167847,205.381668,10,2026-09-01T16:25:34.6398976+01:00
432.295349,205.658844,10,2026-09-01T16:25:34.6880128+01:00
434.774017,209.272598,10,2026-09-01T16:25:34.7199872+01:00
435.477478,210.443817,10,2026-09-01T16:25:34.7519488+01:00
436.645752,210.823929,10,2026-09-01T16:25:34.7837440+01:00
437.439697,208.763718,10,2026-09-01T16:25:34.8158208+01:00
434.760803,214.385361,10,2026-09-01T16:25:34.8480384+01:00
428.914734,215.266678,10,2026-09-01T16:25:34.8801536+01:00
420.527283,221.379318,10,2026-09-01T16:25:34.9118080+01:00
415.571808,221.405075,10,2026-09-01T16:25:34.9438592+01:00
392.475037,228.080231,10,2026-09-01T16:25:34.9759232+01:00
369.979828,227.664429,10,2026-09-01T16:25:35.0078592+01:00
360.832489,203.778748,10,2026-09-01T16:25:35.0559488+01:00
356.624878,215.628235,10,2026-09-01T16:25:35.0880128+01:00
369.102356,214.19162,10,2026-09-01T16:25:35.1200256+01:00
359.525513,223.651993,10,2026-09-01T16:25:35.1515648+01:00
347.658234,241.933899,10,2026-09-01T16:25:35.1838336+01:00
362.420746,260.651855,10,2026-09-01T16:25:35.2156032+01:00
376.507874,255.716125,10,2026-09-01T16:25:35.2481536+01:00
397.135132,254.643204,10,2026-09-01T16:25:35.2798848+01:00
422.214569,236.851883,10,2026-09-01T16:25:35.3120128+01:00
446.693054,207.403091,10,2026-09-01T16:25:35.3436032+01:00
469.880035,224.917023,10,2026-09-01T16:25:35.3757440+01:00
438.639557,137.845352,10,2026-09-01T16:25:35.4240000+01:00
474.184875,233.896439,10,2026-09-01T16:25:35.4559488+01:00
468.778748,232.784546,10,2026-09-01T16:25:35.4880768+01:00
461.389648,268.975464,10,2026-09-01T16:25:35.5202688+01:00
445.426056,167.332199,10,2026-09-01T16:25:35.7121536+01:00
454.25061,268.260132,10,2026-09-01T16:25:35.7439488+01:00
452.599152,265.622711,10,2026-09-01T16:25:35.8240256+01:00
447.133209,184.63353,10,2026-09-01T16:25:35.8558464+01:00
446.199249,261.459869,10,2026-09-01T16:25:35.8881536+01:00
440.572906,164.184021,10,2026-09-01T16:25:35.9200768+01:00
447.853302,248.558258,10,2026-09-01T16:25:35.9525376+01:00
446.340332,251.506302,10,2026-09-01T16:25:35.9839872+01:00
450.179962,249.941177,10,2026-09-01T16:25:36.0157696+01:00
448.638519,255.226273,10,2026-09-01T16:25:36.0478208+01:00
450.710846,246.934448,10,2026-09-01T16:25:36.0800384+01:00
448.744476,257.305115,10,2026-09-01T16:25:36.1116800+01:00
452.347961,250.41539,10,2026-09-01T16:25:36.1438080+01:00
452.633881,246.710236,10,2026-09-01T16:25:36.1924224+01:00
460.988098,215.481644,10,2026-09-01T16:25:36.2240640+01:00
457.001587,240.241898,10,2026-09-01T16:25:36.2560384+01:00
458.032257,240.966049,10,2026-09-01T16:25:36.2881792+01:00
455.830841,240.563187,10,2026-09-01T16:25:36.3200512+01:00
457.411285,219.779633,10,2026-09-01T16:25:36.3519744+01:00
456.699585,217.735107,10,2026-09-01T16:25:36.3838336+01:00
455.931519,220.096588,10,2026-09-01T16:25:36.4158464+01:00
454.112427,211.114426,10,2026-09-01T16:25:36.4484480+01:00
452.342926,220.647964,10,2026-09-01T16:25:36.4801152+01:00
452.493164,212.665558,10,2026-09-01T16:25:36.5122304+01:00
451.009949,231.859009,10,2026-09-01T16:25:36.5596160+01:00
452.469238,238.233337,10,2026-09-01T16:25:36.5923328+01:00
442.647827,150.289032,10,2026-09-01T16:25:36.6557312+01:00
444.065308,161.649124,10,2026-09-01T16:25:36.6879488+01:00
442.887238,163.942917,10,2026-09-01T16:25:36.7200256+01:00
443.419586,162.510056,10,2026-09-01T16:25:36.7523072+01:00
440.353638,164.476501,10,2026-09-01T16:25:36.8162944+01:00
448.583466,244.566925,10,2026-09-01T16:25:36.9925376+01:00
445.050629,263.264557,10,2026-09-01T16:25:37.0240896+01:00
446.170837,250.892944,10,2026-09-01T16:25:37.0559872+01:00
444.815308,259.314941,10,2026-09-01T16:25:37.0882944+01:00
443.643555,254.556046,10,2026-09-01T16:25:37.1201792+01:00
444.949493,245.96666,10,2026-09-01T16:25:37.1521024+01:00
445.713654,249.383453,10,2026-09-01T16:25:37.1840384+01:00
444.221558,252.08902,10,2026-09-01T16:25:37.2161024+01:00
445.817017,246.675415,10,2026-09-01T16:25:37.2480512+01:00
443.610779,252.313919,10,2026-09-01T16:25:37.2800256+01:00
440.842773,252.955978,10,2026-09-01T16:25:37.3278592+01:00
444.363007,247.336823,10,2026-09-01T16:25:37.3605120+01:00
442.154236,264.657257,10,2026-09-01T16:25:37.3923456+01:00
445.961151,252.216248,10,2026-09-01T16:25:37.4239744+01:00
443.613281,190.479202,10,2026-09-01T16:25:37.4559616+01:00
418.521088,195.247696,10,2026-09-01T16:25:37.4880256+01:00
442.814697,256.909485,10,2026-09-01T16:25:37.5201024+01:00
443.965485,257.835205,10,2026-09-01T16:25:37.5523072+01:00
446.054169,250.917542,10,2026-09-01T16:25:37.5839744+01:00
444.68396,260.234314,10,2026-09-01T16:25:37.6161792+01:00
446.678528,250.124374,10,2026-09-01T16:25:37.6479104+01:00
445.474457,259.037567,10,2026-09-01T16:25:37.6963840+01:00
426.936371,147.346054,10,2026-09-01T16:25:37.7280256+01:00
446.194183,253.975601,10,2026-09-01T16:25:37.7603456+01:00
439.156311,202.025635,10,2026-09-01T16:25:37.7925248+01:00
447.121735,233.400894,10,2026-09-01T16:25:37.8242688+01:00
444.030182,260.889618,10,2026-09-01T16:25:37.8559104+01:00
446.357727,254.047318,10,2026-09-01T16:25:37.8882816+01:00
433.273163,186.812195,10,2026-09-01T16:25:37.9200512+01:00
426.444092,145.583206,10,2026-09-01T16:25:37.9520768+01:00
432.047363,190.953247,10,2026-09-01T16:25:37.9841920+01:00
440.071381,196.439392,10,2026-09-01T16:25:38.0162304+01:00
440.318481,195.228088,10,2026-09-01T16:25:38.0643072+01:00
434.564484,185.01413,10,2026-09-01T16:25:38.0961408+01:00
430.547485,186.225372,10,2026-09-01T16:25:38.1280000+01:00
434.935608,200.827454,10,2026-09-01T16:25:38.1599616+01:00
435.216766,187.059265,10,2026-09-01T16:25:38.1919744+01:00
433.645508,180.967422,10,2026-09-01T16:25:38.2241280+01:00
441.228363,212.770874,10,2026-09-01T16:25:38.2564736+01:00
436.857605,207.870407,10,2026-09-01T16:25:38.2883968+01:00
436.215179,197.811554,10,2026-09-01T16:25:38.3201792+01:00
439.376709,227.156952,10,2026-09-01T16:25:38.3522048+01:00
432.961639,184.103256,10,2026-09-01T16:25:38.3842560+01:00
435.460083,194.49411,10,2026-09-01T16:25:38.4322944+01:00
434.0448,190.306015,10,2026-09-01T16:25:38.4643456+01:00
437.017639,212.270126,10,2026-09-01T16:25:38.4960512+01:00
437.025696,204.772171,10,2026-09-01T16:25:38.5288704+01:00
435.041962,183.375412,10,2026-09-01T16:25:38.5608704+01:00
436.482208,185.463043,10,2026-09-01T16:25:38.5924352+01:00
438.043793,204.186737,10,2026-09-01T16:25:38.6239872+01:00
438.715424,204.425491,10,2026-09-01T16:25:38.6561280+01:00
437.745667,203.749344,10,2026-09-01T16:25:38.6880896+01:00
437.02417,208.11972,10,2026-09-01T16:25:38.7202432+01:00
435.676941,199.914505,10,2026-09-01T16:25:38.7522944+01:00
434.3703,208.652771,10,2026-09-01T16:25:38.7842688+01:00
434.409851,210.500427,10,2026-09-01T16:25:38.8325120+01:00
434.831696,206.523849,10,2026-09-01T16:25:38.8647040+01:00
434.564972,212.471527,10,2026-09-01T16:25:38.8961024+01:00
434.809784,212.983841,10,2026-09-01T16:25:38.9284224+01:00
430.314636,205.478806,10,2026-09-01T16:25:38.9602048+01:00
428.574646,215.359818,10,2026-09-01T16:25:38.9923456+01:00
429.428284,211.284958,10,2026-09-01T16:25:39.0247296+01:00
431.086853,214.761307,10,2026-09-01T16:25:39.0565376+01:00
432.4245,214.470917,10,2026-09-01T16:25:39.0885504+01:00
434.66156,216.754898,10,2026-09-01T16:25:39.1201024+01:00
435.406433,221.101959,10,2026-09-01T16:25:39.1520768+01:00
435.418854,210.438248,10,2026-09-01T16:25:39.1999872+01:00
436.211578,209.344864,10,2026-09-01T16:25:39.2321792+01:00
437.452637,207.440659,10,2026-09-01T16:25:39.2642816+01:00
437.579132,220.554062,10,2026-09-01T16:25:39.2961792+01:00
436.934875,213.690155,10,2026-09-01T16:25:39.3288576+01:00
436.267883,213.765457,10,2026-09-01T16:25:39.3601024+01:00
435.361206,217.240433,10,2026-09-01T16:25:39.3923584+01:00
435.499298,218.875534,10,2026-09-01T16:25:39.4241280+01:00
437.321228,214.357864,10,2026-09-01T16:25:39.4563200+01:00
438.941162,218.390732,10,2026-09-01T16:25:39.4882816+01:00
439.071198,217.379868,10,2026-09-01T16:25:39.5204864+01:00
437.653595,218.856964,10,2026-09-01T16:25:39.5688576+01:00
437.33255,218.707733,10,2026-09-01T16:25:39.6000640+01:00
436.371368,208.277725,10,2026-09-01T16:25:39.6327424+01:00
437.354645,213.956619,10,2026-09-01T16:25:39.6643200+01:00
437.413788,214.026291,10,2026-09-01T16:25:39.6961536+01:00
437.755981,219.518265,10,2026-09-01T16:25:39.7284096+01:00
439.500977,216.199921,10,2026-09-01T16:25:39.7606400+01:00
439.555298,215.516876,10,2026-09-01T16:25:39.7923456+01:00
439.054626,212.412369,10,2026-09-01T16:25:39.8244608+01:00
438.772003,209.875534,10,2026-09-01T16:25:39.8567424+01:00
439.032837,209.673889,10,2026-09-01T16:25:39.8884352+01:00
439.260071,218.884399,10,2026-09-01T16:25:39.9367808+01:00
438.252197,212.817795,10,2026-09-01T16:25:39.9685760+01:00
439.802887,215.21376,10,2026-09-01T16:25:40.0001920+01:00
439.346741,211.067017,10,2026-09-01T16:25:40.0323072+01:00
440.143951,220.29982,10,2026-09-01T16:25:40.0642560+01:00
438.471161,215.450272,10,2026-09-01T16:25:40.0963200+01:00
439.816559,221.38591,10,2026-09-01T16:25:40.1284352+01:00
440.039856,213.226547,10,2026-09-01T16:25:40.1606784+01:00
439.922211,212.151169,10,2026-09-01T16:25:40.1925248+01:00
438.921417,211.344284,10,2026-09-01T16:25:40.2245376+01:00
439.848572,212.771973,10,2026-09-01T16:25:40.2561920+01:00
441.990662,211.583282,10,2026-09-01T16:25:40.2884224+01:00
445.843414,214.760559,10,2026-09-01T16:25:40.3365376+01:00
445.030853,211.336243,10,2026-09-01T16:25:40.3681920+01:00
445.475281,214.959122,10,2026-09-01T16:25:40.4006144+01:00
442.874847,205.650299,10,2026-09-01T16:25:40.4323712+01:00
442.112335,211.261261,10,2026-09-01T16:25:40.4644352+01:00
441.384552,207.446213,10,2026-09-01T16:25:40.4968192+01:00
442.284698,214.668243,10,2026-09-01T16:25:40.5286016+01:00
444.130341,209.719238,10,2026-09-01T16:25:40.5603968+01:00
444.933563,212.471741,10,2026-09-01T16:25:40.5926016+01:00
444.785187,214.407501,10,2026-09-01T16:25:40.6242944+01:00
443.49176,213.779968,10,2026-09-01T16:25:40.6562816+01:00
443.26178,209.480179,10,2026-09-01T16:25:40.7043712+01:00
443.585083,215.334869,10,2026-09-01T16:25:40.7366656+01:00
443.612946,211.838104,10,2026-09-01T16:25:40.7682816+01:00
443.158356,215.177979,10,2026-09-01T16:25:40.8010624+01:00
443.23407,206.921341,10,2026-09-01T16:25:40.8326272+01:00
442.831299,204.894852,10,2026-09-01T16:25:40.8645632+01:00
443.045349,213.913071,10,2026-09-01T16:25:40.8967424+01:00
443.62851,209.345306,10,2026-09-01T16:25:40.9282432+01:00
443.539001,202.353348,10,2026-09-01T16:25:40.9604096+01:00
444.582581,212.38475,10,2026-09-01T16:25:40.9924096+01:00
444.013885,210.628845,10,2026-09-01T16:25:41.0247168+01:00
444.425323,210.385117,10,2026-09-01T16:25:41.0725120+01:00
444.487488,216.284683,10,2026-09-01T16:25:41.1043968+01:00
445.239532,214.124512,10,2026-09-01T16:25:41.1366912+01:00
444.58374,213.921112,10,2026-09-01T16:25:41.1685888+01:00
442.617218,215.100952,10,2026-09-01T16:25:41.2002816+01:00
441.062561,207.828033,10,2026-09-01T16:25:41.2324864+01:00
442.111206,213.017639,10,2026-09-01T16:25:41.2642816+01:00
440.28894,215.211075,10,2026-09-01T16:25:41.2967680+01:00
440.658356,216.790787,10,2026-09-01T16:25:41.3287040+01:00
439.671844,216.876495,10,2026-09-01T16:25:41.3608448+01:00
439.91449,215.267639,10,2026-09-01T16:25:41.3928448+01:00
439.005981,214.193039,10,2026-09-01T16:25:41.4250752+01:00
440.104187,207.916733,10,2026-09-01T16:25:41.4725120+01:00
441.791046,212.522491,10,2026-09-01T16:25:41.5045760+01:00
440.69278,211.734024,10,2026-09-01T16:25:41.5366144+01:00
440.13678,215.796799,10,2026-09-01T16:25:41.5687552+01:00
440.108124,219.82251,10,2026-09-01T16:25:41.6003584+01:00
438.071564,217.13797,10,2026-09-01T16:25:41.6325376+01:00
438.158051,216.470612,10,2026-09-01T16:25:41.6648192+01:00
437.485138,220.39946,10,2026-09-01T16:25:41.6964352+01:00
436.52066,218.357376,10,2026-09-01T16:25:41.7286912+01:00
438.723755,214.223816,10,2026-09-01T16:25:41.7604608+01:00
440.028168,213.880264,10,2026-09-01T16:25:41.7926400+01:00
439.008148,222.839828,10,2026-09-01T16:25:41.8409344+01:00
440.113281,212.444519,10,2026-09-01T16:25:41.8732032+01:00
439.047668,210.81012,10,2026-09-01T16:25:41.9048448+01:00
438.988495,218.075836,10,2026-09-01T16:25:41.9369216+01:00
438.163666,217.608826,10,2026-09-01T16:25:41.9684736+01:00
437.151672,217.533112,10,2026-09-01T16:25:42.0005120+01:00
434.388184,216.733002,10,2026-09-01T16:25:42.0324736+01:00
433.28302,218.012939,10,2026-09-01T16:25:42.0645632+01:00
433.523987,216.966293,10,2026-09-01T16:25:42.0968704+01:00
433.59787,222.611481,10,2026-09-01T16:25:42.1286656+01:00
433.27652,219.43158,10,2026-09-01T16:25:42.1606528+01:00
433.076813,218.987167,10,2026-09-01T16:25:42.2089728+01:00
433.882355,218.214081,10,2026-09-01T16:25:42.2404352+01:00
433.740814,220.800064,10,2026-09-01T16:25:42.2726016+01:00
434.720093,219.528351,10,2026-09-01T16:25:42.3046400+01:00
434.705292,216.152191,10,2026-09-01T16:25:42.3366400+01:00
434.261627,215.790161,10,2026-09-01T16:25:42.3689856+01:00
435.076691,221.091003,10,2026-09-01T16:25:42.4007680+01:00
435.832794,219.242218,10,2026-09-01T16:25:42.4327424+01:00
435.857452,217.093201,10,2026-09-01T16:25:42.4646656+01:00
436.675262,212.240005,10,2026-09-01T16:25:42.4965760+01:00
436.390289,213.881165,10,2026-09-01T16:25:42.5288320+01:00
437.284851,218.932526,10,2026-09-01T16:25:42.5769472+01:00
436.860321,218.71875,10,2026-09-01T16:25:42.6084864+01:00
437.990021,216.065369,10,2026-09-01T16:25:42.6410496+01:00
437.959229,214.480789,10,2026-09-01T16:25:42.6729984+01:00
437.918274,216.649231,10,2026-09-01T16:25:42.7048576+01:00
438.764282,217.363068,10,2026-09-01T16:25:42.7370624+01:00
437.081635,213.889694,10,2026-09-01T16:25:42.7684864+01:00
438.03186,217.256729,10,2026-09-01T16:25:42.8005504+01:00
438.369415,217.67572,10,2026-09-01T16:25:42.8329472+01:00
438.40802,216.974899,10,2026-09-01T16:25:42.8650496+01:00
439.142822,214.68959,10,2026-09-01T16:25:42.8970368+01:00
439.07608,218.222458,10,2026-09-01T16:25:42.9288192+01:00
439.542847,216.294052,10,2026-09-01T16:25:42.9773824+01:00
440.291534,217.535339,10,2026-09-01T16:25:43.0086272+01:00
439.15451,219.171585,10,2026-09-01T16:25:43.0405248+01:00
438.941132,214.060745,10,2026-09-01T16:25:43.0725760+01:00
439.218292,213.892029,10,2026-09-01T16:25:43.1049984+01:00
438.762909,215.902954,10,2026-09-01T16:25:43.1373696+01:00
438.298401,214.722107,10,2026-09-01T16:25:43.1687936+01:00
438.227753,219.228561,10,2026-09-01T16:25:43.2007168+01:00
438.240448,218.715714,10,2026-09-01T16:25:43.2326656+01:00
438.49765,213.264923,10,2026-09-01T16:25:43.2650624+01:00
436.209351,216.35968,10,2026-09-01T16:25:43.2968064+01:00
434.91803,215.472076,10,2026-09-01T16:25:43.3447552+01:00
434.880615,213.984985,10,2026-09-01T16:25:43.3770496+01:00
433.813629,217.276276,10,2026-09-01T16:25:43.4091264+01:00
434.350861,218.27124,10,2026-09-01T16:25:43.4407296+01:00
434.322327,214.968704,10,2026-09-01T16:25:43.4730240+01:00
434.351105,216.929108,10,2026-09-01T16:25:43.5046272+01:00
434.338287,213.452377,10,2026-09-01T16:25:43.5367168+01:00
436.414276,218.680099,10,2026-09-01T16:25:43.5684480+01:00
437.04541,214.593735,10,2026-09-01T16:25:43.6009344+01:00
437.997131,218.000244,10,2026-09-01T16:25:43.6328064+01:00
437.22583,212.71196,10,2026-09-01T16:25:43.6650752+01:00
437.298004,215.234879,10,2026-09-01T16:25:43.7130112+01:00
437.247192,218.631805,10,2026-09-01T16:25:43.7445760+01:00
437.76947,213.330246,10,2026-09-01T16:25:43.7767168+01:00
437.736847,222.004639,10,2026-09-01T16:25:43.8090240+01:00
435.878693,215.714371,10,2026-09-01T16:25:43.8409344+01:00
436.484955,218.95636,10,2026-09-01T16:25:43.8730368+01:00
436.884186,220.740707,10,2026-09-01T16:25:43.9051648+01:00
438.850311,215.577332,10,2026-09-01T16:25:43.9368320+01:00
438.880737,219.523071,10,2026-09-01T16:25:43.9686912+01:00
437.807617,211.539322,10,2026-09-01T16:25:44.0010624+01:00
438.017853,213.297607,10,2026-09-01T16:25:44.0328192+01:00
438.812897,216.089584,10,2026-09-01T16:25:44.0807680+01:00
438.81131,213.334381,10,2026-09-01T16:25:44.1130624+01:00
438.169495,215.93306,10,2026-09-01T16:25:44.1448448+01:00
437.856323,219.197144,10,2026-09-01T16:25:44.1771776+01:00
438.128998,217.433716,10,2026-09-01T16:25:44.2089216+01:00
438.881012,210.853851,10,2026-09-01T16:25:44.2410624+01:00
438.581635,218.921936,10,2026-09-01T16:25:44.2730880+01:00
438.388794,212.935974,10,2026-09-01T16:25:44.3047680+01:00
438.392059,217.712997,10,2026-09-01T16:25:44.3370880+01:00
439.008453,217.124374,10,2026-09-01T16:25:44.3690112+01:00
437.162445,217.04068,10,2026-09-01T16:25:44.4009344+01:00
437.060944,212.061783,10,2026-09-01T16:25:44.4332544+01:00
436.613159,213.110809,10,2026-09-01T16:25:44.4812928+01:00
437.284027,206.817917,10,2026-09-01T16:25:44.5132800+01:00
437.690002,215.555344,10,2026-09-01T16:25:44.5449088+01:00
436.154266,214.657715,10,2026-09-01T16:25:44.5767296+01:00
434.550659,212.972672,10,2026-09-01T16:25:44.6090624+01:00
435.713257,213.879654,10,2026-09-01T16:25:44.6409472+01:00
436.061646,213.305756,10,2026-09-01T16:25:44.6737024+01:00
434.666962,215.126846,10,2026-09-01T16:25:44.7048320+01:00
434.625366,212.886597,10,2026-09-01T16:25:44.7367680+01:00
435.064514,209.832611,10,2026-09-01T16:25:44.7687296+01:00
435.421173,210.517532,10,2026-09-01T16:25:44.8009600+01:00
435.470001,212.320511,10,2026-09-01T16:25:44.8492032+01:00
436.817017,217.686707,10,2026-09-01T16:25:44.8811264+01:00
435.860474,216.764542,10,2026-09-01T16:25:44.9129856+01:00
436.595367,217.952225,10,2026-09-01T16:25:44.9451008+01:00
435.830658,215.506485,10,2026-09-01T16:25:44.9769600+01:00
435.007996,213.066132,10,2026-09-01T16:25:45.0091520+01:00
436.001648,218.516739,10,2026-09-01T16:25:45.0407680+01:00
436.32843,217.907837,10,2026-09-01T16:25:45.0732800+01:00
436.04599,212.940018,10,2026-09-01T16:25:45.1048704+01:00
437.58078,216.008362,10,2026-09-01T16:25:45.1369216+01:00
437.289917,216.02356,10,2026-09-01T16:25:45.1693952+01:00
437.699463,212.779739,10,2026-09-01T16:25:45.2170368+01:00
437.21225,212.872253,10,2026-09-01T16:25:45.2495616+01:00
436.179169,217.321869,10,2026-09-01T16:25:45.2811904+01:00
435.296173,218.486496,10,2026-09-01T16:25:45.3130368+01:00
435.337402,217.909439,10,2026-09-01T16:25:45.3448576+01:00
433.68515,223.02095,10,2026-09-01T16:25:45.3771136+01:00
433.116516,217.134216,10,2026-09-01T16:25:45.4093440+01:00
431.968628,218.771606,10,2026-09-01T16:25:45.4410112+01:00
431.641937,220.040314,10,2026-09-01T16:25:45.4733824+01:00
433.523376,215.243866,10,2026-09-01T16:25:45.5048832+01:00
434.92218,218.132156,10,2026-09-01T16:25:45.5372928+01:00
433.823059,218.185349,10,2026-09-01T16:25:45.5695104+01:00
436.52832,209.619614,10,2026-09-01T16:25:45.6173056+01:00
434.523956,219.772278,10,2026-09-01T16:25:45.6490624+01:00
436.374817,217.734543,10,2026-09-01T16:25:45.6812160+01:00
440.040405,220.212891,10,2026-09-01T16:25:45.7134080+01:00
440.193481,214.293274,10,2026-09-01T16:25:45.7452928+01:00
439.430725,219.750931,10,2026-09-01T16:25:45.7772928+01:00
439.871582,217.562225,10,2026-09-01T16:25:45.8092928+01:00
439.545471,210.269943,10,2026-09-01T16:25:45.8408832+01:00
436.504669,210.238037,10,2026-09-01T16:25:45.8730112+01:00
437.940094,209.762405,10,2026-09-01T16:25:45.9049216+01:00
437.639252,215.08168,10,2026-09-01T16:25:45.9373440+01:00
436.028381,208.891998,10,2026-09-01T16:25:45.9854848+01:00
434.923004,216.505646,10,2026-09-01T16:25:46.0171520+01:00
431.726196,211.118622,10,2026-09-01T16:25:46.0491520+01:00
429.77063,214.649628,10,2026-09-01T16:25:46.0811520+01:00
427.670654,213.753448,10,2026-09-01T16:25:46.1130368+01:00
424.223328,215.055542,10,2026-09-01T16:25:46.1449600+01:00
419.858826,216.820313,10,2026-09-01T16:25:46.1772928+01:00
413.25943,219.782898,10,2026-09-01T16:25:46.2090240+01:00
408.034119,228.403763,10,2026-09-01T16:25:46.2413568+01:00
403.55484,222.644714,10,2026-09-01T16:25:46.2732416+01:00
400.189514,220.508209,10,2026-09-01T16:25:46.3055488+01:00
397.212067,228.389587,10,2026-09-01T16:25:46.3532416+01:00
396.740784,228.695374,10,2026-09-01T16:25:46.3850368+01:00
396.035858,227.796158,10,2026-09-01T16:25:46.4172800+01:00
395.495148,228.120026,10,2026-09-01T16:25:46.4491520+01:00
395.693787,228.032135,10,2026-09-01T16:25:46.4814592+01:00
396.7005,225.236694,10,2026-09-01T16:25:46.5134976+01:00
397.686646,227.713882,10,2026-09-01T16:25:46.5452672+01:00
400.508575,224.510361,10,2026-09-01T16:25:46.5770880+01:00
404.622284,224.454483,10,2026-09-01T16:25:46.6092416+01:00
408.591949,221.600372,10,2026-09-01T16:25:46.6414848+01:00
411.274902,221.790253,10,2026-09-01T16:25:46.6729600+01:00
412.868652,219.084946,10,2026-09-01T16:25:46.7211776+01:00
413.608276,221.452774,10,2026-09-01T16:25:46.7530496+01:00
412.794891,222.129425,10,2026-09-01T16:25:46.7852928+01:00
412.611328,219.006241,10,2026-09-01T16:25:46.8170752+01:00
411.82785,217.518311,10,2026-09-01T16:25:46.8491264+01:00
410.896027,219.19458,10,2026-09-01T16:25:46.8811264+01:00
411.339935,219.233414,10,2026-09-01T16:25:46.9132416+01:00
411.266907,221.041214,10,2026-09-01T16:25:46.9457024+01:00
412.107971,219.484222,10,2026-09-01T16:25:46.9773440+01:00
413.82196,219.25502,10,2026-09-01T16:25:47.0095232+01:00
415.452484,218.623123,10,2026-09-01T16:25:47.0415104+01:00
418.26413,214.264984,10,2026-09-01T16:25:47.0733952+01:00
418.324127,218.966385,10,2026-09-01T16:25:47.1213440+01:00
417.292084,221.516739,10,2026-09-01T16:25:47.1531904+01:00
414.539673,221.679932,10,2026-09-01T16:25:47.1853056+01:00
409.130127,223.746277,10,2026-09-01T16:25:47.2172544+01:00
402.652496,226.260208,10,2026-09-01T16:25:47.2495360+01:00
398.84613,235.001007,10,2026-09-01T16:25:47.2813696+01:00
396.704224,232.612854,10,2026-09-01T16:25:47.3133952+01:00
392.45813,233.516968,10,2026-09-01T16:25:47.3456896+01:00
393.135773,221.245193,10,2026-09-01T16:25:47.3771008+01:00
352.78241,216.080215,10,2026-09-01T16:25:47.4095360+01:00
384.010681,262.667786,10,2026-09-01T16:25:48.4494208+01:00
355.374725,263.209412,10,2026-09-01T16:25:48.4812544+01:00
341.614349,251.103714,10,2026-09-01T16:25:48.5132416+01:00
335.435333,234.303757,10,2026-09-01T16:25:48.5452032+01:00
328.479248,218.626007,10,2026-09-01T16:25:48.5934720+01:00
328.702301,204.084885,10,2026-09-01T16:25:48.6251776+01:00
328.585876,186.152817,10,2026-09-01T16:25:48.6574208+01:00
328.611603,172.16925,10,2026-09-01T16:25:48.6894464+01:00
329.56543,162.967148,10,2026-09-01T16:25:48.7214720+01:00
321.931793,153.454987,10,2026-09-01T16:25:48.7538176+01:00
320.822479,143.964355,10,2026-09-01T16:25:48.7857152+01:00
326.933746,139.609512,10,2026-09-01T16:25:48.8172672+01:00
328.050293,131.756851,10,2026-09-01T16:25:48.8496768+01:00
324.873627,122.143951,10,2026-09-01T16:25:48.8816256+01:00
331.731476,117.574211,10,2026-09-01T16:25:48.9134336+01:00
329.997894,109.023834,10,2026-09-01T16:25:48.9452672+01:00
327.477112,103.217972,10,2026-09-01T16:25:48.9934592+01:00
327.515137,101.932892,10,2026-09-01T16:25:49.0254976+01:00
325.216522,97.7267532,10,2026-09-01T16:25:49.0573568+01:00
329.334412,92.5250397,10,2026-09-01T16:25:49.0898816+01:00
332.12085,86.8313065,10,2026-09-01T16:25:49.1216640+01:00
333.163879,81.4043808,10,2026-09-01T16:25:49.1536384+01:00
335.430695,75.7209167,10,2026-09-01T16:25:49.1853056+01:00
337.198029,68.9482422,10,2026-09-01T16:25:49.2173824+01:00
336.39386,63.853157,10,2026-09-01T16:25:49.2497152+01:00
343.14505,61.496067,10,2026-09-01T16:25:49.2814976+01:00
346.787201,58.364254,10,2026-09-01T16:25:49.3142400+01:00
346.762238,56.1408195,10,2026-09-01T16:25:49.3620480+01:00
351.651337,54.4725418,10,2026-09-01T16:25:49.3942656+01:00
349.990692,52.6532173,10,2026-09-01T16:25:49.4253056+01:00
354.351318,51.4307938,10,2026-09-01T16:25:49.4578176+01:00
357.065186,49.7818642,10,2026-09-01T16:25:49.4897280+01:00
357.955261,49.4826813,10,2026-09-01T16:25:49.5221120+01:00
358.190308,48.3253937,10,2026-09-01T16:25:49.5537408+01:00
357.162811,47.5546074,10,2026-09-01T16:25:49.5856256+01:00
362.602692,47.5886345,10,2026-09-01T16:25:49.6176000+01:00
359.963196,47.1532822,10,2026-09-01T16:25:49.6495104+01:00
358.370819,46.3893433,10,2026-09-01T16:25:49.6817536+01:00
365.678162,49.3331642,10,2026-09-01T16:25:49.7295616+01:00
365.098328,49.1450691,10,2026-09-01T16:25:49.7619200+01:00
364.515717,47.7375221,10,2026-09-01T16:25:49.7937408+01:00
369.662842,51.2588005,10,2026-09-01T16:25:49.8258176+01:00
371.574219,51.4141998,10,2026-09-01T16:25:49.8577152+01:00
373.059601,50.5003319,10,2026-09-01T16:25:49.8901120+01:00
375.651855,53.7429008,10,2026-09-01T16:25:49.9219712+01:00
375.011932,52.6482582,10,2026-09-01T16:25:49.9539584+01:00
374.252991,51.8772888,10,2026-09-01T16:25:49.9858432+01:00
379.833527,53.4431305,10,2026-09-01T16:25:50.0181632+01:00
375.372314,52.337471,10,2026-09-01T16:25:50.0500224+01:00
380.41217,53.3206825,10,2026-09-01T16:25:50.0981632+01:00
373.729156,52.7142258,10,2026-09-01T16:25:50.1299072+01:00
376.759369,53.5543213,10,2026-09-01T16:25:50.1616512+01:00
375.085266,53.3345299,10,2026-09-01T16:25:50.1936128+01:00
375.731232,53.1845322,10,2026-09-01T16:25:50.2257408+01:00
375.692963,53.1500359,10,2026-09-01T16:25:50.2579584+01:00
377.426178,53.9173889,10,2026-09-01T16:25:50.2904064+01:00
396.838226,57.5760117,10,2026-09-01T16:25:50.3222016+01:00
381.521698,54.2408981,10,2026-09-01T16:25:50.3539456+01:00
392.543549,57.0546837,10,2026-09-01T16:25:50.3862144+01:00
410.393005,59.4208641,10,2026-09-01T16:25:50.4181888+01:00
397.006226,57.3153839,10,2026-09-01T16:25:50.4502912+01:00
333.107452,44.2050095,10,2026-09-01T16:25:50.4976640+01:00
400.306793,55.7244644,10,2026-09-01T16:25:50.5302016+01:00
375.536285,50.794426,10,2026-09-01T16:25:50.5616384+01:00
395.048004,53.2514877,10,2026-09-01T16:25:50.5937920+01:00
343.911133,42.712532,10,2026-09-01T16:25:50.6257408+01:00
394.32019,52.7554131,10,2026-09-01T16:25:50.6579200+01:00
407.937836,54.9488297,10,2026-09-01T16:25:50.6899456+01:00
396.740479,53.541996,10,2026-09-01T16:25:50.7219584+01:00
389.457916,51.446579,10,2026-09-01T16:25:50.7539712+01:00
417.098236,56.4662209,10,2026-09-01T16:25:50.7862144+01:00
374.913727,49.3657074,10,2026-09-01T16:25:50.8181504+01:00
384.700836,51.8101921,10,2026-09-01T16:25:50.8668032+01:00
377.0961,49.4995155,10,2026-09-01T16:25:50.8978304+01:00
374.474854,49.3527527,10,2026-09-01T16:25:50.9297664+01:00
382.358063,50.3426743,10,2026-09-01T16:25:50.9618816+01:00
385.647583,51.0787697,10,2026-09-01T16:25:50.9938816+01:00
358.61145,44.0382996,10,2026-09-01T16:25:51.0260352+01:00
380.200317,49.2193413,10,2026-09-01T16:25:51.0582528+01:00
370.501465,48.2884598,10,2026-09-01T16:25:51.0898816+01:00
378.299286,47.4980469,10,2026-09-01T16:25:51.1217024+01:00
378.142029,47.0858078,10,2026-09-01T16:25:51.1537280+01:00
383.193695,48.3299255,10,2026-09-01T16:25:51.1860352+01:00
382.740387,46.6305275,10,2026-09-01T16:25:51.2338560+01:00
379.514893,45.9537544,10,2026-09-01T16:25:51.2660480+01:00
376.509583,45.6240959,10,2026-09-01T16:25:51.2979072+01:00
378.049622,44.8895493,10,2026-09-01T16:25:51.3300352+01:00
375.249542,44.0234795,10,2026-09-01T16:25:51.3619072+01:00
376.209381,44.515049,10,2026-09-01T16:25:51.3939840+01:00
379.861481,44.191452,10,2026-09-01T16:25:51.4260736+01:00
383.071106,44.8376846,10,2026-09-01T16:25:51.4580224+01:00
379.812622,43.8680191,10,2026-09-01T16:25:51.4900352+01:00
376.74411,42.8494606,10,2026-09-01T16:25:51.5220352+01:00
351.799164,37.4638138,10,2026-09-01T16:25:51.5543040+01:00
381.899689,43.644558,10,2026-09-01T16:25:51.6018944+01:00
376.363098,42.4225082,10,2026-09-01T16:25:51.6338688+01:00
378.907593,42.4523659,10,2026-09-01T16:25:51.6657920+01:00
372.673004,42.0576057,10,2026-09-01T16:25:51.6976768+01:00
373.86496,42.0328255,10,2026-09-01T16:25:51.7298176+01:00
370.633453,41.9187317,10,2026-09-01T16:25:51.7616512+01:00
371.500031,44.6555977,10,2026-09-01T16:25:51.7938304+01:00
364.501709,43.3146095,10,2026-09-01T16:25:51.8260224+01:00
364.287506,45.8680801,10,2026-09-01T16:25:51.8580352+01:00
358.290466,47.1166878,10,2026-09-01T16:25:51.8901888+01:00
361.250427,51.384819,10,2026-09-01T16:25:51.9219712+01:00
355.331116,54.6121941,10,2026-09-01T16:25:51.9538176+01:00
352.539642,59.0835457,10,2026-09-01T16:25:52.0018304+01:00
350.374359,64.562294,10,2026-09-01T16:25:52.0344832+01:00
348.530914,73.111702,10,2026-09-01T16:25:52.0659072+01:00
342.845215,82.5691986,10,2026-09-01T16:25:52.0983040+01:00
338.996643,94.509346,10,2026-09-01T16:25:52.1297408+01:00
330.105743,106.52607,10,2026-09-01T16:25:52.1618176+01:00
327.661285,119.226517,10,2026-09-01T16:25:52.1940864+01:00
327.226532,136.02533,10,2026-09-01T16:25:52.2256896+01:00
326.288818,154.070786,10,2026-09-01T16:25:52.2580736+01:00
328.576721,171.936279,10,2026-09-01T16:25:52.2901248+01:00
328.9776,189.541794,10,2026-09-01T16:25:52.3222272+01:00
335.383484,204.060364,10,2026-09-01T16:25:52.3701632+01:00
339.644623,217.338425,10,2026-09-01T16:25:52.4022528+01:00
337.471619,230.62384,10,2026-09-01T16:25:52.4338560+01:00
345.489166,241.034424,10,2026-09-01T16:25:52.4658816+01:00
353.105988,250.553436,10,2026-09-01T16:25:52.4982144+01:00
362.19574,255.124039,10,2026-09-01T16:25:52.5295488+01:00
376.488464,254.887283,10,2026-09-01T16:25:52.5619456+01:00
383.030914,258.92981,10,2026-09-01T16:25:52.5942912+01:00
389.353516,258.546417,10,2026-09-01T16:25:52.6260352+01:00
333.460876,260.625122,10,2026-09-01T16:25:53.0260352+01:00
305.447052,255.052032,10,2026-09-01T16:25:53.1382144+01:00
298.875671,253.505951,10,2026-09-01T16:25:53.1701376+01:00
294.444885,251.102264,10,2026-09-01T16:25:53.2018304+01:00
297.306213,243.507202,10,2026-09-01T16:25:53.2339072+01:00
292.82901,243.092239,10,2026-09-01T16:25:53.2656768+01:00
278.082916,257.155884,10,2026-09-01T16:25:53.2977792+01:00
279.602722,254.638092,10,2026-09-01T16:25:53.3297408+01:00
295.390076,238.417023,10,2026-09-01T16:25:53.3622016+01:00
295.007599,237.398407,10,2026-09-01T16:25:53.3941248+01:00
295.401703,240.254013,10,2026-09-01T16:25:53.4262272+01:00
318.618744,228.381012,10,2026-09-01T16:25:53.4581504+01:00
281.457886,253.677261,10,2026-09-01T16:25:53.5060480+01:00
326.458649,223.956131,10,2026-09-01T16:25:53.5380864+01:00
295.285706,240.458145,10,2026-09-01T16:25:53.5704576+01:00
326.195892,225.731415,10,2026-09-01T16:25:53.6023680+01:00
300.038055,239.37851,10,2026-09-01T16:25:53.6340864+01:00
304.343323,238.083481,10,2026-09-01T16:25:53.6661376+01:00
296.535797,244.544754,10,2026-09-01T16:25:53.6978560+01:00
330.113281,229.311737,10,2026-09-01T16:25:53.7297920+01:00
337.756958,232.588638,10,2026-09-01T16:25:53.7619200+01:00
353.962524,240.776672,10,2026-09-01T16:25:53.7941376+01:00
331.899261,217.194595,10,2026-09-01T16:25:54.0659840+01:00
385.78006,240.534637,10,2026-09-01T16:25:54.0982400+01:00
182.445572,368.485229,10,2026-09-01T16:25:54.1299328+01:00
179.690811,369.156555,10,2026-09-01T16:25:54.1622528+01:00
374.922089,304.288818,10,2026-09-01T16:25:54.1940224+01:00
384.476257,292.229706,10,2026-09-01T16:25:54.2423936+01:00
391.835846,287.741364,10,2026-09-01T16:25:54.2740480+01:00
398.031311,280.272614,10,2026-09-01T16:25:54.3062400+01:00
404.08844,267.274017,10,2026-09-01T16:25:54.3378688+01:00
407.766998,264.094055,10,2026-09-01T16:25:54.3703424+01:00
411.140991,265.162445,10,2026-09-01T16:25:54.4021760+01:00
415.752899,238.476166,10,2026-09-01T16:25:54.4339712+01:00
417.076569,239.485794,10,2026-09-01T16:25:54.4662144+01:00
419.021973,235.245804,10,2026-09-01T16:25:54.4979328+01:00
420.205841,227.49733,10,2026-09-01T16:25:54.5298944+01:00
422.095001,224.896576,10,2026-09-01T16:25:54.5624576+01:00
422.943695,226.920151,10,2026-09-01T16:25:54.6099456+01:00
422.149261,224.840485,10,2026-09-01T16:25:54.6421760+01:00
424.720917,221.399048,10,2026-09-01T16:25:54.6744704+01:00
426.315552,222.658249,10,2026-09-01T16:25:54.7063168+01:00
424.48703,222.73909,10,2026-09-01T16:25:54.7382016+01:00
426.163757,221.200943,10,2026-09-01T16:25:54.7705600+01:00
427.063965,222.591324,10,2026-09-01T16:25:54.8023808+01:00
424.549988,224.629929,10,2026-09-01T16:25:54.8339968+01:00
423.230164,225.56485,10,2026-09-01T16:25:54.8660096+01:00
421.740265,225.03035,10,2026-09-01T16:25:54.8986368+01:00
419.958649,226.810028,10,2026-09-01T16:25:54.9302144+01:00
419.718597,227.635757,10,2026-09-01T16:25:54.9783680+01:00
418.963165,227.740051,10,2026-09-01T16:25:55.0104192+01:00
419.804535,223.429398,10,2026-09-01T16:25:55.0420608+01:00
419.603027,225.427063,10,2026-09-01T16:25:55.0743808+01:00
419.315582,225.87326,10,2026-09-01T16:25:55.1064832+01:00
419.897705,223.249374,10,2026-09-01T16:25:55.1381632+01:00
419.147247,225.09903,10,2026-09-01T16:25:55.1702400+01:00
418.84787,224.628769,10,2026-09-01T16:25:55.2027520+01:00
419.228912,224.813477,10,2026-09-01T16:25:55.2346880+01:00
418.260071,225.855576,10,2026-09-01T16:25:55.2663168+01:00
416.851227,227.551514,10,2026-09-01T16:25:55.2982528+01:00
416.625305,222.628159,10,2026-09-01T16:25:55.3303680+01:00
416.812958,221.989899,10,2026-09-01T16:25:55.3784960+01:00
418.040466,220.968414,10,2026-09-01T16:25:55.4104960+01:00
417.809998,223.801239,10,2026-09-01T16:25:55.4425984+01:00
417.671051,224.251144,10,2026-09-01T16:25:55.4744320+01:00
419.074646,224.468674,10,2026-09-01T16:25:55.5064704+01:00
419.052704,222.776993,10,2026-09-01T16:25:55.5382912+01:00
419.164368,223.385971,10,2026-09-01T16:25:55.5704448+01:00
418.195343,223.274826,10,2026-09-01T16:25:55.6024832+01:00
418.606964,223.172241,10,2026-09-01T16:25:55.6342016+01:00
417.212158,224.031265,10,2026-09-01T16:25:55.6665088+01:00
417.560822,223.491867,10,2026-09-01T16:25:55.6985088+01:00
417.80246,223.467453,10,2026-09-01T16:25:55.7460864+01:00
417.693787,224.046768,10,2026-09-01T16:25:55.7784576+01:00
417.249359,224.915665,10,2026-09-01T16:25:55.8104576+01:00
417.017548,225.842529,10,2026-09-01T16:25:55.8421376+01:00
417.471619,224.213974,10,2026-09-01T16:25:55.8742528+01:00
418.03653,222.906372,10,2026-09-01T16:25:55.9066112+01:00
418.066925,226.77594,10,2026-09-01T16:25:55.9385600+01:00
418.301819,226.123367,10,2026-09-01T16:25:55.9705216+01:00
417.433655,225.28006,10,2026-09-01T16:25:56.0021760+01:00
418.209564,225.149261,10,2026-09-01T16:25:56.0344960+01:00
417.531799,225.782196,10,2026-09-01T16:25:56.0664448+01:00
418.266846,225.510498,10,2026-09-01T16:25:56.1144064+01:00
418.087585,225.158096,10,2026-09-01T16:25:56.1464320+01:00
417.573578,224.31955,10,2026-09-01T16:25:56.1784448+01:00
417.618439,223.520477,10,2026-09-01T16:25:56.2103296+01:00
417.141449,226.673233,10,2026-09-01T16:25:56.2423552+01:00
416.946198,225.761551,10,2026-09-01T16:25:56.2745088+01:00
417.462952,226.21225,10,2026-09-01T16:25:56.3064320+01:00
417.202484,223.074783,10,2026-09-01T16:25:56.3385216+01:00
415.862579,226.526382,10,2026-09-01T16:25:56.3705088+01:00
415.616211,225.781708,10,2026-09-01T16:25:56.4028160+01:00
415.261292,226.16803,10,2026-09-01T16:25:56.4343808+01:00
415.788391,226.848877,10,2026-09-01T16:25:56.4824192+01:00
415.83075,227.383606,10,2026-09-01T16:25:56.5144704+01:00
416.05014,226.24527,10,2026-09-01T16:25:56.5462144+01:00
416.120758,225.628418,10,2026-09-01T16:25:56.5784832+01:00
415.751312,227.317749,10,2026-09-01T16:25:56.6102784+01:00
415.678833,229.408173,10,2026-09-01T16:25:56.6424320+01:00
415.522461,227.466415,10,2026-09-01T16:25:56.6747776+01:00
416.05426,226.449875,10,2026-09-01T16:25:56.7065600+01:00
415.677612,228.297058,10,2026-09-01T16:25:56.7384448+01:00
416.256165,227.878433,10,2026-09-01T16:25:56.7704320+01:00
416.610443,227.07045,10,2026-09-01T16:25:56.8022784+01:00
416.281464,228.180664,10,2026-09-01T16:25:56.8343808+01:00
415.579803,226.260223,10,2026-09-01T16:25:56.8824704+01:00
414.707764,229.199677,10,2026-09-01T16:25:56.9146240+01:00
413.840851,228.875,10,2026-09-01T16:25:56.9466624+01:00
413.433044,228.80954,10,2026-09-01T16:25:56.9787392+01:00
413.910004,227.578339,10,2026-09-01T16:25:57.0105856+01:00
413.911621,228.920914,10,2026-09-01T16:25:57.0426112+01:00
413.004364,230.690887,10,2026-09-01T16:25:57.0746496+01:00
411.443146,230.697205,10,2026-09-01T16:25:57.1066240+01:00
408.349274,230.838608,10,2026-09-01T16:25:57.1382912+01:00
403.944183,232.000671,10,2026-09-01T16:25:57.1705088+01:00
399.926392,232.558243,10,2026-09-01T16:25:57.2025472+01:00
397.176575,232.024673,10,2026-09-01T16:25:57.2508160+01:00
395.483917,231.787384,10,2026-09-01T16:25:57.2828800+01:00
393.710175,233.898682,10,2026-09-01T16:25:57.3147392+01:00
393.340759,232.536804,10,2026-09-01T16:25:57.3464448+01:00
392.027679,235.402084,10,2026-09-01T16:25:57.3785856+01:00
389.792877,233.749252,10,2026-09-01T16:25:57.4107648+01:00
388.487,233.953201,10,2026-09-01T16:25:57.4427008+01:00
385.777527,236.253098,10,2026-09-01T16:25:57.4747008+01:00
384.20871,236.365646,10,2026-09-01T16:25:57.5067136+01:00
383.626556,237.766769,10,2026-09-01T16:25:57.5385984+01:00
384.256348,234.216583,10,2026-09-01T16:25:57.5703808+01:00
386.377655,236.023743,10,2026-09-01T16:25:57.6183424+01:00
387.668854,238.726547,10,2026-09-01T16:25:57.6506624+01:00
389.763428,236.327957,10,2026-09-01T16:25:57.6826112+01:00
394.004547,235.805771,10,2026-09-01T16:25:57.7146752+01:00
401.533997,230.494141,10,2026-09-01T16:25:57.7466496+01:00
406.184814,225.016235,10,2026-09-01T16:25:57.7784448+01:00
410.862,224.42717,10,2026-09-01T16:25:57.8109696+01:00
414.722168,223.065521,10,2026-09-01T16:25:57.8427392+01:00
418.152252,221.163437,10,2026-09-01T16:25:57.8745344+01:00
418.829529,222.454147,10,2026-09-01T16:25:57.9066624+01:00
419.782593,223.083862,10,2026-09-01T16:25:57.9383424+01:00
418.436035,223.173096,10,2026-09-01T16:25:57.9709440+01:00
417.42981,222.565247,10,2026-09-01T16:25:58.0184192+01:00
415.09201,224.282516,10,2026-09-01T16:25:58.0504832+01:00
415.482758,222.143097,10,2026-09-01T16:25:58.0830336+01:00
416.463867,221.615189,10,2026-09-01T16:25:58.1145472+01:00
415.791351,223.591751,10,2026-09-01T16:25:58.1466752+01:00
417.965607,222.917831,10,2026-09-01T16:25:58.1783424+01:00
418.527161,223.960495,10,2026-09-01T16:25:58.2108544+01:00
418.520691,223.341415,10,2026-09-01T16:25:58.2427776+01:00
419.124329,223.779541,10,2026-09-01T16:25:58.2749952+01:00
419.860962,224.041794,10,2026-09-01T16:25:58.3069952+01:00
419.482544,224.358017,10,2026-09-01T16:25:58.3388800+01:00
419.503937,224.218826,10,2026-09-01T16:25:58.3864064+01:00
419.959137,225.146759,10,2026-09-01T16:25:58.4183168+01:00
418.236481,226.565079,10,2026-09-01T16:25:58.4505344+01:00
418.343231,226.341171,10,2026-09-01T16:25:58.4827264+01:00
418.851196,223.568939,10,2026-09-01T16:25:58.5146752+01:00
419.557159,226.33551,10,2026-09-01T16:25:58.5464832+01:00
420.08963,224.802597,10,2026-09-01T16:25:58.5788416+01:00
420.158051,223.610321,10,2026-09-01T16:25:58.6107520+01:00
419.878113,223.663712,10,2026-09-01T16:25:58.6427136+01:00
419.273376,223.629028,10,2026-09-01T16:25:58.6745344+01:00
419.579468,224.290222,10,2026-09-01T16:25:58.7067904+01:00
418.967865,225.210495,10,2026-09-01T16:25:58.7553152+01:00
418.582306,225.387543,10,2026-09-01T16:25:58.7866112+01:00
419.352173,224.756439,10,2026-09-01T16:25:58.8185344+01:00
418.301178,225.647385,10,2026-09-01T16:25:58.8505728+01:00
418.536713,225.012329,10,2026-09-01T16:25:58.8829184+01:00
417.931,228.392456,10,2026-09-01T16:25:58.9146112+01:00
417.727325,224.624832,10,2026-09-01T16:25:58.9466240+01:00
418.460419,227.376633,10,2026-09-01T16:25:58.9788928+01:00
418.576019,223.862686,10,2026-09-01T16:25:59.0109824+01:00
418.106384,227.207916,10,2026-09-01T16:25:59.0432256+01:00
417.678467,227.157883,10,2026-09-01T16:25:59.0747264+01:00
417.338226,226.038055,10,2026-09-01T16:25:59.1225472+01:00
417.888367,225.392517,10,2026-09-01T16:25:59.1546496+01:00
417.576477,228.784821,10,2026-09-01T16:25:59.1869184+01:00
417.913818,227.120621,10,2026-09-01T16:25:59.2185600+01:00
418.081818,226.372955,10,2026-09-01T16:25:59.2512000+01:00
417.713989,226.070847,10,2026-09-01T16:25:59.2831488+01:00
417.866913,228.207153,10,2026-09-01T16:25:59.3145472+01:00
417.899597,228.037994,10,2026-09-01T16:25:59.3466624+01:00
418.035431,227.058121,10,2026-09-01T16:25:59.3787136+01:00
418.345673,226.8564,10,2026-09-01T16:25:59.4107392+01:00
419.147522,225.39978,10,2026-09-01T16:25:59.4428288+01:00
418.051666,228.029968,10,2026-09-01T16:25:59.4748800+01:00
417.576111,227.734604,10,2026-09-01T16:25:59.5227904+01:00
418.078918,228.002747,10,2026-09-01T16:25:59.5546880+01:00
417.586578,227.598572,10,2026-09-01T16:25:59.5866240+01:00
417.288574,226.279282,10,2026-09-01T16:25:59.6186624+01:00
417.473083,226.857727,10,2026-09-01T16:25:59.6510208+01:00
418.533051,226.822037,10,2026-09-01T16:25:59.6827520+01:00
418.077545,226.748581,10,2026-09-01T16:25:59.7150592+01:00
418.589661,227.430756,10,2026-09-01T16:25:59.7467520+01:00
418.224091,227.314468,10,2026-09-01T16:25:59.7791360+01:00
418.162872,228.321014,10,2026-09-01T16:25:59.8108800+01:00
417.747192,228.051987,10,2026-09-01T16:25:59.8426496+01:00
417.419617,228.724976,10,2026-09-01T16:25:59.8907520+01:00
417.980011,228.162521,10,2026-09-01T16:25:59.9229696+01:00
418.420837,226.780411,10,2026-09-01T16:25:59.9553152+01:00
417.274963,229.415527,10,2026-09-01T16:25:59.9866368+01:00
417.794403,227.885162,10,2026-09-01T16:26:00.0189184+01:00
418.160706,227.854889,10,2026-09-01T16:26:00.0510976+01:00
418.959839,226.590652,10,2026-09-01T16:26:00.0828160+01:00
417.501038,229.798859,10,2026-09-01T16:26:00.1148288+01:00
417.864075,227.319412,10,2026-09-01T16:26:00.1470336+01:00
418.040955,227.348251,10,2026-09-01T16:26:00.1786624+01:00
417.086304,227.461456,10,2026-09-01T16:26:00.2107520+01:00
416.448639,229.560791,10,2026-09-01T16:26:00.2588032+01:00
416.443176,230.034775,10,2026-09-01T16:26:00.2913408+01:00
416.607483,229.273087,10,2026-09-01T16:26:00.3228032+01:00
417.7677,227.993347,10,2026-09-01T16:26:00.3547904+01:00
416.792175,227.772629,10,2026-09-01T16:26:00.3867520+01:00
416.900391,228.018585,10,2026-09-01T16:26:00.4193792+01:00
417.939575,227.228119,10,2026-09-01T16:26:00.4510208+01:00
417.088776,230.033737,10,2026-09-01T16:26:00.4829568+01:00
418.148071,230.778152,10,2026-09-01T16:26:00.5150848+01:00
417.480865,228.816315,10,2026-09-01T16:26:00.5472256+01:00
417.436035,228.336227,10,2026-09-01T16:26:00.5788800+01:00
418.208374,227.470337,10,2026-09-01T16:26:00.6109312+01:00
417.368561,228.571304,10,2026-09-01T16:26:00.6587392+01:00
417.360413,228.905273,10,2026-09-01T16:26:00.6910080+01:00
417.481995,229.77919,10,2026-09-01T16:26:00.7227648+01:00
417.214203,230.033203,10,2026-09-01T16:26:00.7546752+01:00
417.694489,229.176651,10,2026-09-01T16:26:00.7870848+01:00
418.112122,229.736282,10,2026-09-01T16:26:00.8196096+01:00
417.870911,229.620819,10,2026-09-01T16:26:00.8508800+01:00
417.863678,229.430435,10,2026-09-01T16:26:00.8830848+01:00
417.518158,228.477524,10,2026-09-01T16:26:00.9148032+01:00
416.824341,228.719177,10,2026-09-01T16:26:00.9468928+01:00
416.357361,228.630081,10,2026-09-01T16:26:00.9792000+01:00
415.955627,229.915848,10,2026-09-01T16:26:01.0273024+01:00
416.225525,232.057892,10,2026-09-01T16:26:01.0592384+01:00
416.424438,229.212891,10,2026-09-01T16:26:01.0909056+01:00
416.224792,229.56427,10,2026-09-01T16:26:01.1228160+01:00
416.208008,228.86351,10,2026-09-01T16:26:01.1548416+01:00
415.229584,229.063934,10,2026-09-01T16:26:01.1868672+01:00
416.008606,227.509018,10,2026-09-01T16:26:01.2197376+01:00
415.672974,228.109879,10,2026-09-01T16:26:01.2512896+01:00
414.493286,228.632019,10,2026-09-01T16:26:01.2828288+01:00
414.762085,228.407501,10,2026-09-01T16:26:01.3153024+01:00
414.703644,226.126633,10,2026-09-01T16:26:01.3473280+01:00
414.055298,227.795731,10,2026-09-01T16:26:01.3949184+01:00
414.056091,227.186859,10,2026-09-01T16:26:01.4268032+01:00
413.52005,226.75264,10,2026-09-01T16:26:01.4591616+01:00
413.171844,226.538742,10,2026-09-01T16:26:01.4909440+01:00
413.137024,225.685211,10,2026-09-01T16:26:01.5228800+01:00
412.531982,226.214355,10,2026-09-01T16:26:01.5550848+01:00
413.027527,225.748489,10,2026-09-01T16:26:01.5875328+01:00
412.46936,224.452362,10,2026-09-01T16:26:01.6188160+01:00
412.808014,223.719116,10,2026-09-01T16:26:01.6508800+01:00
412.537384,224.631622,10,2026-09-01T16:26:01.6838656+01:00
412.669586,223.711502,10,2026-09-01T16:26:01.7152768+01:00
411.965271,223.515411,10,2026-09-01T16:26:01.7631232+01:00
411.829742,224.654236,10,2026-09-01T16:26:01.7952896+01:00
411.208405,223.268951,10,2026-09-01T16:26:01.8273536+01:00
411.60376,222.931747,10,2026-09-01T16:26:01.8593408+01:00
411.151031,221.527542,10,2026-09-01T16:26:01.8909568+01:00
411.000977,223.568726,10,2026-09-01T16:26:01.9228160+01:00
410.865112,223.891769,10,2026-09-01T16:26:01.9550976+01:00
410.711182,222.444473,10,2026-09-01T16:26:01.9871488+01:00
411.210205,223.102371,10,2026-09-01T16:26:02.0190592+01:00
410.753174,222.24884,10,2026-09-01T16:26:02.0511744+01:00
410.656372,222.735977,10,2026-09-01T16:26:02.0836864+01:00
410.535797,223.056229,10,2026-09-01T16:26:02.1153920+01:00
411.769714,221.926895,10,2026-09-01T16:26:02.1633152+01:00
411.136475,225.154602,10,2026-09-01T16:26:02.1948800+01:00
411.944336,223.864456,10,2026-09-01T16:26:02.2268800+01:00
411.033173,225.493134,10,2026-09-01T16:26:02.2590976+01:00
411.917206,224.314514,10,2026-09-01T16:26:02.2909440+01:00
411.82019,224.066666,10,2026-09-01T16:26:02.3234944+01:00
411.601135,224.575394,10,2026-09-01T16:26:02.3551488+01:00
411.460205,224.77919,10,2026-09-01T16:26:02.3872384+01:00
411.881287,222.83934,10,2026-09-01T16:26:02.4190592+01:00
412.151367,224.29892,10,2026-09-01T16:26:02.4511872+01:00
411.367065,222.945984,10,2026-09-01T16:26:02.4832000+01:00
411.823883,222.743347,10,2026-09-01T16:26:02.5311616+01:00
412.388245,224.147247,10,2026-09-01T16:26:02.5635456+01:00
412.065765,223.984695,10,2026-09-01T16:26:02.5951872+01:00
412.232391,223.445145,10,2026-09-01T16:26:02.6277888+01:00
412.894653,223.162079,10,2026-09-01T16:26:02.6590592+01:00
412.537933,225.321594,10,2026-09-01T16:26:02.6911616+01:00
412.664032,225.949524,10,2026-09-01T16:26:02.7229952+01:00
412.809784,225.5681,10,2026-09-01T16:26:02.7553920+01:00
413.34491,225.72345,10,2026-09-01T16:26:02.7873152+01:00
413.41217,226.327148,10,2026-09-01T16:26:02.8191232+01:00
413.522217,225.608063,10,2026-09-01T16:26:02.8514816+01:00
413.963593,226.40274,10,2026-09-01T16:26:02.8994944+01:00
414.49649,228.198532,10,2026-09-01T16:26:02.9309312+01:00
415.311829,226.88382,10,2026-09-01T16:26:02.9629952+01:00
414.726471,228.340897,10,2026-09-01T16:26:02.9950720+01:00
414.829346,226.139755,10,2026-09-01T16:26:03.0276352+01:00
414.973663,226.789627,10,2026-09-01T16:26:03.0596096+01:00
414.070709,225.34787,10,2026-09-01T16:26:03.0911488+01:00
414.092285,227.480209,10,2026-09-01T16:26:03.1235712+01:00
414.168579,228.112213,10,2026-09-01T16:26:03.1552256+01:00
413.21521,230.770035,10,2026-09-01T16:26:03.1872128+01:00
414.576385,230.021729,10,2026-09-01T16:26:03.2195456+01:00
414.17041,227.68544,10,2026-09-01T16:26:03.2671488+01:00
414.598328,227.472534,10,2026-09-01T16:26:03.2990464+01:00
414.800385,229.666565,10,2026-09-01T16:26:03.3314816+01:00
415.620911,224.917007,10,2026-09-01T16:26:03.3634048+01:00
416.169983,226.925797,10,2026-09-01T16:26:03.3952384+01:00
417.452454,228.89444,10,2026-09-01T16:26:03.4272384+01:00
418.686371,227.309189,10,2026-09-01T16:26:03.4596224+01:00
418.88678,228.657379,10,2026-09-01T16:26:03.4909952+01:00
417.204498,229.168472,10,2026-09-01T16:26:03.5234048+01:00
417.807312,228.2155,10,2026-09-01T16:26:03.5551232+01:00
417.141388,229.753128,10,2026-09-01T16:26:03.5875072+01:00
417.218201,228.191727,10,2026-09-01T16:26:03.6192640+01:00
417.121979,229.949356,10,2026-09-01T16:26:03.6675200+01:00
418.753723,230.717896,10,2026-09-01T16:26:03.6992896+01:00
418.087128,230.296951,10,2026-09-01T16:26:03.7315968+01:00
418.05304,232.173737,10,2026-09-01T16:26:03.7632384+01:00
417.623688,230.45842,10,2026-09-01T16:26:03.7954944+01:00
417.090729,230.952682,10,2026-09-01T16:26:03.8272000+01:00
417.062561,230.81926,10,2026-09-01T16:26:03.8592512+01:00
417.508514,230.480011,10,2026-09-01T16:26:03.8913664+01:00
418.383362,230.906509,10,2026-09-01T16:26:03.9235072+01:00
418.553192,229.406845,10,2026-09-01T16:26:03.9551488+01:00
417.932037,231.136475,10,2026-09-01T16:26:03.9870976+01:00
419.131683,229.396774,10,2026-09-01T16:26:04.0352512+01:00
418.274567,231.045746,10,2026-09-01T16:26:04.0672128+01:00
418.895508,232.087341,10,2026-09-01T16:26:04.0998400+01:00
418.665344,232.130737,10,2026-09-01T16:26:04.1314048+01:00
419.231781,227.245941,10,2026-09-01T16:26:04.1632896+01:00
418.308868,230.657852,10,2026-09-01T16:26:04.1954304+01:00
418.667267,229.915298,10,2026-09-01T16:26:04.2274432+01:00
418.039612,230.851074,10,2026-09-01T16:26:04.2592256+01:00
417.681641,230.455536,10,2026-09-01T16:26:04.2912512+01:00
418.400299,231.018997,10,2026-09-01T16:26:04.3233536+01:00
418.018005,231.719742,10,2026-09-01T16:26:04.3554048+01:00
418.270996,231.222412,10,2026-09-01T16:26:04.4036352+01:00
417.754883,231.933792,10,2026-09-01T16:26:04.4353280+01:00
418.811005,229.85733,10,2026-09-01T16:26:04.4678656+01:00
418.174438,230.389877,10,2026-09-01T16:26:04.4992896+01:00
418.31662,231.170975,10,2026-09-01T16:26:04.5312640+01:00
417.911743,232.588745,10,2026-09-01T16:26:04.5637120+01:00
418.648743,229.216614,10,2026-09-01T16:26:04.5954304+01:00
417.578278,229.074432,10,2026-09-01T16:26:04.6273792+01:00
417.582977,230.688232,10,2026-09-01T16:26:04.6593792+01:00
418.429321,230.604645,10,2026-09-01T16:26:04.6914304+01:00
418.005646,230.803848,10,2026-09-01T16:26:04.7233536+01:00
418.146515,230.311172,10,2026-09-01T16:26:04.7554176+01:00
417.598999,230.39917,10,2026-09-01T16:26:04.8036352+01:00
417.783722,230.428787,10,2026-09-01T16:26:04.8352640+01:00
417.849152,232.103607,10,2026-09-01T16:26:04.8673664+01:00
418.185272,231.155563,10,2026-09-01T16:26:04.8996480+01:00
418.09021,230.125992,10,2026-09-01T16:26:04.9313408+01:00
418.170807,230.78006,10,2026-09-01T16:26:04.9633536+01:00
418.166687,231.65509,10,2026-09-01T16:26:04.9956224+01:00
417.757477,229.041733,10,2026-09-01T16:26:05.0273280+01:00
417.978607,232.593079,10,2026-09-01T16:26:05.0592640+01:00
417.731598,229.253769,10,2026-09-01T16:26:05.0916736+01:00
417.771637,231.915436,10,2026-09-01T16:26:05.1237248+01:00
417.354675,230.580978,10,2026-09-01T16:26:05.1717248+01:00
417.470032,230.319382,10,2026-09-01T16:26:05.2035200+01:00
417.873383,229.204468,10,2026-09-01T16:26:05.2352512+01:00
416.263672,231.651581,10,2026-09-01T16:26:05.2673024+01:00
416.724609,231.679764,10,2026-09-01T16:26:05.2996224+01:00
416.628571,230.858398,10,2026-09-01T16:26:05.3315712+01:00
416.069519,231.016724,10,2026-09-01T16:26:05.3634304+01:00
415.681458,229.141953,10,2026-09-01T16:26:05.3957888+01:00
415.147919,229.208023,10,2026-09-01T16:26:05.4274432+01:00
414.993439,229.26268,10,2026-09-01T16:26:05.4594560+01:00
414.392639,229.727173,10,2026-09-01T16:26:05.4918144+01:00
413.770599,230.434525,10,2026-09-01T16:26:05.5396352+01:00
411.643311,231.662323,10,2026-09-01T16:26:05.5713152+01:00
409.544098,233.140244,10,2026-09-01T16:26:05.6035968+01:00
408.016693,230.988693,10,2026-09-01T16:26:05.6360064+01:00
407.130096,232.629105,10,2026-09-01T16:26:05.6680320+01:00
404.464905,236.083328,10,2026-09-01T16:26:05.6998272+01:00
402.341278,237.880783,10,2026-09-01T16:26:05.7317376+01:00
399.665039,236.868042,10,2026-09-01T16:26:05.7636992+01:00
398.690826,232.051254,10,2026-09-01T16:26:05.7953536+01:00
394.771515,229.534271,10,2026-09-01T16:26:05.8275456+01:00
389.18692,222.824982,10,2026-09-01T16:26:05.8596992+01:00
383.3638,223.888245,10,2026-09-01T16:26:05.9077888+01:00
383.006958,219.546555,10,2026-09-01T16:26:05.9398656+01:00
385.909607,216.165543,10,2026-09-01T16:26:05.9714176+01:00
391.100464,214.147308,10,2026-09-01T16:26:06.0036736+01:00
396.48233,216.338882,10,2026-09-01T16:26:06.0354432+01:00
405.958008,219.605911,10,2026-09-01T16:26:06.0673024+01:00
412.72113,217.22493,10,2026-09-01T16:26:06.0993920+01:00
415.528656,216.713348,10,2026-09-01T16:26:06.1314304+01:00
416.340759,217.998947,10,2026-09-01T16:26:06.1641088+01:00
413.523315,218.308762,10,2026-09-01T16:26:06.1954688+01:00
408.926331,219.139206,10,2026-09-01T16:26:06.2276352+01:00
404.535919,221.722565,10,2026-09-01T16:26:06.2601600+01:00
401.823547,216.130051,10,2026-09-01T16:26:06.3076992+01:00
402.956665,219.229874,10,2026-09-01T16:26:06.3398784+01:00
407.55069,220.36058,10,2026-09-01T16:26:06.3716736+01:00
413.526886,222.236267,10,2026-09-01T16:26:06.4038144+01:00
418.026398,216.130341,10,2026-09-01T16:26:06.4358144+01:00
420.675537,219.403275,10,2026-09-01T16:26:06.4675840+01:00
421.145752,217.290817,10,2026-09-01T16:26:06.4996608+01:00
419.918335,216.190826,10,2026-09-01T16:26:06.5314944+01:00
419.411499,211.694183,10,2026-09-01T16:26:06.5635200+01:00
416.439392,220.488586,10,2026-09-01T16:26:06.5958272+01:00
414.878876,218.203003,10,2026-09-01T16:26:06.6274432+01:00
415.354584,220.687088,10,2026-09-01T16:26:06.6759168+01:00
418.479431,223.376175,10,2026-09-01T16:26:06.7078144+01:00
419.31131,219.667557,10,2026-09-01T16:26:06.7397760+01:00
421.591278,218.732254,10,2026-09-01T16:26:06.7718528+01:00
421.447906,222.665009,10,2026-09-01T16:26:06.8033536+01:00
419.332611,219.683762,10,2026-09-01T16:26:06.8354432+01:00
415.64679,220.926178,10,2026-09-01T16:26:06.8678784+01:00
411.498047,219.35968,10,2026-09-01T16:26:06.8996736+01:00
409.59671,217.681717,10,2026-09-01T16:26:06.9317248+01:00
408.68927,214.885513,10,2026-09-01T16:26:06.9635200+01:00
409.039215,219.098862,10,2026-09-01T16:26:06.9955072+01:00
410.02655,216.27594,10,2026-09-01T16:26:07.0449152+01:00
410.521423,221.443985,10,2026-09-01T16:26:07.0758528+01:00
411.376434,219.854553,10,2026-09-01T16:26:07.1079168+01:00
410.926025,220.278229,10,2026-09-01T16:26:07.1395584+01:00
411.081116,226.900986,10,2026-09-01T16:26:07.1718016+01:00
409.911743,214.852966,10,2026-09-01T16:26:07.2038400+01:00
409.885284,218.069855,10,2026-09-01T16:26:07.2357632+01:00
410.890564,221.700287,10,2026-09-01T16:26:07.2676736+01:00
410.107361,219.896347,10,2026-09-01T16:26:07.2996992+01:00
409.564697,215.336273,10,2026-09-01T16:26:07.3317632+01:00
409.487671,224.092834,10,2026-09-01T16:26:07.3637120+01:00
408.135468,219.645111,10,2026-09-01T16:26:07.4116992+01:00
407.696716,213.606049,10,2026-09-01T16:26:07.4437632+01:00
408.262238,217.406952,10,2026-09-01T16:26:07.4757632+01:00
408.498291,220.547928,10,2026-09-01T16:26:07.5078656+01:00
408.113922,218.59996,10,2026-09-01T16:26:07.5398912+01:00
408.725861,221.873413,10,2026-09-01T16:26:07.5719808+01:00
408.260193,218.074783,10,2026-09-01T16:26:07.6039680+01:00
407.474579,223.582199,10,2026-09-01T16:26:07.6355840+01:00
405.915009,225.138275,10,2026-09-01T16:26:07.6675968+01:00
402.628662,219.084427,10,2026-09-01T16:26:07.6996480+01:00
400.590454,225.035599,10,2026-09-01T16:26:07.7316992+01:00
399.163452,229.206238,10,2026-09-01T16:26:07.7636480+01:00
397.428345,224.525925,10,2026-09-01T16:26:07.8116480+01:00
396.496857,221.245331,10,2026-09-01T16:26:07.8439296+01:00
397.375183,227.167603,10,2026-09-01T16:26:07.8759808+01:00
397.192413,224.292862,10,2026-09-01T16:26:07.9077248+01:00
397.762329,228.533905,10,2026-09-01T16:26:07.9400576+01:00
397.101196,226.937134,10,2026-09-01T16:26:07.9718144+01:00
395.533325,225.314575,10,2026-09-01T16:26:08.0038912+01:00
392.926422,224.78154,10,2026-09-01T16:26:08.0359424+01:00
391.072296,228.148285,10,2026-09-01T16:26:08.0676224+01:00
390.855408,221.743591,10,2026-09-01T16:26:08.0997632+01:00
390.910187,225.043716,10,2026-09-01T16:26:08.1319168+01:00
391.892273,228.672409,10,2026-09-01T16:26:08.1796480+01:00
391.980042,224.840607,10,2026-09-01T16:26:08.2125696+01:00
392.13858,225.508286,10,2026-09-01T16:26:08.2442240+01:00
392.868317,225.55513,10,2026-09-01T16:26:08.2756096+01:00
392.816559,224.966278,10,2026-09-01T16:26:08.3079040+01:00
393.492401,231.88295,10,2026-09-01T16:26:08.3400448+01:00
394.653473,228.779236,10,2026-09-01T16:26:08.3766272+01:00
394.210846,232.287064,10,2026-09-01T16:26:08.4048000+01:00
394.556915,228.423859,10,2026-09-01T16:26:08.4357248+01:00
394.482849,228.04483,10,2026-09-01T16:26:08.4676992+01:00
394.354584,229.144501,10,2026-09-01T16:26:08.5002240+01:00
395.459229,229.973389,10,2026-09-01T16:26:08.5475328+01:00
395.761047,229.766602,10,2026-09-01T16:26:08.5797632+01:00
395.381012,226.649902,10,2026-09-01T16:26:08.6117632+01:00
396.035889,230.329742,10,2026-09-01T16:26:08.6436864+01:00
396.322968,230.82608,10,2026-09-01T16:26:08.6760832+01:00
396.673676,232.529694,10,2026-09-01T16:26:08.7079040+01:00
396.161316,228.538605,10,2026-09-01T16:26:08.7402880+01:00
395.483307,229.937607,10,2026-09-01T16:26:08.7720704+01:00
395.902588,226.141571,10,2026-09-01T16:26:08.8039040+01:00
397.023285,225.649582,10,2026-09-01T16:26:08.8356736+01:00
396.90152,228.822968,10,2026-09-01T16:26:08.8677760+01:00
395.600525,226.399567,10,2026-09-01T16:26:08.8996992+01:00
396.930145,226.04657,10,2026-09-01T16:26:08.9477504+01:00
396.970459,226.592957,10,2026-09-01T16:26:08.9800576+01:00
397.019012,232.162918,10,2026-09-01T16:26:09.0123264+01:00
396.637421,229.444473,10,2026-09-01T16:26:09.0440320+01:00
395.473816,228.825912,10,2026-09-01T16:26:09.0760192+01:00
393.859985,228.798019,10,2026-09-01T16:26:09.1077760+01:00
393.489166,226.080566,10,2026-09-01T16:26:09.1399552+01:00
393.027802,223.297989,10,2026-09-01T16:26:09.1723136+01:00
394.991943,229.144241,10,2026-09-01T16:26:09.2037248+01:00
395.59137,226.343613,10,2026-09-01T16:26:09.2359808+01:00
394.978241,232.432846,10,2026-09-01T16:26:09.2679808+01:00
395.257599,230.89743,10,2026-09-01T16:26:09.3157376+01:00
394.925934,223.814407,10,2026-09-01T16:26:09.3479296+01:00
396.204681,228.412796,10,2026-09-01T16:26:09.3801984+01:00
396.662811,228.621628,10,2026-09-01T16:26:09.4118016+01:00
396.11969,224.866638,10,2026-09-01T16:26:09.4437760+01:00
397.015106,226.498352,10,2026-09-01T16:26:09.4761600+01:00
398.433533,228.744766,10,2026-09-01T16:26:09.5082112+01:00
398.555023,229.714096,10,2026-09-01T16:26:09.5400832+01:00
398.138184,230.694458,10,2026-09-01T16:26:09.5718144+01:00
398.262299,224.072632,10,2026-09-01T16:26:09.6037376+01:00
397.090424,228.469284,10,2026-09-01T16:26:09.6357376+01:00
396.638977,227.895294,10,2026-09-01T16:26:09.6847872+01:00
396.018982,226.142044,10,2026-09-01T16:26:09.7160832+01:00
394.67038,228.044647,10,2026-09-01T16:26:09.7482112+01:00
394.289215,227.656555,10,2026-09-01T16:26:09.7799552+01:00
395.180328,222.041931,10,2026-09-01T16:26:09.8120448+01:00
395.470947,226.758972,10,2026-09-01T16:26:09.8442368+01:00
395.51474,231.092087,10,2026-09-01T16:26:09.8759296+01:00
394.645721,252.861145,10,2026-09-01T16:26:09.9081088+01:00
395.096893,232.578552,10,2026-09-01T16:26:09.9402624+01:00
395.016296,223.797409,10,2026-09-01T16:26:09.9722112+01:00
395.451141,224.544266,10,2026-09-01T16:26:10.0037888+01:00
393.989227,228.169754,10,2026-09-01T16:26:10.0519680+01:00
392.485382,228.150482,10,2026-09-01T16:26:10.0838528+01:00
390.536377,224.839157,10,2026-09-01T16:26:10.1156480+01:00
389.624817,224.774811,10,2026-09-01T16:26:10.1478400+01:00
391.340607,228.306015,10,2026-09-01T16:26:10.1799808+01:00
391.12561,253.258179,10,2026-09-01T16:26:10.2122752+01:00
393.823547,229.309631,10,2026-09-01T16:26:10.2443904+01:00
394.54538,229.364899,10,2026-09-01T16:26:10.2764032+01:00
395.374878,225.169952,10,2026-09-01T16:26:10.3078528+01:00
397.157745,227.907867,10,2026-09-01T16:26:10.3401600+01:00
396.982117,224.56192,10,2026-09-01T16:26:10.3720832+01:00
396.954071,223.44838,10,2026-09-01T16:26:10.4039936+01:00
397.515839,223.626389,10,2026-09-01T16:26:10.4522752+01:00
397.670807,225.390991,10,2026-09-01T16:26:10.4838784+01:00
397.603363,228.387924,10,2026-09-01T16:26:10.5159808+01:00
397.951141,224.017029,10,2026-09-01T16:26:10.5485824+01:00
397.321198,223.993317,10,2026-09-01T16:26:10.5800832+01:00
397.139191,227.96228,10,2026-09-01T16:26:10.6121728+01:00
396.812744,228.923309,10,2026-09-01T16:26:10.6441856+01:00
396.08194,230.17952,10,2026-09-01T16:26:10.6760064+01:00
396.33197,242.830902,10,2026-09-01T16:26:10.7081600+01:00
396.745178,227.327133,10,2026-09-01T16:26:10.7399552+01:00
396.849243,228.694199,10,2026-09-01T16:26:10.7722752+01:00
397.010529,228.234238,10,2026-09-01T16:26:10.8200192+01:00
396.422363,222.885361,10,2026-09-01T16:26:10.8519040+01:00
395.664429,225.655075,10,2026-09-01T16:26:10.8841728+01:00
395.27124,231.827728,10,2026-09-01T16:26:10.9158272+01:00
393.702484,226.984894,10,2026-09-01T16:26:10.9481728+01:00
392.257904,232.356491,10,2026-09-01T16:26:10.9804160+01:00
390.33847,230.534088,10,2026-09-01T16:26:11.0123264+01:00
389.772919,229.02681,10,2026-09-01T16:26:11.0443392+01:00
389.767609,229.907181,10,2026-09-01T16:26:11.0765824+01:00
389.463165,226.306885,10,2026-09-01T16:26:11.1081600+01:00
389.686096,226.662018,10,2026-09-01T16:26:11.1401728+01:00
390.609924,226.853943,10,2026-09-01T16:26:11.1879040+01:00
390.433197,220.627243,10,2026-09-01T16:26:11.2202112+01:00
389.449005,228.771667,10,2026-09-01T16:26:11.2517760+01:00
388.993134,222.988007,10,2026-09-01T16:26:11.2843648+01:00
388.373016,248.038284,10,2026-09-01T16:26:11.3159936+01:00
388.458893,224.111084,10,2026-09-01T16:26:11.3485312+01:00
388.943085,227.798935,10,2026-09-01T16:26:11.3805440+01:00
391.349823,230.096298,10,2026-09-01T16:26:11.4125696+01:00
394.107574,243.597122,10,2026-09-01T16:26:11.4443008+01:00
393.609802,227.969681,10,2026-09-01T16:26:11.4758656+01:00
394.477966,236.920883,10,2026-09-01T16:26:11.5080064+01:00
393.520142,230.928253,10,2026-09-01T16:26:11.5558272+01:00
392.484558,229.250061,10,2026-09-01T16:26:11.5884800+01:00
391.661743,234.00238,10,2026-09-01T16:26:11.6204928+01:00
391.615601,226.936798,10,2026-09-01T16:26:11.6520064+01:00
392.465179,232.31665,10,2026-09-01T16:26:11.6839424+01:00
392.601135,237.983337,10,2026-09-01T16:26:11.7164416+01:00
393.39566,234.289291,10,2026-09-01T16:26:11.7479552+01:00
394.543823,230.734406,10,2026-09-01T16:26:11.7808768+01:00
395.024323,228.857346,10,2026-09-01T16:26:11.8124800+01:00
397.545715,237.05336,10,2026-09-01T16:26:11.8443008+01:00
397.661102,230.381165,10,2026-09-01T16:26:11.8763008+01:00
398.147491,237.631729,10,2026-09-01T16:26:11.9084928+01:00
397.835663,229.466492,10,2026-09-01T16:26:11.9563520+01:00
396.966095,242.524872,10,2026-09-01T16:26:11.9880832+01:00
397.120544,233.124023,10,2026-09-01T16:26:12.0199808+01:00
397.394592,232.350143,10,2026-09-01T16:26:12.0520832+01:00
397.755432,227.774261,10,2026-09-01T16:26:12.0844032+01:00
397.353424,228.607544,10,2026-09-01T16:26:12.1163776+01:00
397.036865,228.632446,10,2026-09-01T16:26:12.1482752+01:00
396.773407,234.165543,10,2026-09-01T16:26:12.1804160+01:00
396.665344,246.920563,10,2026-09-01T16:26:12.2119680+01:00
396.941742,230.597549,10,2026-09-01T16:26:12.2443776+01:00
397.016937,228.968933,10,2026-09-01T16:26:12.2763520+01:00
398.568207,230.051697,10,2026-09-01T16:26:12.3244032+01:00
397.823181,225.996048,10,2026-09-01T16:26:12.3562240+01:00
397.667023,229.134201,10,2026-09-01T16:26:12.3879296+01:00
397.210785,228.510452,10,2026-09-01T16:26:12.4201984+01:00
394.54245,245.054794,10,2026-09-01T16:26:12.4520064+01:00
393.579163,232.903229,10,2026-09-01T16:26:12.4844032+01:00
391.773834,253.296494,10,2026-09-01T16:26:12.5162496+01:00
393.200806,232.151855,10,2026-09-01T16:26:12.5481728+01:00
393.725647,248.634933,10,2026-09-01T16:26:12.5807616+01:00
395.077637,232.911285,10,2026-09-01T16:26:12.6121728+01:00
394.579193,246.301178,10,2026-09-01T16:26:12.6447744+01:00
394.976105,229.31424,10,2026-09-01T16:26:12.6921344+01:00
394.160339,227.766144,10,2026-09-01T16:26:12.7244928+01:00
393.874054,248.535187,10,2026-09-01T16:26:12.7559552+01:00
394.236053,252.190582,10,2026-09-01T16:26:12.7883776+01:00
395.904846,229.670639,10,2026-09-01T16:26:12.8202880+01:00
396.018616,230.089035,10,2026-09-01T16:26:12.8523520+01:00
394.943726,226.259918,10,2026-09-01T16:26:12.8841344+01:00
394.515472,227.583435,10,2026-09-01T16:26:12.9165312+01:00
394.898743,225.724838,10,2026-09-01T16:26:12.9481600+01:00
392.891693,256.53299,10,2026-09-01T16:26:12.9803264+01:00
395.38913,230.542404,10,2026-09-01T16:26:13.0124928+01:00
396.150238,227.48909,10,2026-09-01T16:26:13.0443904+01:00
394.561188,252.057877,10,2026-09-01T16:26:13.0926976+01:00
393.259766,256.130096,10,2026-09-01T16:26:13.1246848+01:00
395.560455,231.838837,10,2026-09-01T16:26:13.1563776+01:00
394.099335,248.406204,10,2026-09-01T16:26:13.1884672+01:00
395.310577,225.646973,10,2026-09-01T16:26:13.2202368+01:00
393.71347,253.516891,10,2026-09-01T16:26:13.2520832+01:00
392.980591,256.664612,10,2026-09-01T16:26:13.2843136+01:00
394.001251,246.949158,10,2026-09-01T16:26:13.3165312+01:00
394.618927,243.804596,10,2026-09-01T16:26:13.3483520+01:00
395.763245,230.535889,10,2026-09-01T16:26:13.3807232+01:00
396.017609,230.995926,10,2026-09-01T16:26:13.4122112+01:00
395.273102,238.953171,10,2026-09-01T16:26:13.4603136+01:00
393.64444,253.995331,10,2026-09-01T16:26:13.4925312+01:00
394.934143,247.257767,10,2026-09-01T16:26:13.5242112+01:00
395.555969,230.094666,10,2026-09-01T16:26:13.5566848+01:00
393.65976,254.764999,10,2026-09-01T16:26:13.5882880+01:00
396.108673,230.615204,10,2026-09-01T16:26:13.6202752+01:00
395.53009,237.078522,10,2026-09-01T16:26:13.6521856+01:00
395.753448,230.750656,10,2026-09-01T16:26:13.6842624+01:00
395.648895,230.792206,10,2026-09-01T16:26:13.7166208+01:00
393.752655,253.68277,10,2026-09-01T16:26:13.7482240+01:00
396.420837,226.059204,10,2026-09-01T16:26:13.7804160+01:00
393.189758,252.724472,10,2026-09-01T16:26:13.8286976+01:00
395.295868,233.723618,10,2026-09-01T16:26:13.8606336+01:00
398.086304,219.08757,10,2026-09-01T16:26:13.8929408+01:00
395.697998,226.32988,10,2026-09-01T16:26:13.9244288+01:00
395.28656,231.488373,10,2026-09-01T16:26:13.9560960+01:00
393.395111,252.815643,10,2026-09-01T16:26:13.9882496+01:00
395.872223,229.611023,10,2026-09-01T16:26:14.0203904+01:00
395.286499,227.091202,10,2026-09-01T16:26:14.0523904+01:00
395.666504,225.831543,10,2026-09-01T16:26:14.0845952+01:00
394.679871,233.145401,10,2026-09-01T16:26:14.1166208+01:00
393.997101,250.661331,10,2026-09-01T16:26:14.1483904+01:00
394.219177,243.742188,10,2026-09-01T16:26:14.1964800+01:00
393.699768,251.218826,10,2026-09-01T16:26:14.2285312+01:00
395.532745,226.764008,10,2026-09-01T16:26:14.2605440+01:00
395.213654,229.337219,10,2026-09-01T16:26:14.2924928+01:00
395.216522,229.792587,10,2026-09-01T16:26:14.3244672+01:00
395.200378,229.780899,10,2026-09-01T16:26:14.3564416+01:00
394.923767,231.389511,10,2026-09-01T16:26:14.3886336+01:00
395.592316,231.245255,10,2026-09-01T16:26:14.4203904+01:00
392.989563,254.369507,10,2026-09-01T16:26:14.4524544+01:00
396.087189,224.963882,10,2026-09-01T16:26:14.4845696+01:00
393.829529,245.175262,10,2026-09-01T16:26:14.5165952+01:00
395.833862,225.611954,10,2026-09-01T16:26:14.5485440+01:00
396.13916,225.178528,10,2026-09-01T16:26:14.5964160+01:00
395.709229,230.370209,10,2026-09-01T16:26:14.6287104+01:00
393.931793,247.667679,10,2026-09-01T16:26:14.6605696+01:00
395.420319,226.538361,10,2026-09-01T16:26:14.6926976+01:00
393.063721,247.53334,10,2026-09-01T16:26:14.7242112+01:00
395.122742,232.402725,10,2026-09-01T16:26:14.7562624+01:00
392.086792,258.288788,10,2026-09-01T16:26:14.7881984+01:00
395.411224,230.45697,10,2026-09-01T16:26:14.8204416+01:00
391.649841,257.256836,10,2026-09-01T16:26:14.8524928+01:00
393.464691,252.202972,10,2026-09-01T16:26:14.8845568+01:00
391.889221,258.348083,10,2026-09-01T16:26:14.9169024+01:00
395.009033,227.364182,10,2026-09-01T16:26:14.9647744+01:00
394.936157,229.66156,10,2026-09-01T16:26:14.9965184+01:00
392.979065,254.6577,10,2026-09-01T16:26:15.0287360+01:00
392.333099,255.025406,10,2026-09-01T16:26:15.0606592+01:00
392.254944,253.356033,10,2026-09-01T16:26:15.0929536+01:00
393.223633,252.475998,10,2026-09-01T16:26:15.1250432+01:00
394.908081,230.91423,10,2026-09-01T16:26:15.1565440+01:00
395.505951,228.141312,10,2026-09-01T16:26:15.1883392+01:00
392.390594,250.590332,10,2026-09-01T16:26:15.2205568+01:00
396.254211,227.241409,10,2026-09-01T16:26:15.2525056+01:00
395.366638,232.382385,10,2026-09-01T16:26:15.2843648+01:00
392.989655,251.315308,10,2026-09-01T16:26:15.3324416+01:00
392.889099,252.754425,10,2026-09-01T16:26:15.3649152+01:00
394.10202,234.034485,10,2026-09-01T16:26:15.3967488+01:00
392.64389,254.279755,10,2026-09-01T16:26:15.4287360+01:00
395.246704,226.903732,10,2026-09-01T16:26:15.4608128+01:00
394.084534,229.655838,10,2026-09-01T16:26:15.4923264+01:00
391.029999,257.393066,10,2026-09-01T16:26:15.5247744+01:00
390.889893,257.592773,10,2026-09-01T16:26:15.5564800+01:00
394.330597,229.367157,10,2026-09-01T16:26:15.5885440+01:00
390.90271,255.326202,10,2026-09-01T16:26:15.6204672+01:00
390.47644,257.92923,10,2026-09-01T16:26:15.6527488+01:00
391.060364,255.457657,10,2026-09-01T16:26:15.7006592+01:00
390.003326,256.359192,10,2026-09-01T16:26:15.7327104+01:00
393.44632,231.256058,10,2026-09-01T16:26:15.7646336+01:00
393.33316,237.596848,10,2026-09-01T16:26:15.7968512+01:00
393.775177,235.696686,10,2026-09-01T16:26:15.8285824+01:00
390.729187,256.936096,10,2026-09-01T16:26:15.8608768+01:00
392.201355,238.551682,10,2026-09-01T16:26:15.8925312+01:00
390.431335,255.173126,10,2026-09-01T16:26:15.9249152+01:00
392.12085,241.733688,10,2026-09-01T16:26:15.9564672+01:00
389.581482,255.082611,10,2026-09-01T16:26:15.9887616+01:00
390.786957,249.898514,10,2026-09-01T16:26:16.0208128+01:00
392.546387,234.483932,10,2026-09-01T16:26:16.0526720+01:00
390.801453,254.34436,10,2026-09-01T16:26:16.1007232+01:00
392.944458,230.296097,10,2026-09-01T16:26:16.1330560+01:00
392.607849,229.946152,10,2026-09-01T16:26:16.1645696+01:00
392.560364,231.98317,10,2026-09-01T16:26:16.1964928+01:00
392.416809,235.675781,10,2026-09-01T16:26:16.2285312+01:00
390.272919,255.25,10,2026-09-01T16:26:16.2605440+01:00
392.599731,230.278244,10,2026-09-01T16:26:16.2925568+01:00
392.111664,232.132416,10,2026-09-01T16:26:16.3246720+01:00
391.538086,242.726089,10,2026-09-01T16:26:16.3563776+01:00
391.872406,233.975113,10,2026-09-01T16:26:16.3886976+01:00
391.824097,225.112518,10,2026-09-01T16:26:16.4207104+01:00
391.36496,230.715973,10,2026-09-01T16:26:16.4690432+01:00
388.909149,257.791229,10,2026-09-01T16:26:16.5009920+01:00
389.100189,256.140503,10,2026-09-01T16:26:16.5327488+01:00
391.261505,234.185791,10,2026-09-01T16:26:16.5645440+01:00
391.248871,235.400528,10,2026-09-01T16:26:16.5965184+01:00
389.146149,253.544724,10,2026-09-01T16:26:16.6287488+01:00
390.281097,237.787613,10,2026-09-01T16:26:16.6612352+01:00
390.627625,234.817505,10,2026-09-01T16:26:16.6926592+01:00
390.610352,234.186295,10,2026-09-01T16:26:16.7244160+01:00
390.031494,236.041504,10,2026-09-01T16:26:16.7565824+01:00
389.848297,234.430481,10,2026-09-01T16:26:16.7887360+01:00
389.391296,235.212006,10,2026-09-01T16:26:16.8366080+01:00
388.724518,239.726852,10,2026-09-01T16:26:16.8688768+01:00
389.228271,233.546295,10,2026-09-01T16:26:16.9009920+01:00
388.982666,229.746521,10,2026-09-01T16:26:16.9329664+01:00
388.256042,236.01033,10,2026-09-01T16:26:16.9650176+01:00
386.934967,252.476593,10,2026-09-01T16:26:16.9969664+01:00
388.469421,236.062042,10,2026-09-01T16:26:17.0288896+01:00
386.692657,254.754013,10,2026-09-01T16:26:17.0604928+01:00
387.879578,232.601532,10,2026-09-01T16:26:17.0926720+01:00
385.748596,256.740204,10,2026-09-01T16:26:17.1244672+01:00
388.436462,226.763794,10,2026-09-01T16:26:17.1567872+01:00
386.570221,251.914551,10,2026-09-01T16:26:17.2048384+01:00
386.897797,249.223343,10,2026-09-01T16:26:17.2366848+01:00
386.147949,258.282043,10,2026-09-01T16:26:17.2693632+01:00
387.258179,235.902847,10,2026-09-01T16:26:17.3008768+01:00
387.642792,233.629852,10,2026-09-01T16:26:17.3329792+01:00
388.660767,228.382721,10,2026-09-01T16:26:17.3648768+01:00
388.190552,231.338959,10,2026-09-01T16:26:17.3965696+01:00
386.755768,247.585007,10,2026-09-01T16:26:17.4288128+01:00
388.317474,237.739517,10,2026-09-01T16:26:17.4609152+01:00
386.26416,252.543488,10,2026-09-01T16:26:17.4928768+01:00
386.588074,252.047043,10,2026-09-01T16:26:17.5247104+01:00
385.34549,256.05899,10,2026-09-01T16:26:17.5726848+01:00
385.765411,254.789978,10,2026-09-01T16:26:17.6053120+01:00
386.162811,258.193878,10,2026-09-01T16:26:17.6370816+01:00
388.678162,235.649948,10,2026-09-01T16:26:17.6687104+01:00
389.471497,232.103546,10,2026-09-01T16:26:17.7009152+01:00
389.543304,235.295395,10,2026-09-01T16:26:17.7331840+01:00
390.274231,228.971832,10,2026-09-01T16:26:17.7650176+01:00
390.321014,225.367706,10,2026-09-01T16:26:17.7969536+01:00
387.193817,258.194489,10,2026-09-01T16:26:17.8289664+01:00
388.150574,251.856155,10,2026-09-01T16:26:17.8610304+01:00
389.564453,231.589401,10,2026-09-01T16:26:17.8926720+01:00
388.085785,254.202927,10,2026-09-01T16:26:17.9412096+01:00
389.902252,234.714127,10,2026-09-01T16:26:17.9731456+01:00
387.62619,258.744629,10,2026-09-01T16:26:18.0046848+01:00
388.044403,254.953796,10,2026-09-01T16:26:18.0368896+01:00
388.237152,253.404968,10,2026-09-01T16:26:18.0686720+01:00
389.84137,238.485001,10,2026-09-01T16:26:18.1010944+01:00
389.400116,250.201828,10,2026-09-01T16:26:18.1327616+01:00
387.836212,260.435425,10,2026-09-01T16:26:18.1649280+01:00
387.525055,256.196564,10,2026-09-01T16:26:18.1972608+01:00
388.916077,241.88681,10,2026-09-01T16:26:18.2289664+01:00
386.247986,264.186676,10,2026-09-01T16:26:18.2609536+01:00
389.506866,232.559692,10,2026-09-01T16:26:18.2928384+01:00
386.861115,253.122406,10,2026-09-01T16:26:18.3407488+01:00
387.071838,238.654068,10,2026-09-01T16:26:18.3732224+01:00
385.12558,256.901062,10,2026-09-01T16:26:18.4051584+01:00
385.899536,257.100983,10,2026-09-01T16:26:18.4369664+01:00
386.254089,256.363495,10,2026-09-01T16:26:18.4688128+01:00
387.525879,256.381989,10,2026-09-01T16:26:18.5011456+01:00
388.585754,252.534119,10,2026-09-01T16:26:18.5330176+01:00
390.711945,235.50946,10,2026-09-01T16:26:18.5650176+01:00
388.437103,256.745178,10,2026-09-01T16:26:18.5970944+01:00
391.123291,235.409546,10,2026-09-01T16:26:18.6291072+01:00
391.929443,232.134109,10,2026-09-01T16:26:18.6610304+01:00
389.225128,258.531494,10,2026-09-01T16:26:18.7090176+01:00
389.444,252.145203,10,2026-09-01T16:26:18.7409024+01:00
391.582825,232.943436,10,2026-09-01T16:26:18.7731840+01:00
391.08844,234.665741,10,2026-09-01T16:26:18.8052992+01:00
391.61795,230.162354,10,2026-09-01T16:26:18.8371968+01:00
389.800262,254.353699,10,2026-09-01T16:26:18.8690432+01:00
388.919159,258.022552,10,2026-09-01T16:26:18.9014528+01:00
388.495941,259.669739,10,2026-09-01T16:26:18.9326720+01:00
389.830261,251.750961,10,2026-09-01T16:26:18.9652480+01:00
390.239899,249.970566,10,2026-09-01T16:26:18.9970432+01:00
391.161865,233.810623,10,2026-09-01T16:26:19.0288896+01:00
392.814941,224.564438,10,2026-09-01T16:26:19.0771072+01:00
390.381226,246.936844,10,2026-09-01T16:26:19.1089920+01:00
389.546936,252.680145,10,2026-09-01T16:26:19.1407744+01:00
391.381714,235.149338,10,2026-09-01T16:26:19.1731328+01:00
389.336945,253.647522,10,2026-09-01T16:26:19.2049152+01:00
391.685547,238.107925,10,2026-09-01T16:26:19.2373632+01:00
391.832031,229.531525,10,2026-09-01T16:26:19.2691712+01:00
390.421387,248.608109,10,2026-09-01T16:26:19.3010944+01:00
391.553894,233.89505,10,2026-09-01T16:26:19.3330432+01:00
389.586517,254.425323,10,2026-09-01T16:26:19.3651072+01:00
390.851166,235.328857,10,2026-09-01T16:26:19.3969280+01:00
389.109833,251.517426,10,2026-09-01T16:26:19.4452480+01:00
388.520721,256.106415,10,2026-09-01T16:26:19.4772096+01:00
389.177917,251.083832,10,2026-09-01T16:26:19.5089792+01:00
388.396179,253.555313,10,2026-09-01T16:26:19.5410048+01:00
391.152679,231.292618,10,2026-09-01T16:26:19.5732096+01:00
390.683014,233.733612,10,2026-09-01T16:26:19.6058496+01:00
387.968567,256.192261,10,2026-09-01T16:26:19.6369536+01:00
388.578552,255.850983,10,2026-09-01T16:26:19.6690944+01:00
387.539795,255.51918,10,2026-09-01T16:26:19.7010432+01:00
387.897247,256.04364,10,2026-09-01T16:26:19.7330944+01:00
389.949432,232.995987,10,2026-09-01T16:26:19.7653248+01:00
388.899292,246.258011,10,2026-09-01T16:26:19.7968896+01:00
388.522705,249.736526,10,2026-09-01T16:26:19.8449792+01:00
387.077972,254.803314,10,2026-09-01T16:26:19.8768384+01:00
386.290344,255.550583,10,2026-09-01T16:26:19.9090176+01:00
386.447205,250.296829,10,2026-09-01T16:26:19.9416064+01:00
387.233063,242.722519,10,2026-09-01T16:26:19.9734400+01:00
387.765167,232.503632,10,2026-09-01T16:26:20.0055168+01:00
387.863342,228.975433,10,2026-09-01T16:26:20.0374144+01:00
385.930359,255.222534,10,2026-09-01T16:26:20.0693120+01:00
385.668701,260.513641,10,2026-09-01T16:26:20.1013376+01:00
384.076172,264.547852,10,2026-09-01T16:26:20.1331968+01:00
386.156738,255.400604,10,2026-09-01T16:26:20.1650816+01:00
388.250824,236.13353,10,2026-09-01T16:26:20.2131200+01:00
388.160339,241.089813,10,2026-09-01T16:26:20.2450816+01:00
385.702606,258.980103,10,2026-09-01T16:26:20.2772736+01:00
387.28244,249.493088,10,2026-09-01T16:26:20.3090816+01:00
388.336487,241.917099,10,2026-09-01T16:26:20.3410048+01:00
386.644653,255.49025,10,2026-09-01T16:26:20.3731456+01:00
385.891541,260.223358,10,2026-09-01T16:26:20.4052608+01:00
387.279816,253.108383,10,2026-09-01T16:26:20.4375168+01:00
386.634247,257.406372,10,2026-09-01T16:26:20.4691456+01:00
386.756561,253.645187,10,2026-09-01T16:26:20.5011968+01:00
384.739349,260.600464,10,2026-09-01T16:26:20.5335040+01:00
384.821442,261.647858,10,2026-09-01T16:26:20.5814272+01:00
387.620819,247.667496,10,2026-09-01T16:26:20.6133504+01:00
386.456757,248.653473,10,2026-09-01T16:26:20.6455424+01:00
388.798706,229.434341,10,2026-09-01T16:26:20.6773504+01:00
388.134399,233.16156,10,2026-09-01T16:26:20.7093760+01:00
386.455292,250.550095,10,2026-09-01T16:26:20.7414400+01:00
387.957611,233.879089,10,2026-09-01T16:26:20.7732736+01:00
388.48468,229.15004,10,2026-09-01T16:26:20.8055552+01:00
385.410217,258.589783,10,2026-09-01T16:26:20.8369792+01:00
385.467102,256.932251,10,2026-09-01T16:26:20.8690304+01:00
386.578491,248.776779,10,2026-09-01T16:26:20.9016320+01:00
385.6492,252.298386,10,2026-09-01T16:26:20.9331200+01:00
385.394287,254.764557,10,2026-09-01T16:26:20.9812096+01:00
385.063171,257.791046,10,2026-09-01T16:26:21.0134528+01:00
385.260986,254.939163,10,2026-09-01T16:26:21.0455552+01:00
384.647614,256.365265,10,2026-09-01T16:26:21.0770560+01:00
386.986237,232.335602,10,2026-09-01T16:26:21.1092736+01:00
387.696075,230.910233,10,2026-09-01T16:26:21.1413632+01:00
385.496277,251.865997,10,2026-09-01T16:26:21.1734144+01:00
384.579803,255.895966,10,2026-09-01T16:26:21.2054144+01:00
384.720612,258.087708,10,2026-09-01T16:26:21.2371840+01:00
387.233093,234.392654,10,2026-09-01T16:26:21.2696064+01:00
386.961792,229.867981,10,2026-09-01T16:26:21.3015936+01:00
386.561218,238.787659,10,2026-09-01T16:26:21.3491200+01:00
384.371765,252.897812,10,2026-09-01T16:26:21.3810432+01:00
385.594025,234.389877,10,2026-09-01T16:26:21.4133632+01:00
383.512543,255.006332,10,2026-09-01T16:26:21.4454528+01:00
383.135315,254.900986,10,2026-09-01T16:26:21.4772352+01:00
383.043915,240.663025,10,2026-09-01T16:26:21.5094016+01:00
381.807495,254.06221,10,2026-09-01T16:26:21.5415296+01:00
382.336975,252.738678,10,2026-09-01T16:26:21.5735936+01:00
382.937317,251.562698,10,2026-09-01T16:26:21.6054144+01:00
382.442993,256.570068,10,2026-09-01T16:26:21.6373632+01:00
382.959839,255.495071,10,2026-09-01T16:26:21.6691968+01:00
384.100647,238.864136,10,2026-09-01T16:26:21.7175936+01:00
383.040283,249.667557,10,2026-09-01T16:26:21.7491456+01:00
382.097076,259.049805,10,2026-09-01T16:26:21.7815680+01:00
383.14389,255.529083,10,2026-09-01T16:26:21.8133888+01:00
383.228699,250.288681,10,2026-09-01T16:26:21.8451200+01:00
382.481018,249.095123,10,2026-09-01T16:26:21.8773376+01:00
383.490448,232.578171,10,2026-09-01T16:26:21.9093120+01:00
383.246063,237.420242,10,2026-09-01T16:26:21.9414528+01:00
382.736328,250.734406,10,2026-09-01T16:26:21.9733120+01:00
381.094971,260.23349,10,2026-09-01T16:26:22.0054272+01:00
384.500092,229.026718,10,2026-09-01T16:26:22.0372992+01:00
381.868317,257.021332,10,2026-09-01T16:26:22.0854144+01:00
383.698639,237.926971,10,2026-09-01T16:26:22.1175168+01:00
380.930298,259.342743,10,2026-09-01T16:26:22.1492480+01:00
382.996399,248.525223,10,2026-09-01T16:26:22.1815040+01:00
382.972717,232.100525,10,2026-09-01T16:26:22.2132864+01:00
382.950531,234.089844,10,2026-09-01T16:26:22.2454016+01:00
382.121368,253.616119,10,2026-09-01T16:26:22.2774400+01:00
383.119598,226.891495,10,2026-09-01T16:26:22.3096064+01:00
381.571716,256.483368,10,2026-09-01T16:26:22.3414528+01:00
381.919861,253.243286,10,2026-09-01T16:26:22.3731968+01:00
380.612762,258.037079,10,2026-09-01T16:26:22.4056448+01:00
383.035767,251.72641,10,2026-09-01T16:26:22.4372992+01:00
384.330841,230.627686,10,2026-09-01T16:26:22.4852864+01:00
382.000977,256.293823,10,2026-09-01T16:26:22.5176448+01:00
383.117432,249.760437,10,2026-09-01T16:26:22.5494912+01:00
384.241486,232.137589,10,2026-09-01T16:26:22.5817344+01:00
382.731659,250.035095,10,2026-09-01T16:26:22.6132864+01:00
382.134766,256.285919,10,2026-09-01T16:26:22.6455808+01:00
384.249146,233.473892,10,2026-09-01T16:26:22.6773248+01:00
381.792633,256.06076,10,2026-09-01T16:26:22.7093888+01:00
383.885437,238.301407,10,2026-09-01T16:26:22.7415552+01:00
383.094421,252.267258,10,2026-09-01T16:26:22.7735808+01:00
381.929291,256.388763,10,2026-09-01T16:26:22.8058112+01:00
382.006256,258.422119,10,2026-09-01T16:26:22.8539136+01:00
383.030212,252.895172,10,2026-09-01T16:26:22.8852480+01:00
383.20105,248.959213,10,2026-09-01T16:26:22.9173376+01:00
382.118073,258.340363,10,2026-09-01T16:26:22.9495296+01:00
382.67334,248.570023,10,2026-09-01T16:26:22.9815936+01:00
384.076935,230.468246,10,2026-09-01T16:26:23.0133888+01:00
381.598572,257.044525,10,2026-09-01T16:26:23.0460928+01:00
381.814453,248.758484,10,2026-09-01T16:26:23.0777472+01:00
383.223114,232.108536,10,2026-09-01T16:26:23.1098112+01:00
380.791718,252.351501,10,2026-09-01T16:26:23.1416960+01:00
382.753113,230.443436,10,2026-09-01T16:26:23.1739136+01:00
382.180237,249.069427,10,2026-09-01T16:26:23.2215168+01:00
382.382477,251.32309,10,2026-09-01T16:26:23.2538880+01:00
382.372253,247.301636,10,2026-09-01T16:26:23.2853120+01:00
379.902679,258.314606,10,2026-09-01T16:26:23.3179904+01:00
380.195007,257.213989,10,2026-09-01T16:26:23.3499392+01:00
383.478088,224.678375,10,2026-09-01T16:26:23.3815424+01:00
381.444885,250.498047,10,2026-09-01T16:26:23.4136832+01:00
383.08252,229.039703,10,2026-09-01T16:26:23.4454912+01:00
380.47525,255.366333,10,2026-09-01T16:26:23.4776576+01:00
382.752167,230.436905,10,2026-09-01T16:26:23.5096320+01:00
381.651733,247.004791,10,2026-09-01T16:26:23.5415296+01:00
381.853699,232.345108,10,2026-09-01T16:26:23.5736320+01:00
380.670898,244.273727,10,2026-09-01T16:26:23.6219008+01:00
382.814728,229.578461,10,2026-09-01T16:26:23.6534400+01:00
382.919464,249.412903,10,2026-09-01T16:26:23.6854016+01:00
383.565063,250.728745,10,2026-09-01T16:26:23.7173760+01:00
386.665344,230.599014,10,2026-09-01T16:26:23.7495808+01:00
384.820099,252.904358,10,2026-09-01T16:26:23.7814912+01:00
385.33551,239.430771,10,2026-09-01T16:26:23.8135040+01:00
383.959656,253.622528,10,2026-09-01T16:26:23.8458368+01:00
385.064087,235.162643,10,2026-09-01T16:26:23.8776064+01:00
381.728729,256.135529,10,2026-09-01T16:26:23.9097088+01:00
381.334747,257.871246,10,2026-09-01T16:26:23.9417216+01:00
385.297394,228.918121,10,2026-09-01T16:26:23.9898112+01:00
382.600586,255.985565,10,2026-09-01T16:26:24.0217088+01:00
383.09201,256.613037,10,2026-09-01T16:26:24.0537344+01:00
384.487427,249.998322,10,2026-09-01T16:26:24.0857088+01:00
382.871368,256.519897,10,2026-09-01T16:26:24.1176320+01:00
381.860718,256.648987,10,2026-09-01T16:26:24.1496960+01:00
382.743683,239.288895,10,2026-09-01T16:26:24.1815680+01:00
382.569855,229.886307,10,2026-09-01T16:26:24.2138496+01:00
382.790253,231.103333,10,2026-09-01T16:26:24.2457984+01:00
384.581146,228.678467,10,2026-09-01T16:26:24.2777216+01:00
384.976868,232.08699,10,2026-09-01T16:26:24.3100032+01:00
385.030762,235.000687,10,2026-09-01T16:26:24.3576064+01:00
383.769257,240.030258,10,2026-09-01T16:26:24.3901440+01:00
384.802643,229.809998,10,2026-09-01T16:26:24.4216064+01:00
382.459625,257.443939,10,2026-09-01T16:26:24.4535040+01:00
383.397552,249.476959,10,2026-09-01T16:26:24.4856192+01:00
385.652954,232.312317,10,2026-09-01T16:26:24.5175808+01:00
386.155212,229.503143,10,2026-09-01T16:26:24.5495680+01:00
384.206604,251.928497,10,2026-09-01T16:26:24.5816576+01:00
383.032349,255.138397,10,2026-09-01T16:26:24.6141568+01:00
383.259003,252.682022,10,2026-09-01T16:26:24.6463872+01:00
382.544037,256.323547,10,2026-09-01T16:26:24.6781184+01:00
383.922638,235.724136,10,2026-09-01T16:26:24.7260032+01:00
382.644714,244.963165,10,2026-09-01T16:26:24.7576192+01:00
384.03717,232.634766,10,2026-09-01T16:26:24.7898496+01:00
384.16861,246.442581,10,2026-09-01T16:26:24.8215040+01:00
383.731628,248.283035,10,2026-09-01T16:26:24.8539008+01:00
385.044983,226.503403,10,2026-09-01T16:26:24.8857216+01:00
382.59552,250.769989,10,2026-09-01T16:26:24.9176192+01:00
382.808197,249.136902,10,2026-09-01T16:26:24.9496448+01:00
382.04248,255.253204,10,2026-09-01T16:26:24.9815680+01:00
383.323273,246.973816,10,2026-09-01T16:26:25.0135936+01:00
386.16922,230.231628,10,2026-09-01T16:26:25.0458496+01:00
386.33725,243.706589,10,2026-09-01T16:26:25.0779392+01:00
386.293091,251.870056,10,2026-09-01T16:26:25.1260544+01:00
386.182434,248.92868,10,2026-09-01T16:26:25.1580928+01:00
385.179108,256.36911,10,2026-09-01T16:26:25.1903488+01:00
383.838928,255.776352,10,2026-09-01T16:26:25.2217088+01:00
386.219421,248.723068,10,2026-09-01T16:26:25.2534016+01:00
387.784271,229.082855,10,2026-09-01T16:26:25.2857088+01:00
387.701019,235.923248,10,2026-09-01T16:26:25.3175424+01:00
387.256775,241.060471,10,2026-09-01T16:26:25.3499648+01:00
385.498871,255.403595,10,2026-09-01T16:26:25.3820032+01:00
387.052979,235.809067,10,2026-09-01T16:26:25.4138368+01:00
386.589294,235.376266,10,2026-09-01T16:26:25.4460416+01:00
386.816467,234.405884,10,2026-09-01T16:26:25.4939776+01:00
385.826782,242.675705,10,2026-09-01T16:26:25.5259264+01:00
387.87439,227.823532,10,2026-09-01T16:26:25.5579904+01:00
386.854462,230.694931,10,2026-09-01T16:26:25.5899392+01:00
386.428802,235.23822,10,2026-09-01T16:26:25.6220544+01:00
385.210785,242.795013,10,2026-09-01T16:26:25.6537472+01:00
386.848511,235.664795,10,2026-09-01T16:26:25.6857728+01:00
385.44165,250.070816,10,2026-09-01T16:26:25.7177856+01:00
386.958588,238.260956,10,2026-09-01T16:26:25.7497984+01:00
384.359131,255.037537,10,2026-09-01T16:26:25.7820032+01:00
385.238678,247.70018,10,2026-09-01T16:26:25.8137088+01:00
384.69635,247.836899,10,2026-09-01T16:26:25.8621056+01:00
384.768433,250.650864,10,2026-09-01T16:26:25.8941312+01:00
384.611847,247.509232,10,2026-09-01T16:26:25.9260288+01:00
383.418488,254.338577,10,2026-09-01T16:26:25.9583872+01:00
386.052734,228.474304,10,2026-09-01T16:26:25.9899392+01:00
383.785004,239.31485,10,2026-09-01T16:26:26.0219008+01:00
384.443909,231.031418,10,2026-09-01T16:26:26.0539392+01:00
381.796783,254.227142,10,2026-09-01T16:26:26.0858880+01:00
383.927063,243.315964,10,2026-09-01T16:26:26.1178880+01:00
384.990906,228.099197,10,2026-09-01T16:26:26.1498752+01:00
384.289093,229.073196,10,2026-09-01T16:26:26.1822336+01:00
384.629333,228.068741,10,2026-09-01T16:26:26.2300288+01:00
384.609314,231.706985,10,2026-09-01T16:26:26.2619264+01:00
382.213776,256.514771,10,2026-09-01T16:26:26.2940416+01:00
382.683228,253.844543,10,2026-09-01T16:26:26.3261440+01:00
383.345154,250.832993,10,2026-09-01T16:26:26.3577984+01:00
383.943756,250.988922,10,2026-09-01T16:26:26.3904384+01:00
383.029419,257.243073,10,2026-09-01T16:26:26.4218752+01:00
385.578522,241.322311,10,2026-09-01T16:26:26.4537728+01:00
386.157135,240.350586,10,2026-09-01T16:26:26.4856448+01:00
383.670319,255.081955,10,2026-09-01T16:26:26.5178496+01:00
383.967682,257.043701,10,2026-09-01T16:26:26.5497344+01:00
384.390747,254.704742,10,2026-09-01T16:26:26.5819904+01:00
385.354309,254.199051,10,2026-09-01T16:26:26.6302720+01:00
384.41391,253.882065,10,2026-09-01T16:26:26.6622848+01:00
386.799896,228.434036,10,2026-09-01T16:26:26.6945024+01:00
383.887238,256.496613,10,2026-09-01T16:26:26.7255936+01:00
386.2388,233.721283,10,2026-09-01T16:26:26.7579648+01:00
383.930298,254.711349,10,2026-09-01T16:26:26.7898624+01:00
383.965759,251.42775,10,2026-09-01T16:26:26.8221568+01:00
386.033813,232.300507,10,2026-09-01T16:26:26.8537600+01:00
385.819458,232.517151,10,2026-09-01T16:26:26.8858112+01:00
382.986603,257.339935,10,2026-09-01T16:26:26.9180800+01:00
385.432678,233.317719,10,2026-09-01T16:26:26.9499776+01:00
383.243103,254.106171,10,2026-09-01T16:26:26.9982848+01:00
382.173706,255.559616,10,2026-09-01T16:26:27.0299648+01:00
384.543091,231.834778,10,2026-09-01T16:26:27.0619008+01:00
383.460693,248.276459,10,2026-09-01T16:26:27.0942848+01:00
384.057068,241.245071,10,2026-09-01T16:26:27.1261696+01:00
385.415771,236.100632,10,2026-09-01T16:26:27.1579904+01:00
382.727051,253.482178,10,2026-09-01T16:26:27.1900544+01:00
382.509796,252.131851,10,2026-09-01T16:26:27.2221568+01:00
382.134827,250.329498,10,2026-09-01T16:26:27.2539904+01:00
381.080872,254.700745,10,2026-09-01T16:26:27.2859392+01:00
383.455048,226.173477,10,2026-09-01T16:26:27.3179520+01:00
382.653503,232.668472,10,2026-09-01T16:26:27.3658496+01:00
382.210968,224.602509,10,2026-09-01T16:26:27.3980288+01:00
382.410034,240.480164,10,2026-09-01T16:26:27.4309888+01:00
384.498444,233.33345,10,2026-09-01T16:26:27.4620160+01:00
387.552032,237.680618,10,2026-09-01T16:26:27.4942720+01:00
390.487518,242.184509,10,2026-09-01T16:26:27.5260672+01:00
392.659485,240.537872,10,2026-09-01T16:26:27.5581696+01:00
393.079956,245.707275,10,2026-09-01T16:26:27.5899136+01:00
391.534668,231.971939,10,2026-09-01T16:26:27.6219264+01:00
390.729309,241.223297,10,2026-09-01T16:26:27.6540288+01:00
389.384521,233.670715,10,2026-09-01T16:26:27.6864640+01:00
388.525635,230.782043,10,2026-09-01T16:26:27.7197824+01:00
388.500427,237.715729,10,2026-09-01T16:26:27.7660928+01:00
388.380615,232.747208,10,2026-09-01T16:26:27.7986176+01:00
388.785126,245.668182,10,2026-09-01T16:26:27.8307840+01:00
388.281311,234.315353,10,2026-09-01T16:26:27.8622976+01:00
387.843719,240.994766,10,2026-09-01T16:26:27.8946688+01:00
386.525726,255.02951,10,2026-09-01T16:26:27.9265536+01:00
387.481567,248.017685,10,2026-09-01T16:26:27.9586816+01:00
387.282074,231.158966,10,2026-09-01T16:26:27.9915904+01:00
387.469421,235.368301,10,2026-09-01T16:26:28.0226688+01:00
387.934082,229.281586,10,2026-09-01T16:26:28.0543488+01:00
387.652954,247.867035,10,2026-09-01T16:26:28.0861184+01:00
386.90448,250.82753,10,2026-09-01T16:26:28.1344256+01:00
385.402222,253.895676,10,2026-09-01T16:26:28.1668992+01:00
385.740265,234.033417,10,2026-09-01T16:26:28.1984512+01:00
385.429688,232.551102,10,2026-09-01T16:26:28.2306176+01:00
384.182953,233.285522,10,2026-09-01T16:26:28.2622976+01:00
385.178223,240.718994,10,2026-09-01T16:26:28.2942592+01:00
384.727448,236.921951,10,2026-09-01T16:26:28.3263360+01:00
385.35022,233.760208,10,2026-09-01T16:26:28.3580800+01:00
384.960693,237.795303,10,2026-09-01T16:26:28.3899648+01:00
383.335144,250.420166,10,2026-09-01T16:26:28.4225536+01:00
382.933502,252.729187,10,2026-09-01T16:26:28.4543360+01:00
384.159882,242.875854,10,2026-09-01T16:26:28.5019136+01:00
384.065491,249.970566,10,2026-09-01T16:26:28.5340416+01:00
384.058197,247.85997,10,2026-09-01T16:26:28.5659392+01:00
384.736053,226.577347,10,2026-09-01T16:26:28.5984512+01:00
383.632324,253.441559,10,2026-09-01T16:26:28.6302848+01:00
384.113983,252.662048,10,2026-09-01T16:26:28.6621440+01:00
384.188507,228.807327,10,2026-09-01T16:26:28.6944256+01:00
384.218262,234.297852,10,2026-09-01T16:26:28.7264384+01:00
384.010132,254.8172,10,2026-09-01T16:26:28.7583488+01:00
385.007324,243.957657,10,2026-09-01T16:26:28.7899392+01:00
385.389191,231.49025,10,2026-09-01T16:26:28.8221184+01:00
385.369446,234.299316,10,2026-09-01T16:26:28.8699392+01:00
384.094116,254.465439,10,2026-09-01T16:26:28.9027072+01:00
384.266388,240.910416,10,2026-09-01T16:26:28.9342848+01:00
383.37204,245.538116,10,2026-09-01T16:26:28.9665920+01:00
382.757507,248.957733,10,2026-09-01T16:26:28.9984512+01:00
383.023834,244.151031,10,2026-09-01T16:26:29.0300800+01:00
383.581421,233.024048,10,2026-09-01T16:26:29.0620288+01:00
383.251129,252.190781,10,2026-09-01T16:26:29.0942208+01:00
383.874695,253.418625,10,2026-09-01T16:26:29.1263360+01:00
384.770081,227.962402,10,2026-09-01T16:26:29.1580544+01:00
384.735321,224.595688,10,2026-09-01T16:26:29.1902976+01:00
383.157532,256.578003,10,2026-09-01T16:26:29.2226176+01:00
384.47522,231.716965,10,2026-09-01T16:26:29.2702976+01:00
382.764984,253.74173,10,2026-09-01T16:26:29.3023616+01:00
382.628876,252.688004,10,2026-09-01T16:26:29.3344000+01:00
384.267609,234.298172,10,2026-09-01T16:26:29.3665024+01:00
384.100464,233.241867,10,2026-09-01T16:26:29.3984128+01:00
382.799744,256.308075,10,2026-09-01T16:26:29.4303488+01:00
383.886383,254.178329,10,2026-09-01T16:26:29.4622720+01:00
384.094452,249.538025,10,2026-09-01T16:26:29.4945664+01:00
384.89563,242.275284,10,2026-09-01T16:26:29.5265536+01:00
384.637604,247.9617,10,2026-09-01T16:26:29.5587200+01:00
384.862213,252.284973,10,2026-09-01T16:26:29.5902080+01:00
383.986542,251.008972,10,2026-09-01T16:26:29.6386688+01:00
384.369934,251.011292,10,2026-09-01T16:26:29.6701056+01:00
384.112335,253.010849,10,2026-09-01T16:26:29.7025664+01:00
385.870514,229.844147,10,2026-09-01T16:26:29.7345536+01:00
383.757263,254.587982,10,2026-09-01T16:26:29.7665280+01:00
385.36972,234.671692,10,2026-09-01T16:26:29.7982336+01:00
385.070496,231.702484,10,2026-09-01T16:26:29.8303872+01:00
384.543762,246.675873,10,2026-09-01T16:26:29.8620288+01:00
383.687927,254.263412,10,2026-09-01T16:26:29.8946176+01:00
383.866913,251.129013,10,2026-09-01T16:26:29.9263104+01:00
385.198517,231.468628,10,2026-09-01T16:26:29.9586048+01:00
384.213074,255.512848,10,2026-09-01T16:26:30.0063872+01:00
384.946838,231.449738,10,2026-09-01T16:26:30.0384384+01:00
383.950073,254.125626,10,2026-09-01T16:26:30.0706944+01:00
383.326965,257.452026,10,2026-09-01T16:26:30.1025152+01:00
383.998688,248.083984,10,2026-09-01T16:26:30.1342208+01:00
382.755829,253.850739,10,2026-09-01T16:26:30.1665024+01:00
382.815613,250.666458,10,2026-09-01T16:26:30.1982848+01:00
384.745056,235.696045,10,2026-09-01T16:26:30.2306688+01:00
385.305786,234.49733,10,2026-09-01T16:26:30.2625152+01:00
385.159698,242.950714,10,2026-09-01T16:26:30.2944640+01:00
383.748596,252.715714,10,2026-09-01T16:26:30.3264384+01:00
383.960663,248.69577,10,2026-09-01T16:26:30.3742592+01:00
384.108643,246.468445,10,2026-09-01T16:26:30.4062592+01:00
382.072083,256.418091,10,2026-09-01T16:26:30.4387968+01:00
384.115967,248.562042,10,2026-09-01T16:26:30.4703872+01:00
383.411285,257.564301,10,2026-09-01T16:26:30.5025152+01:00
383.912445,249.080551,10,2026-09-01T16:26:30.5346432+01:00
383.376953,252.46788,10,2026-09-01T16:26:30.5666304+01:00
384.98172,233.657684,10,2026-09-01T16:26:30.5983872+01:00
383.943054,255.483459,10,2026-09-01T16:26:30.6305664+01:00
383.025635,257.020172,10,2026-09-01T16:26:30.6625792+01:00
383.332581,253.649048,10,2026-09-01T16:26:30.6941056+01:00
385.866913,230.697021,10,2026-09-01T16:26:30.7266176+01:00
384.944641,245.175476,10,2026-09-01T16:26:30.7746560+01:00
383.860718,252.636261,10,2026-09-01T16:26:30.8067968+01:00
383.015839,254.206635,10,2026-09-01T16:26:30.8383232+01:00
385.71756,234.934082,10,2026-09-01T16:26:30.8703744+01:00
384.402924,248.272705,10,2026-09-01T16:26:30.9024384+01:00
384.249603,248.113937,10,2026-09-01T16:26:30.9345792+01:00
384.114075,251.496964,10,2026-09-01T16:26:30.9664256+01:00
385.650604,230.586044,10,2026-09-01T16:26:30.9989504+01:00
383.431824,254.881104,10,2026-09-01T16:26:31.0306816+01:00
384.912415,247.86554,10,2026-09-01T16:26:31.0627840+01:00
382.644073,255.967789,10,2026-09-01T16:26:31.0947072+01:00
384.859833,233.502533,10,2026-09-01T16:26:31.1426688+01:00
383.066498,256.407104,10,2026-09-01T16:26:31.1748736+01:00
383.240784,254.974838,10,2026-09-01T16:26:31.2064000+01:00
382.997101,256.062683,10,2026-09-01T16:26:31.2384640+01:00
382.982941,255.375641,10,2026-09-01T16:26:31.2704640+01:00
383.712433,250.088837,10,2026-09-01T16:26:31.3024384+01:00
383.852631,250.234726,10,2026-09-01T16:26:31.3346176+01:00
385.342865,236.369797,10,2026-09-01T16:26:31.3666304+01:00
384.408875,247.259735,10,2026-09-01T16:26:31.3986816+01:00
385.253937,235.488831,10,2026-09-01T16:26:31.4302848+01:00
384.806671,237.462402,10,2026-09-01T16:26:31.4628352+01:00
382.600586,257.562927,10,2026-09-01T16:26:31.5108736+01:00
383.688202,251.556625,10,2026-09-01T16:26:31.5428352+01:00
382.577179,256.682434,10,2026-09-01T16:26:31.5744384+01:00
383.597076,250.123932,10,2026-09-01T16:26:31.6067456+01:00
383.502319,253.570007,10,2026-09-01T16:26:31.6387840+01:00
385.361206,229.205505,10,2026-09-01T16:26:31.6704128+01:00
382.787903,253.403885,10,2026-09-01T16:26:31.7028224+01:00
383.385162,254.797302,10,2026-09-01T16:26:31.7346688+01:00
383.659943,249.006714,10,2026-09-01T16:26:31.7667072+01:00
385.120331,236.623611,10,2026-09-01T16:26:31.7986304+01:00
383.440125,254.628113,10,2026-09-01T16:26:31.8306560+01:00
384.410614,243.470474,10,2026-09-01T16:26:31.8625920+01:00
382.343445,256.819458,10,2026-09-01T16:26:31.9110912+01:00
384.430695,241.250702,10,2026-09-01T16:26:31.9427456+01:00
384.382813,242.863037,10,2026-09-01T16:26:31.9743872+01:00
381.733765,261.943695,10,2026-09-01T16:26:32.0067456+01:00
382.784241,255.831345,10,2026-09-01T16:26:32.0386688+01:00
382.792358,252.201218,10,2026-09-01T16:26:32.0709376+01:00
383.325653,253.855316,10,2026-09-01T16:26:32.1032832+01:00
383.029816,253.078705,10,2026-09-01T16:26:32.1354496+01:00
384.471802,235.189514,10,2026-09-01T16:26:32.1670400+01:00
382.518066,257.957153,10,2026-09-01T16:26:32.1985152+01:00
383.229004,249.104935,10,2026-09-01T16:26:32.2305408+01:00
383.528625,250.416458,10,2026-09-01T16:26:32.2788736+01:00
383.229797,251.108658,10,2026-09-01T16:26:32.3109120+01:00
385.492004,227.510651,10,2026-09-01T16:26:32.3426176+01:00
384.863525,233.552856,10,2026-09-01T16:26:32.3745152+01:00
382.408539,258.040741,10,2026-09-01T16:26:32.4066176+01:00
384.613342,234.67514,10,2026-09-01T16:26:32.4384640+01:00
382.20163,259.743683,10,2026-09-01T16:26:32.4707200+01:00
382.22049,256.772858,10,2026-09-01T16:26:32.5029248+01:00
382.661987,252.964279,10,2026-09-01T16:26:32.5349376+01:00
381.860382,256.306519,10,2026-09-01T16:26:32.5674496+01:00
383.592896,249.449402,10,2026-09-01T16:26:32.5988352+01:00
382.460602,253.408005,10,2026-09-01T16:26:32.6466048+01:00
382.316071,259.275208,10,2026-09-01T16:26:32.6788352+01:00
382.350067,251.678619,10,2026-09-01T16:26:32.7105152+01:00
382.527313,251.417175,10,2026-09-01T16:26:32.7429248+01:00
382.039398,254.232269,10,2026-09-01T16:26:32.7745664+01:00
381.275146,259.027039,10,2026-09-01T16:26:32.8071040+01:00
381.92569,253.247833,10,2026-09-01T16:26:32.8389888+01:00
382.051025,253.604172,10,2026-09-01T16:26:32.8712064+01:00
382.846924,246.988693,10,2026-09-01T16:26:32.9027584+01:00
384.157227,229.523575,10,2026-09-01T16:26:32.9348480+01:00
384.0401,229.717056,10,2026-09-01T16:26:32.9671424+01:00
381.480255,254.273041,10,2026-09-01T16:26:33.0150272+01:00
380.917938,259.083771,10,2026-09-01T16:26:33.0466432+01:00
381.798309,252.248337,10,2026-09-01T16:26:33.0790144+01:00
381.207001,256.222656,10,2026-09-01T16:26:33.1109248+01:00
381.292877,255.057007,10,2026-09-01T16:26:33.1425920+01:00
381.104492,255.38063,10,2026-09-01T16:26:33.1746944+01:00
382.242767,248.092545,10,2026-09-01T16:26:33.2066048+01:00
383.217133,230.919174,10,2026-09-01T16:26:33.2386304+01:00
382.486755,252.580933,10,2026-09-01T16:26:33.2708224+01:00
381.096191,253.918823,10,2026-09-01T16:26:33.3030016+01:00
383.772339,231.294998,10,2026-09-01T16:26:33.3349504+01:00
382.764679,242.662277,10,2026-09-01T16:26:33.3665152+01:00
383.68985,225.245087,10,2026-09-01T16:26:33.4152448+01:00
383.521576,227.484955,10,2026-09-01T16:26:33.4468480+01:00
381.799347,252.54747,10,2026-09-01T16:26:33.4789120+01:00
381.970245,255.173782,10,2026-09-01T16:26:33.5109504+01:00
382.091919,245.235046,10,2026-09-01T16:26:33.5427584+01:00
381.008514,257.503815,10,2026-09-01T16:26:33.5747456+01:00
380.437439,256.664185,10,2026-09-01T16:26:33.6071296+01:00
381.408295,250.934525,10,2026-09-01T16:26:33.6388224+01:00
380.587006,257.806793,10,2026-09-01T16:26:33.6710656+01:00
382.766449,230.038635,10,2026-09-01T16:26:33.7032448+01:00
381.417969,251.288773,10,2026-09-01T16:26:33.7357440+01:00
380.904694,251.153793,10,2026-09-01T16:26:33.7827328+01:00
382.047333,235.520065,10,2026-09-01T16:26:33.8147456+01:00
382.249268,233.082596,10,2026-09-01T16:26:33.8471168+01:00
381.610565,250.23822,10,2026-09-01T16:26:33.8788480+01:00
381.301208,251.178299,10,2026-09-01T16:26:33.9107712+01:00
382.928406,229.77124,10,2026-09-01T16:26:33.9427456+01:00
381.134003,254.329208,10,2026-09-01T16:26:33.9747072+01:00
381.319305,252.414185,10,2026-09-01T16:26:34.0066048+01:00
382.869781,226.034027,10,2026-09-01T16:26:34.0387328+01:00
381.029205,253.391052,10,2026-09-01T16:26:34.0708480+01:00
381.175537,250.740479,10,2026-09-01T16:26:34.1032576+01:00
382.505981,229.780869,10,2026-09-01T16:26:34.1510656+01:00
381.704163,252.526199,10,2026-09-01T16:26:34.1832064+01:00
381.980194,250.500107,10,2026-09-01T16:26:34.2147200+01:00
382.405304,232.747543,10,2026-09-01T16:26:34.2470016+01:00
382.781342,227.566269,10,2026-09-01T16:26:34.2793600+01:00
382.694519,229.277054,10,2026-09-01T16:26:34.3108608+01:00
379.989838,255.952621,10,2026-09-01T16:26:34.3431296+01:00
381.343658,247.135727,10,2026-09-01T16:26:34.3751168+01:00
381.616638,226.549149,10,2026-09-01T16:26:34.4067328+01:00
381.93866,230.207748,10,2026-09-01T16:26:34.4391040+01:00
380.514709,254.730042,10,2026-09-01T16:26:34.4707328+01:00
380.850403,251.097397,10,2026-09-01T16:26:34.5190272+01:00
381.728851,230.183365,10,2026-09-01T16:26:34.5509632+01:00
380.192017,257.177673,10,2026-09-01T16:26:34.5833216+01:00
380.819458,255.036865,10,2026-09-01T16:26:34.6149376+01:00
380.801605,251.015686,10,2026-09-01T16:26:34.6469504+01:00
381.241608,227.469498,10,2026-09-01T16:26:34.6786432+01:00
379.68103,253.587128,10,2026-09-01T16:26:34.7108736+01:00
381.195892,228.848099,10,2026-09-01T16:26:34.7429760+01:00
379.155609,255.024384,10,2026-09-01T16:26:34.7749248+01:00
379.386505,250.938568,10,2026-09-01T16:26:34.8068864+01:00
379.739319,254.835526,10,2026-09-01T16:26:34.8394112+01:00
381.19519,231.882584,10,2026-09-01T16:26:34.8712320+01:00
381.449707,225.806076,10,2026-09-01T16:26:34.9191040+01:00
380.728333,243.955582,10,2026-09-01T16:26:34.9508096+01:00
379.531738,253.877625,10,2026-09-01T16:26:34.9828224+01:00
380.023285,252.383499,10,2026-09-01T16:26:35.0149504+01:00
379.630249,253.578415,10,2026-09-01T16:26:35.0472320+01:00
381.543182,227.79985,10,2026-09-01T16:26:35.0792832+01:00
381.563751,226.45192,10,2026-09-01T16:26:35.1110016+01:00
379.19455,255.956467,10,2026-09-01T16:26:35.1432448+01:00
381.646912,226.593292,10,2026-09-01T16:26:35.1751040+01:00
379.745758,252.785324,10,2026-09-01T16:26:35.2073344+01:00
382.117126,225.402496,10,2026-09-01T16:26:35.2390784+01:00
380.060852,254.993011,10,2026-09-01T16:26:35.2868736+01:00
380.406158,254.135468,10,2026-09-01T16:26:35.3194624+01:00
381.698578,229.654236,10,2026-09-01T16:26:35.3511552+01:00
381.206512,235.25116,10,2026-09-01T16:26:35.3829376+01:00
380.750244,248.363113,10,2026-09-01T16:26:35.4151040+01:00
381.513763,232.398621,10,2026-09-01T16:26:35.4470912+01:00
381.369904,231.737,10,2026-09-01T16:26:35.4789888+01:00
380.037872,256.846222,10,2026-09-01T16:26:35.5108352+01:00
378.805817,259.420227,10,2026-09-01T16:26:35.5433088+01:00
379.617249,254.526031,10,2026-09-01T16:26:35.5752064+01:00
381.394623,230.181625,10,2026-09-01T16:26:35.6070016+01:00
380.985138,233.840942,10,2026-09-01T16:26:35.6553216+01:00
381.90213,226.89592,10,2026-09-01T16:26:35.6871296+01:00
379.347046,257.191315,10,2026-09-01T16:26:35.7192448+01:00
382.500244,226.652924,10,2026-09-01T16:26:35.7509504+01:00
380.840881,240.756714,10,2026-09-01T16:26:35.7830656+01:00
381.987915,234.575912,10,2026-09-01T16:26:35.8152320+01:00
379.850098,255.510376,10,2026-09-01T16:26:35.8474880+01:00
380.081879,254.955704,10,2026-09-01T16:26:35.8791424+01:00
381.379517,248.932648,10,2026-09-01T16:26:35.9111680+01:00
381.192261,253.959732,10,2026-09-01T16:26:35.9430528+01:00
382.249023,256.014954,10,2026-09-01T16:26:35.9753728+01:00
381.220734,257.054901,10,2026-09-01T16:26:36.0071936+01:00
381.573578,255.786148,10,2026-09-01T16:26:36.0553344+01:00
381.790039,256.181946,10,2026-09-01T16:26:36.0872704+01:00
382.315002,252.451462,10,2026-09-01T16:26:36.1191808+01:00
381.880066,255.957779,10,2026-09-01T16:26:36.1514752+01:00
383.811554,248.55748,10,2026-09-01T16:26:36.1832704+01:00
382.708191,254.779022,10,2026-09-01T16:26:36.2152448+01:00
382.672638,254.209198,10,2026-09-01T16:26:36.2469504+01:00
384.850433,233.683182,10,2026-09-01T16:26:36.2791040+01:00
383.052032,254.690796,10,2026-09-01T16:26:36.3112704+01:00
383.583344,256.591949,10,2026-09-01T16:26:36.3437696+01:00
383.399994,254.001404,10,2026-09-01T16:26:36.3753088+01:00
383.089417,259.887451,10,2026-09-01T16:26:36.4233600+01:00
382.425659,258.938538,10,2026-09-01T16:26:36.4548736+01:00
383.901917,253.987991,10,2026-09-01T16:26:36.4871296+01:00
383.211731,254.199188,10,2026-09-01T16:26:36.5189632+01:00
382.220001,256.403809,10,2026-09-01T16:26:36.5511040+01:00
380.722321,261.896759,10,2026-09-01T16:26:36.5833344+01:00
383.906494,226.016159,10,2026-09-01T16:26:36.6150912+01:00
381.322235,253.550125,10,2026-09-01T16:26:36.6473728+01:00
381.550873,251.582565,10,2026-09-01T16:26:36.6791424+01:00
380.990204,252.344986,10,2026-09-01T16:26:36.7113600+01:00
380.41156,254.076706,10,2026-09-01T16:26:36.7430144+01:00
380.041199,255.31691,10,2026-09-01T16:26:36.7912448+01:00
380.356812,248.273758,10,2026-09-01T16:26:36.8233728+01:00
379.79007,253.925751,10,2026-09-01T16:26:36.8549888+01:00
379.683167,254.967484,10,2026-09-01T16:26:36.8873088+01:00
378.799347,255.632355,10,2026-09-01T16:26:36.9195136+01:00
379.393311,250.264191,10,2026-09-01T16:26:36.9510528+01:00
379.559753,244.71373,10,2026-09-01T16:26:36.9832320+01:00
379.420105,251.909882,10,2026-09-01T16:26:37.0155264+01:00
379.077789,254.845428,10,2026-09-01T16:26:37.0474112+01:00
380.291321,223.207687,10,2026-09-01T16:26:37.0790912+01:00
378.814636,253.816315,10,2026-09-01T16:26:37.1113600+01:00
379.091827,246.199371,10,2026-09-01T16:26:37.1592576+01:00
378.350616,250.265198,10,2026-09-01T16:26:37.1914496+01:00
378.006165,251.404251,10,2026-09-01T16:26:37.2232832+01:00
377.898712,251.270935,10,2026-09-01T16:26:37.2550656+01:00
377.861908,235.733795,10,2026-09-01T16:26:37.2872576+01:00
377.891113,234.067932,10,2026-09-01T16:26:37.3196032+01:00
377.965515,252.165268,10,2026-09-01T16:26:37.3515648+01:00
377.661194,252.67926,10,2026-09-01T16:26:37.3831040+01:00
379.731995,233.629211,10,2026-09-01T16:26:37.4155648+01:00
380.027161,247.583817,10,2026-09-01T16:26:37.4471808+01:00
379.382202,236.749146,10,2026-09-01T16:26:37.4792832+01:00
380.052216,228.436707,10,2026-09-01T16:26:37.5110400+01:00
378.986389,250.834427,10,2026-09-01T16:26:37.5593216+01:00
379.900452,224.393311,10,2026-09-01T16:26:37.5914624+01:00
379.568146,232.486343,10,2026-09-01T16:26:37.6229632+01:00
380.071411,250.467728,10,2026-09-01T16:26:37.6555904+01:00
379.200836,249.533798,10,2026-09-01T16:26:37.6871552+01:00
378.769653,252.197556,10,2026-09-01T16:26:37.7195392+01:00
379.80365,238.291504,10,2026-09-01T16:26:37.7511296+01:00
379.209106,250.569397,10,2026-09-01T16:26:37.7834496+01:00
378.160797,255.941483,10,2026-09-01T16:26:37.8151296+01:00
378.350494,251.870026,10,2026-09-01T16:26:37.8475392+01:00
377.71817,254.5242,10,2026-09-01T16:26:37.8795264+01:00
379.739594,233.630005,10,2026-09-01T16:26:37.9277312+01:00
379.938293,248.26384,10,2026-09-01T16:26:37.9592448+01:00
380.696014,234.431213,10,2026-09-01T16:26:37.9913728+01:00
379.907135,247.086517,10,2026-09-01T16:26:38.0232832+01:00
379.406097,253.471954,10,2026-09-01T16:26:38.0551808+01:00
379.941345,250.251312,10,2026-09-01T16:26:38.0872448+01:00
380.08667,254.184814,10,2026-09-01T16:26:38.1191040+01:00
380.283569,252.7444,10,2026-09-01T16:26:38.1512960+01:00
379.58017,258.123566,10,2026-09-01T16:26:38.1836544+01:00
380.250702,254.89389,10,2026-09-01T16:26:38.2157184+01:00
380.233795,248.783463,10,2026-09-01T16:26:38.2472448+01:00
379.294464,252.515198,10,2026-09-01T16:26:38.2957056+01:00
379.978638,252.624908,10,2026-09-01T16:26:38.3275264+01:00
380.663666,247.394302,10,2026-09-01T16:26:38.3598080+01:00
380.499878,254.520279,10,2026-09-01T16:26:38.3914496+01:00
381.513916,248.423615,10,2026-09-01T16:26:38.4236800+01:00
381.257507,247.285995,10,2026-09-01T16:26:38.4553216+01:00
379.771423,256.141418,10,2026-09-01T16:26:38.4872448+01:00
380.91861,232.896408,10,2026-09-01T16:26:38.5194496+01:00
379.328247,249.857239,10,2026-09-01T16:26:38.5512448+01:00
378.816437,247.213348,10,2026-09-01T16:26:38.5833216+01:00
378.578308,239.035919,10,2026-09-01T16:26:38.6152704+01:00
379.477875,225.03334,10,2026-09-01T16:26:38.6638336+01:00
378.791168,254.648438,10,2026-09-01T16:26:38.6959872+01:00
379.709503,233.86113,10,2026-09-01T16:26:38.7276416+01:00
379.492889,230.000305,10,2026-09-01T16:26:38.7595520+01:00
379.291748,239.947723,10,2026-09-01T16:26:38.7917952+01:00
378.821228,252.658005,10,2026-09-01T16:26:38.8237056+01:00
380.212433,248.678101,10,2026-09-01T16:26:38.8553344+01:00
380.885284,249.650665,10,2026-09-01T16:26:38.8873344+01:00
381.036133,252.345764,10,2026-09-01T16:26:38.9195392+01:00
382.059845,251.610596,10,2026-09-01T16:26:38.9515904+01:00
382.667816,230.229416,10,2026-09-01T16:26:38.9835136+01:00
381.557892,244.080399,10,2026-09-01T16:26:39.0153984+01:00
380.968872,251.941559,10,2026-09-01T16:26:39.0636800+01:00
381.730988,232.212952,10,2026-09-01T16:26:39.0954624+01:00
380.052826,250.703644,10,2026-09-01T16:26:39.1275264+01:00
381.263397,248.921753,10,2026-09-01T16:26:39.1596160+01:00
381.075195,253.650528,10,2026-09-01T16:26:39.1917696+01:00
380.49884,255.640823,10,2026-09-01T16:26:39.2234368+01:00
381.421082,239.138397,10,2026-09-01T16:26:39.2553088+01:00
380.330353,250.214691,10,2026-09-01T16:26:39.2873600+01:00
380.03241,254.517761,10,2026-09-01T16:26:39.3196928+01:00
380.769409,252.468857,10,2026-09-01T16:26:39.3512448+01:00
380.747955,251.162582,10,2026-09-01T16:26:39.3834752+01:00
380.998077,231.523529,10,2026-09-01T16:26:39.4318336+01:00
378.292389,260.578796,10,2026-09-01T16:26:39.4635008+01:00
380.809509,229.027603,10,2026-09-01T16:26:39.4956288+01:00
378.320831,254.912399,10,2026-09-01T16:26:39.5277184+01:00
378.300751,257.146423,10,2026-09-01T16:26:39.5596160+01:00
378.813293,249.113373,10,2026-09-01T16:26:39.5912832+01:00
380.351532,229.101044,10,2026-09-01T16:26:39.6236416+01:00
378.992004,253.737259,10,2026-09-01T16:26:39.6557312+01:00
379.864227,248.392853,10,2026-09-01T16:26:39.6874112+01:00
378.903625,254.884872,10,2026-09-01T16:26:39.7195520+01:00
378.981689,256.428528,10,2026-09-01T16:26:39.7515520+01:00
378.968811,249.113815,10,2026-09-01T16:26:39.7996544+01:00
379.623901,233.009491,10,2026-09-01T16:26:39.8316416+01:00
377.915527,255.401962,10,2026-09-01T16:26:39.8634240+01:00
377.413361,256.030975,10,2026-09-01T16:26:39.8956672+01:00
378.722229,230.922623,10,2026-09-01T16:26:39.9273472+01:00
376.29953,254.964554,10,2026-09-01T16:26:39.9600512+01:00
376.368683,251.724792,10,2026-09-01T16:26:39.9916800+01:00
377.716919,226.972397,10,2026-09-01T16:26:40.0235520+01:00
376.577789,249.052795,10,2026-09-01T16:26:40.0558592+01:00
377.394653,245.154129,10,2026-09-01T16:26:40.0876416+01:00
377.650757,248.82518,10,2026-09-01T16:26:40.1195904+01:00
378.949371,226.777069,10,2026-09-01T16:26:40.1673984+01:00
377.507111,248.235245,10,2026-09-01T16:26:40.1996032+01:00
375.542114,254.916824,10,2026-09-01T16:26:40.2319232+01:00
376.508972,234.993607,10,2026-09-01T16:26:40.2640640+01:00
376.479126,249.964615,10,2026-09-01T16:26:40.2958464+01:00
377.218567,249.767914,10,2026-09-01T16:26:40.3277568+01:00
376.874146,254.807495,10,2026-09-01T16:26:40.3598592+01:00
379.163177,229.453506,10,2026-09-01T16:26:40.3918208+01:00
377.767578,256.682068,10,2026-09-01T16:26:40.4234496+01:00
379.235596,234.56749,10,2026-09-01T16:26:40.4555520+01:00
377.190491,249.567474,10,2026-09-01T16:26:40.4876416+01:00
379.105194,228.026581,10,2026-09-01T16:26:40.5196672+01:00
378.449799,229.213043,10,2026-09-01T16:26:40.5677440+01:00
378.704803,232.169128,10,2026-09-01T16:26:40.5995392+01:00
378.789764,234.525284,10,2026-09-01T16:26:40.6317952+01:00
380.812653,212.020248,10,2026-09-01T16:26:40.6635008+01:00
378.727112,227.408005,10,2026-09-01T16:26:40.6957440+01:00
377.424561,250.784729,10,2026-09-01T16:26:40.7278976+01:00
378.222473,248.567612,10,2026-09-01T16:26:40.7596544+01:00
377.825043,253.992203,10,2026-09-01T16:26:40.7917952+01:00
379.27713,232.726044,10,2026-09-01T16:26:40.8239360+01:00
378.195313,255.240051,10,2026-09-01T16:26:40.8558464+01:00
378.783569,255.264389,10,2026-09-01T16:26:40.8876032+01:00
377.454651,252.90332,10,2026-09-01T16:26:40.9354496+01:00
377.731415,237.519974,10,2026-09-01T16:26:40.9677056+01:00
377.580353,246.87851,10,2026-09-01T16:26:40.9996288+01:00
378.113983,251.521545,10,2026-09-01T16:26:41.0321024+01:00
378.140198,252.086288,10,2026-09-01T16:26:41.0636032+01:00
378.558899,234.549011,10,2026-09-01T16:26:41.0959616+01:00
378.29425,250.483414,10,2026-09-01T16:26:41.1278208+01:00
378.803253,246.603088,10,2026-09-01T16:26:41.1596672+01:00
379.481873,238.894608,10,2026-09-01T16:26:41.1919232+01:00
379.692047,236.308319,10,2026-09-01T16:26:41.2237824+01:00
380.644775,244.526627,10,2026-09-01T16:26:41.2558976+01:00
380.573395,245.141647,10,2026-09-01T16:26:41.3036672+01:00
379.593414,246.711105,10,2026-09-01T16:26:41.3355136+01:00
379.327026,250.263901,10,2026-09-01T16:26:41.3676160+01:00
377.896027,236.749786,10,2026-09-01T16:26:41.3999488+01:00
378.984558,245.188507,10,2026-09-01T16:26:41.4315264+01:00
379.498718,239.642395,10,2026-09-01T16:26:41.4641536+01:00
380.318634,237.438217,10,2026-09-01T16:26:41.4960384+01:00
379.957947,236.83905,10,2026-09-01T16:26:41.5278464+01:00
379.161743,241.074356,10,2026-09-01T16:26:41.5598976+01:00
378.431854,236.990448,10,2026-09-01T16:26:41.5921024+01:00
377.646393,255.008575,10,2026-09-01T16:26:41.6238592+01:00
379.375549,236.263992,10,2026-09-01T16:26:41.6556032+01:00
380.585815,249.565826,10,2026-09-01T16:26:41.7036544+01:00
380.916748,257.255768,10,2026-09-01T16:26:41.7357696+01:00
382.26297,236.52298,10,2026-09-01T16:26:41.7677952+01:00
383.338013,243.350769,10,2026-09-01T16:26:41.8001920+01:00
384.4729,235.2686,10,2026-09-01T16:26:41.8323200+01:00
383.509583,234.330566,10,2026-09-01T16:26:41.8637568+01:00
383.757568,251.237549,10,2026-09-01T16:26:41.8959232+01:00
383.610565,251.118927,10,2026-09-01T16:26:41.9278592+01:00
383.883057,249.25325,10,2026-09-01T16:26:41.9598336+01:00
384.370667,248.984756,10,2026-09-01T16:26:41.9919616+01:00
383.966522,251.123276,10,2026-09-01T16:26:42.0237568+01:00
383.743347,243.636688,10,2026-09-01T16:26:42.0715648+01:00
384.008148,237.328918,10,2026-09-01T16:26:42.1036928+01:00
383.551514,246.402496,10,2026-09-01T16:26:42.1362560+01:00
383.341095,234.988892,10,2026-09-01T16:26:42.1677440+01:00
383.297699,234.543228,10,2026-09-01T16:26:42.2000896+01:00
383.11026,234.820587,10,2026-09-01T16:26:42.2318464+01:00
383.764893,248.505951,10,2026-09-01T16:26:42.2640128+01:00
384.04187,229.4953,10,2026-09-01T16:26:42.2960384+01:00
384.096313,237.288284,10,2026-09-01T16:26:42.3279872+01:00
384.705811,251.981262,10,2026-09-01T16:26:42.3599360+01:00
385.554169,241.403351,10,2026-09-01T16:26:42.3917568+01:00
385.944275,251.391922,10,2026-09-01T16:26:42.4402816+01:00
386.125732,235.256027,10,2026-09-01T16:26:42.4722432+01:00
384.515076,255.406403,10,2026-09-01T16:26:42.5041536+01:00
385.534821,235.356583,10,2026-09-01T16:26:42.5359488+01:00
385.94278,246.748825,10,2026-09-01T16:26:42.5681024+01:00
385.875977,242.929001,10,2026-09-01T16:26:42.6004224+01:00
385.532593,251.9133,10,2026-09-01T16:26:42.6321280+01:00
385.580597,248.410828,10,2026-09-01T16:26:42.6643968+01:00
385.669037,228.937164,10,2026-09-01T16:26:42.6961152+01:00
384.964539,252.724899,10,2026-09-01T16:26:42.7276800+01:00
385.186401,247.872818,10,2026-09-01T16:26:42.7599488+01:00
384.67923,255.634323,10,2026-09-01T16:26:42.8081536+01:00
385.457184,250.610718,10,2026-09-01T16:26:42.8397824+01:00
385.130951,245.500549,10,2026-09-01T16:26:42.8718592+01:00
384.544525,251.632034,10,2026-09-01T16:26:42.9037440+01:00
383.725922,256.855835,10,2026-09-01T16:26:42.9358080+01:00
384.944153,251.884857,10,2026-09-01T16:26:42.9681408+01:00
384.106781,256.16925,10,2026-09-01T16:26:43.0000256+01:00
385.74823,235.365051,10,2026-09-01T16:26:43.0322688+01:00
385.823883,235.751297,10,2026-09-01T16:26:43.0642688+01:00
384.442749,252.963669,10,2026-09-01T16:26:43.0958592+01:00
385.702972,251.682297,10,2026-09-01T16:26:43.1280896+01:00
386.228668,227.419098,10,2026-09-01T16:26:43.1604736+01:00
385.556152,248.816315,10,2026-09-01T16:26:43.2081920+01:00
385.351807,251.166,10,2026-09-01T16:26:43.2401408+01:00
385.807587,251.035339,10,2026-09-01T16:26:43.2722560+01:00
385.512695,252.525024,10,2026-09-01T16:26:43.3039488+01:00
385.460602,229.065308,10,2026-09-01T16:26:43.3361408+01:00
385.56665,246.285553,10,2026-09-01T16:26:43.3679360+01:00
386.15976,233.584305,10,2026-09-01T16:26:43.4001792+01:00
385.851898,245.08139,10,2026-09-01T16:26:43.4321792+01:00
385.958252,235.135345,10,2026-09-01T16:26:43.4639488+01:00
385.269318,241.656021,10,2026-09-01T16:26:43.4961408+01:00
386.126495,230.127899,10,2026-09-01T16:26:43.5278464+01:00
385.528809,237.55127,10,2026-09-01T16:26:43.5763200+01:00
385.390411,246.034042,10,2026-09-01T16:26:43.6082048+01:00
386.242584,228.929688,10,2026-09-01T16:26:43.6399616+01:00
384.897217,253.880768,10,2026-09-01T16:26:43.6720512+01:00
388.167267,216.643997,10,2026-09-01T16:26:43.7039872+01:00
385.207672,243.799393,10,2026-09-01T16:26:43.7363200+01:00
384.849274,245.026245,10,2026-09-01T16:26:43.7682048+01:00
384.545197,257.336182,10,2026-09-01T16:26:43.8002688+01:00
385.193604,253.279099,10,2026-09-01T16:26:43.8322816+01:00
386.517731,237.965469,10,2026-09-01T16:26:43.8640256+01:00
387.052399,244.986893,10,2026-09-01T16:26:43.8962048+01:00
387.126526,249.050888,10,2026-09-01T16:26:43.9441536+01:00
386.884491,234.053574,10,2026-09-01T16:26:43.9762048+01:00
386.091858,247.521378,10,2026-09-01T16:26:44.0083072+01:00
386.046997,253.012314,10,2026-09-01T16:26:44.0402944+01:00
385.967377,247.797867,10,2026-09-01T16:26:44.0718720+01:00
386.49469,242.72261,10,2026-09-01T16:26:44.1043200+01:00
385.356537,255.568741,10,2026-09-01T16:26:44.1363712+01:00
385.74118,251.368942,10,2026-09-01T16:26:44.1682176+01:00
387.104584,239.184433,10,2026-09-01T16:26:44.2007424+01:00
386.366699,252.155472,10,2026-09-01T16:26:44.2321920+01:00
385.874298,245.296997,10,2026-09-01T16:26:44.2640000+01:00
386.855957,227.340515,10,2026-09-01T16:26:44.3123968+01:00
385.549744,245.840271,10,2026-09-01T16:26:44.3443072+01:00
385.95163,226.689453,10,2026-09-01T16:26:44.3759488+01:00
385.13092,248.975235,10,2026-09-01T16:26:44.4082304+01:00
384.469696,254.781036,10,2026-09-01T16:26:44.4400640+01:00
385.057068,238.6353,10,2026-09-01T16:26:44.4718080+01:00
385.970764,230.628708,10,2026-09-01T16:26:44.5041664+01:00
385.605621,248.352005,10,2026-09-01T16:26:44.5366400+01:00
385.590485,235.224701,10,2026-09-01T16:26:44.5681664+01:00
384.753998,252.286453,10,2026-09-01T16:26:44.6000640+01:00
386.164398,240.296661,10,2026-09-01T16:26:44.6321408+01:00
386.378113,247.14389,10,2026-09-01T16:26:44.6642816+01:00
385.508118,244.06514,10,2026-09-01T16:26:44.7121024+01:00
385.971069,239.103958,10,2026-09-01T16:26:44.7442048+01:00
384.988983,247.264389,10,2026-09-01T16:26:44.7763328+01:00
383.596741,254.869064,10,2026-09-01T16:26:44.8084352+01:00
382.579254,255.415924,10,2026-09-01T16:26:44.8399616+01:00
383.427216,246.73407,10,2026-09-01T16:26:44.8721920+01:00
383.391479,253.50116,10,2026-09-01T16:26:44.9045632+01:00
383.854156,248.407349,10,2026-09-01T16:26:44.9364480+01:00
383.407349,246.021072,10,2026-09-01T16:26:44.9682688+01:00
383.243378,234.316635,10,2026-09-01T16:26:45.0001920+01:00
382.684113,232.452026,10,2026-09-01T16:26:45.0322944+01:00
383.323608,238.307693,10,2026-09-01T16:26:45.0801664+01:00
384.005859,236.753662,10,2026-09-01T16:26:45.1122304+01:00
383.892792,237.153183,10,2026-09-01T16:26:45.1445248+01:00
382.939453,234.705887,10,2026-09-01T16:26:45.1764480+01:00
383.151123,236.336975,10,2026-09-01T16:26:45.2083456+01:00
384.055634,232.373962,10,2026-09-01T16:26:45.2400256+01:00
385.013947,235.308319,10,2026-09-01T16:26:45.2721664+01:00
385.247314,240.629852,10,2026-09-01T16:26:45.3043328+01:00
385.461273,246.219131,10,2026-09-01T16:26:45.3367936+01:00
384.758392,235.773743,10,2026-09-01T16:26:45.3684864+01:00
385.124237,248.303543,10,2026-09-01T16:26:45.4003456+01:00
385.057373,240.059647,10,2026-09-01T16:26:45.4482944+01:00
384.361389,246.920609,10,2026-09-01T16:26:45.4801024+01:00
385.565155,234.248505,10,2026-09-01T16:26:45.5123968+01:00
385.617371,248.328156,10,2026-09-01T16:26:45.5444992+01:00
386.389221,227.62648,10,2026-09-01T16:26:45.5765120+01:00
385.670898,239.375153,10,2026-09-01T16:26:45.6084224+01:00
385.254486,251.978928,10,2026-09-01T16:26:45.6402944+01:00
385.11734,250.546097,10,2026-09-01T16:26:45.6722688+01:00
385.456635,235.250977,10,2026-09-01T16:26:45.7042176+01:00
385.11087,233.555206,10,2026-09-01T16:26:45.7365120+01:00
384.802612,245.253754,10,2026-09-01T16:26:45.7681920+01:00
384.27301,232.377808,10,2026-09-01T16:26:45.8001280+01:00
384.972687,245.942139,10,2026-09-01T16:26:45.8484480+01:00
385.230164,236.203751,10,2026-09-01T16:26:45.8802560+01:00
385.218689,228.940231,10,2026-09-01T16:26:45.9123584+01:00
383.658417,255.507462,10,2026-09-01T16:26:45.9444480+01:00
384.781097,253.218353,10,2026-09-01T16:26:45.9760512+01:00
384.466888,255.321289,10,2026-09-01T16:26:46.0085376+01:00
386.125153,249.160339,10,2026-09-01T16:26:46.0400768+01:00
385.552887,245.18779,10,2026-09-01T16:26:46.0725376+01:00
385.823883,240.724365,10,2026-09-01T16:26:46.1047424+01:00
384.699524,254.116058,10,2026-09-01T16:26:46.1365248+01:00
385.242432,238.573502,10,2026-09-01T16:26:46.1682432+01:00
384.23465,248.62323,10,2026-09-01T16:26:46.2165120+01:00
383.075989,254.900253,10,2026-09-01T16:26:46.2481664+01:00
383.484589,232.726898,10,2026-09-01T16:26:46.2800896+01:00
383.639099,239.359482,10,2026-09-01T16:26:46.3124864+01:00
383.313538,238.670013,10,2026-09-01T16:26:46.3445888+01:00
383.358521,253.386688,10,2026-09-01T16:26:46.3763840+01:00
383.149323,233.088135,10,2026-09-01T16:26:46.4087168+01:00
382.706696,246.136322,10,2026-09-01T16:26:46.4402560+01:00
381.73349,242.089935,10,2026-09-01T16:26:46.4723072+01:00
381.677094,236.312317,10,2026-09-01T16:26:46.5043456+01:00
381.98996,236.782928,10,2026-09-01T16:26:46.5364864+01:00
382.199585,240.507416,10,2026-09-01T16:26:46.5848064+01:00
383.1474,238.730209,10,2026-09-01T16:26:46.6166912+01:00
382.56723,225.606323,10,2026-09-01T16:26:46.6486272+01:00
381.677429,242.836868,10,2026-09-01T16:26:46.6806400+01:00
381.307312,250.471771,10,2026-09-01T16:26:46.7121024+01:00
381.972809,234.719391,10,2026-09-01T16:26:46.7444480+01:00
382.579987,254.748245,10,2026-09-01T16:26:46.7765120+01:00
383.173798,237.657562,10,2026-09-01T16:26:46.8082176+01:00
382.573517,236.979538,10,2026-09-01T16:26:46.8402944+01:00
381.754486,241.108276,10,2026-09-01T16:26:46.8724992+01:00
379.082642,259.080444,10,2026-09-01T16:26:46.9043840+01:00
380.325012,239.467728,10,2026-09-01T16:26:46.9524736+01:00
381.106201,246.982925,10,2026-09-01T16:26:46.9845504+01:00
382.565613,234.302765,10,2026-09-01T16:26:47.0166144+01:00
381.939301,251.382141,10,2026-09-01T16:26:47.0485120+01:00
381.393829,255.293228,10,2026-09-01T16:26:47.0805632+01:00
381.566681,244.321793,10,2026-09-01T16:26:47.1127168+01:00
380.8909,233.6073,10,2026-09-01T16:26:47.1447808+01:00
381.03949,247.623505,10,2026-09-01T16:26:47.1766400+01:00
381.950378,246.505356,10,2026-09-01T16:26:47.2083200+01:00
383.494354,228.492111,10,2026-09-01T16:26:47.2403456+01:00
382.17627,258.086609,10,2026-09-01T16:26:47.2728448+01:00
382.096497,248.164764,10,2026-09-01T16:26:47.3048320+01:00
380.091827,254.13179,10,2026-09-01T16:26:47.3523968+01:00
381.223297,235.784775,10,2026-09-01T16:26:47.3847680+01:00
380.243439,252.949097,10,2026-09-01T16:26:47.4165120+01:00
380.710968,236.666138,10,2026-09-01T16:26:47.4485504+01:00
380.205383,233.418549,10,2026-09-01T16:26:47.4806656+01:00
380.211456,252.299133,10,2026-09-01T16:26:47.5126912+01:00
381.855988,229.95433,10,2026-09-01T16:26:47.5445504+01:00
381.113281,243.904221,10,2026-09-01T16:26:47.5763072+01:00
381.649475,242.529221,10,2026-09-01T16:26:47.6087296+01:00
381.256439,255.422897,10,2026-09-01T16:26:47.6407168+01:00
382.139557,234.112732,10,2026-09-01T16:26:47.6726528+01:00
381.47934,253.456482,10,2026-09-01T16:26:47.7207040+01:00
383.083008,252.339417,10,2026-09-01T16:26:47.7523840+01:00
383.547089,251.426575,10,2026-09-01T16:26:47.7845376+01:00
383.307343,247.787659,10,2026-09-01T16:26:47.8166656+01:00
383.102539,240.005829,10,2026-09-01T16:26:47.8487168+01:00
383.43988,250.966385,10,2026-09-01T16:26:47.8804608+01:00
383.679688,250.917465,10,2026-09-01T16:26:47.9127680+01:00
384.403778,235.763687,10,2026-09-01T16:26:47.9444352+01:00
382.357269,253.631134,10,2026-09-01T16:26:47.9764224+01:00
381.718445,249.396423,10,2026-09-01T16:26:48.0085888+01:00
383.627136,234.515045,10,2026-09-01T16:26:48.0405120+01:00
382.331818,256.718781,10,2026-09-01T16:26:48.0886144+01:00
384.666321,246.709656,10,2026-09-01T16:26:48.1206400+01:00
384.145599,245.530487,10,2026-09-01T16:26:48.1527680+01:00
383.191956,253.25502,10,2026-09-01T16:26:48.1849600+01:00
382.467621,250.602707,10,2026-09-01T16:26:48.2166272+01:00
383.172028,248.386017,10,2026-09-01T16:26:48.2489088+01:00
382.99826,254.600571,10,2026-09-01T16:26:48.2807296+01:00
383.1362,253.981873,10,2026-09-01T16:26:48.3127296+01:00
384.515747,250.838501,10,2026-09-01T16:26:48.3443456+01:00
383.976837,253.663391,10,2026-09-01T16:26:48.3765632+01:00
383.735535,256.671021,10,2026-09-01T16:26:48.4084992+01:00
384.744141,255.767609,10,2026-09-01T16:26:48.4406528+01:00
384.282501,258.229248,10,2026-09-01T16:26:48.4888064+01:00
386.175995,237.336182,10,2026-09-01T16:26:48.5207424+01:00
385.73877,250.259766,10,2026-09-01T16:26:48.5526784+01:00
383.870117,257.337463,10,2026-09-01T16:26:48.5844480+01:00
383.083771,259.50061,10,2026-09-01T16:26:48.6166272+01:00
385.225128,254.105728,10,2026-09-01T16:26:48.6489216+01:00
385.367249,254.402618,10,2026-09-01T16:26:48.6809728+01:00
384.175018,254.634415,10,2026-09-01T16:26:48.7127936+01:00
384.680237,257.216156,10,2026-09-01T16:26:48.7451008+01:00
384.456665,254.191849,10,2026-09-01T16:26:48.7765248+01:00
385.091553,252.083984,10,2026-09-01T16:26:48.8086272+01:00
384.264252,249.693954,10,2026-09-01T16:26:48.8566272+01:00
383.426392,255.084549,10,2026-09-01T16:26:48.8886656+01:00
384.142822,251.582458,10,2026-09-01T16:26:48.9209088+01:00
384.106232,255.019241,10,2026-09-01T16:26:48.9529088+01:00
383.850555,256.277344,10,2026-09-01T16:26:48.9848576+01:00
384.366455,253.616898,10,2026-09-01T16:26:49.0164608+01:00
383.823639,253.78038,10,2026-09-01T16:26:49.0488960+01:00
384.612,252.564133,10,2026-09-01T16:26:49.0806784+01:00
384.115082,253.343079,10,2026-09-01T16:26:49.1136640+01:00
384.770294,252.740372,10,2026-09-01T16:26:49.1448960+01:00
384.653992,252.478943,10,2026-09-01T16:26:49.1766528+01:00
384.172729,255.90921,10,2026-09-01T16:26:49.2249600+01:00
381.85788,264.06662,10,2026-09-01T16:26:49.2566144+01:00
384.401581,243.531815,10,2026-09-01T16:26:49.2889216+01:00
383.720276,248.439331,10,2026-09-01T16:26:49.3209344+01:00
382.830597,255.56044,10,2026-09-01T16:26:49.3528960+01:00
383.123138,256.909851,10,2026-09-01T16:26:49.3846016+01:00
384.00769,250.608902,10,2026-09-01T16:26:49.4167680+01:00
380.501007,264.80957,10,2026-09-01T16:26:49.4489088+01:00
383.184418,252.73378,10,2026-09-01T16:26:49.4810624+01:00
383.656128,249.308975,10,2026-09-01T16:26:49.5128960+01:00
382.617615,257.837891,10,2026-09-01T16:26:49.5447168+01:00
385.626221,238.659393,10,2026-09-01T16:26:49.5926272+01:00
383.920654,247.691147,10,2026-09-01T16:26:49.6250112+01:00
383.906097,249.073654,10,2026-09-01T16:26:49.6571776+01:00
383.153168,251.265213,10,2026-09-01T16:26:49.6891648+01:00
384.881622,234.781586,10,2026-09-01T16:26:49.7214208+01:00
382.507996,254.790054,10,2026-09-01T16:26:49.7529088+01:00
381.059906,255.536011,10,2026-09-01T16:26:49.7849856+01:00
382.334595,229.14064,10,2026-09-01T16:26:49.8169088+01:00
382.214233,229.509613,10,2026-09-01T16:26:49.8487168+01:00
381.851227,239.942963,10,2026-09-01T16:26:49.8812416+01:00
382.666229,227.251282,10,2026-09-01T16:26:49.9128576+01:00
381.456757,231.885651,10,2026-09-01T16:26:49.9448576+01:00
380.939178,242.198013,10,2026-09-01T16:26:49.9929472+01:00
380.685516,252.776794,10,2026-09-01T16:26:50.0245504+01:00
380.640686,254.504578,10,2026-09-01T16:26:50.0568448+01:00
381.361755,254.580063,10,2026-09-01T16:26:50.0888832+01:00
382.898773,227.213486,10,2026-09-01T16:26:50.1211520+01:00
380.5354,259.437378,10,2026-09-01T16:26:50.1529984+01:00
382.219269,244.36351,10,2026-09-01T16:26:50.1849088+01:00
382.730347,232.912796,10,2026-09-01T16:26:50.2170368+01:00
381.795319,249.206238,10,2026-09-01T16:26:50.2490624+01:00
382.414795,248.318161,10,2026-09-01T16:26:50.2814208+01:00
383.095398,232.922318,10,2026-09-01T16:26:50.3132032+01:00
381.237732,255.045685,10,2026-09-01T16:26:50.3607552+01:00
381.32901,253.870422,10,2026-09-01T16:26:50.3926144+01:00
381.260773,251.926849,10,2026-09-01T16:26:50.4249856+01:00
380.970276,252.649033,10,2026-09-01T16:26:50.4570880+01:00
383.334534,236.599945,10,2026-09-01T16:26:50.4887296+01:00
381.830292,250.636017,10,2026-09-01T16:26:50.5210752+01:00
381.593018,257.030884,10,2026-09-01T16:26:50.5529600+01:00
381.060059,255.919159,10,2026-09-01T16:26:50.5850496+01:00
383.318878,239.91658,10,2026-09-01T16:26:50.6170496+01:00
384.176758,227.941772,10,2026-09-01T16:26:50.6488576+01:00
382.224365,257.004517,10,2026-09-01T16:26:50.6811008+01:00
381.977478,259.833344,10,2026-09-01T16:26:50.7287936+01:00
383.969818,247.230927,10,2026-09-01T16:26:50.7611264+01:00
383.561157,247.12291,10,2026-09-01T16:26:50.7930624+01:00
382.567505,249.433731,10,2026-09-01T16:26:50.8247680+01:00
384.755646,233.528275,10,2026-09-01T16:26:50.8570112+01:00
382.24469,255.441544,10,2026-09-01T16:26:50.8887936+01:00
384.839142,226.887619,10,2026-09-01T16:26:50.9209984+01:00
381.909027,254.694946,10,2026-09-01T16:26:50.9532032+01:00
382.331421,253.592636,10,2026-09-01T16:26:50.9850240+01:00
384.192749,230.287552,10,2026-09-01T16:26:51.0171136+01:00
382.996368,238.018829,10,2026-09-01T16:26:51.0490880+01:00
383.095978,253.869156,10,2026-09-01T16:26:51.0966656+01:00
383.037659,242.995987,10,2026-09-01T16:26:51.1288960+01:00
382.379028,254.105591,10,2026-09-01T16:26:51.1609088+01:00
382.275391,249.214554,10,2026-09-01T16:26:51.1934464+01:00
381.64801,252.254059,10,2026-09-01T16:26:51.2249984+01:00
382.610474,238.782684,10,2026-09-01T16:26:51.2568576+01:00
380.153015,260.428131,10,2026-09-01T16:26:51.2891392+01:00
380.870209,255.020294,10,2026-09-01T16:26:51.3211392+01:00
381.053375,252.044189,10,2026-09-01T16:26:51.3531008+01:00
381.027863,252.374466,10,2026-09-01T16:26:51.3852032+01:00
382.02301,250.788345,10,2026-09-01T16:26:51.4170496+01:00
380.349243,255.0634,10,2026-09-01T16:26:51.4489472+01:00
382.835663,235.196198,10,2026-09-01T16:26:51.4969600+01:00
379.572357,259.546509,10,2026-09-01T16:26:51.5292800+01:00
380.060181,252.495804,10,2026-09-01T16:26:51.5613056+01:00
380.591431,253.820068,10,2026-09-01T16:26:51.5928576+01:00
381.26767,236.980743,10,2026-09-01T16:26:51.6251648+01:00
379.870178,252.334351,10,2026-09-01T16:26:51.6568960+01:00
379.785767,255.278076,10,2026-09-01T16:26:51.6890624+01:00
380.55896,254.092331,10,2026-09-01T16:26:51.7209216+01:00
380.119019,256.105316,10,2026-09-01T16:26:51.7533440+01:00
379.738251,259.043701,10,2026-09-01T16:26:51.7850368+01:00
380.870178,252.579758,10,2026-09-01T16:26:51.8166784+01:00
381.091644,249.503326,10,2026-09-01T16:26:51.8648448+01:00
382.10675,232.633911,10,2026-09-01T16:26:51.8968448+01:00
378.941406,260.147522,10,2026-09-01T16:26:51.9290368+01:00
382.294769,236.336761,10,2026-09-01T16:26:51.9612800+01:00
381.000732,255.292801,10,2026-09-01T16:26:51.9929984+01:00
381.623749,250.969131,10,2026-09-01T16:26:52.0252544+01:00
381.121796,255.948929,10,2026-09-01T16:26:52.0569216+01:00
381.913452,232.832977,10,2026-09-01T16:26:52.0889216+01:00
381.591156,240.409531,10,2026-09-01T16:26:52.1213056+01:00
379.95816,257.240112,10,2026-09-01T16:26:52.1529216+01:00
381.238464,255.699646,10,2026-09-01T16:26:52.1849216+01:00
381.486176,248.856171,10,2026-09-01T16:26:52.2334336+01:00
380.845306,258.40509,10,2026-09-01T16:26:52.2652928+01:00
380.067261,257.254242,10,2026-09-01T16:26:52.2969344+01:00
380.718536,256.008026,10,2026-09-01T16:26:52.3290240+01:00
382.609955,236.440323,10,2026-09-01T16:26:52.3612416+01:00
382.088409,234.305649,10,2026-09-01T16:26:52.3930240+01:00
381.093506,256.644257,10,2026-09-01T16:26:52.4252800+01:00
382.792419,235.803375,10,2026-09-01T16:26:52.4572800+01:00
381.334717,261.831116,10,2026-09-01T16:26:52.4890496+01:00
380.508667,258.925293,10,2026-09-01T16:26:52.5212032+01:00
380.62854,256.955719,10,2026-09-01T16:26:52.5531008+01:00
380.416138,250.470551,10,2026-09-01T16:26:52.5854720+01:00
381.040222,251.060532,10,2026-09-01T16:26:52.6329472+01:00
380.203339,256.286865,10,2026-09-01T16:26:52.6649856+01:00
379.843689,256.69989,10,2026-09-01T16:26:52.6970112+01:00
379.827911,257.330292,10,2026-09-01T16:26:52.7290240+01:00
381.389343,237.255615,10,2026-09-01T16:26:52.7613440+01:00
381.148407,229.557571,10,2026-09-01T16:26:52.7933312+01:00
380.237183,201.834641,10,2026-09-01T16:26:52.8252032+01:00
372.819519,228.966324,10,2026-09-01T16:26:52.8573056+01:00
367.833038,226.428787,10,2026-09-01T16:26:52.8894080+01:00
365.945526,239.330338,10,2026-09-01T16:26:52.9211520+01:00
370.798248,243.766754,10,2026-09-01T16:26:52.9529600+01:00
374.368134,249.317947,10,2026-09-01T16:26:53.0011136+01:00
371.741608,265.249725,10,2026-09-01T16:26:53.0330368+01:00
382.808624,241.079712,10,2026-09-01T16:26:53.0651008+01:00
381.619263,258.451813,10,2026-09-01T16:26:53.0970240+01:00
391.058502,233.956604,10,2026-09-01T16:26:53.1292032+01:00
392.702087,237.785843,10,2026-09-01T16:26:53.1611264+01:00
392.889374,241.030411,10,2026-09-01T16:26:53.1930624+01:00
397.489807,235.961014,10,2026-09-01T16:26:53.2254848+01:00
400.207153,208.239304,10,2026-09-01T16:26:53.2574208+01:00
401.921692,242.425049,10,2026-09-01T16:26:53.2892288+01:00
405.345764,232.91304,10,2026-09-01T16:26:53.3215616+01:00
407.118103,234.777023,10,2026-09-01T16:26:53.3692928+01:00
408.818024,205.897812,10,2026-09-01T16:26:53.4013824+01:00
409.562897,203.612427,10,2026-09-01T16:26:53.4332160+01:00
412.206787,229.030716,10,2026-09-01T16:26:53.4649472+01:00
410.578888,206.251312,10,2026-09-01T16:26:53.4976768+01:00
410.01651,203.530487,10,2026-09-01T16:26:53.5298944+01:00
408.165527,169.020599,10,2026-09-01T16:26:53.5615488+01:00
409.991119,204.888626,10,2026-09-01T16:26:53.5930880+01:00
410.782959,202.80426,10,2026-09-01T16:26:53.6253056+01:00
410.133453,200.556534,10,2026-09-01T16:26:53.6573568+01:00
412.1586,218.085876,10,2026-09-01T16:26:53.6890752+01:00
409.901001,229.39032,10,2026-09-01T16:26:53.7377536+01:00
409.20343,233.436432,10,2026-09-01T16:26:53.7694592+01:00
408.10144,211.348541,10,2026-09-01T16:26:53.8014848+01:00
409.278168,228.609894,10,2026-09-01T16:26:53.8332160+01:00
408.919556,209.327057,10,2026-09-01T16:26:53.8653696+01:00
407.567902,217.024368,10,2026-09-01T16:26:53.8973568+01:00
411.907043,218.624146,10,2026-09-01T16:26:53.9291776+01:00
416.107208,189.965668,10,2026-09-01T16:26:53.9611008+01:00
410.338287,234.695419,10,2026-09-01T16:26:53.9934848+01:00
410.265411,206.694962,10,2026-09-01T16:26:54.0254080+01:00
412.365082,218.55809,10,2026-09-01T16:26:54.0573824+01:00
411.706604,221.465424,10,2026-09-01T16:26:54.0894976+01:00
409.010925,207.799713,10,2026-09-01T16:26:54.1371776+01:00
411.498474,218.593475,10,2026-09-01T16:26:54.1692032+01:00
409.689697,206.546036,10,2026-09-01T16:26:54.2009728+01:00
416.620789,186.699539,10,2026-09-01T16:26:54.2331776+01:00
410.876648,216.526779,10,2026-09-01T16:26:54.2652160+01:00
408.778748,230.225006,10,2026-09-01T16:26:54.2976512+01:00
411.082794,223.18132,10,2026-09-01T16:26:54.3293952+01:00
414.724823,206.118927,10,2026-09-01T16:26:54.3614720+01:00
438.453979,267.733704,10,2026-09-01T16:26:54.7294464+01:00
429.834808,271.165192,10,2026-09-01T16:26:55.0333056+01:00
419.854279,180.562256,10,2026-09-01T16:26:55.0975744+01:00
419.15744,190.38002,10,2026-09-01T16:26:55.1292928+01:00
420.016418,270.081268,10,2026-09-01T16:26:55.2415872+01:00
415.661346,273.610657,10,2026-09-01T16:26:55.3056128+01:00
416.394348,279.882416,10,2026-09-01T16:26:55.3374336+01:00
416.042755,264.960419,10,2026-09-01T16:26:55.3699456+01:00
418.547852,244.365234,10,2026-09-01T16:26:55.4013312+01:00
415.75,267.184204,10,2026-09-01T16:26:55.4335872+01:00
416.760193,241.895325,10,2026-09-01T16:26:55.4976896+01:00
418.020172,260.021759,10,2026-09-01T16:26:55.5297024+01:00
415.604462,258.638275,10,2026-09-01T16:26:55.5615360+01:00
419.63736,219.99588,10,2026-09-01T16:26:55.5938816+01:00
418.875,254.698364,10,2026-09-01T16:26:55.6415872+01:00
418.157104,252.702316,10,2026-09-01T16:26:55.6732672+01:00
416.414093,263.012848,10,2026-09-01T16:26:55.7053696+01:00
417.394684,251.042191,10,2026-09-01T16:26:55.7376256+01:00
418.343109,238.463806,10,2026-09-01T16:26:55.7693184+01:00
418.522827,240.402023,10,2026-09-01T16:26:55.8012800+01:00
417.550659,256.675385,10,2026-09-01T16:26:55.8337152+01:00
414.114014,268.269531,10,2026-09-01T16:26:55.8658304+01:00
418.398193,241.188919,10,2026-09-01T16:26:55.8977920+01:00
414.92865,265.180542,10,2026-09-01T16:26:55.9296640+01:00
416.301941,261.664825,10,2026-09-01T16:26:55.9618816+01:00
416.913757,256.121002,10,2026-09-01T16:26:56.0095616+01:00
420.914429,226.315384,10,2026-09-01T16:26:56.0736512+01:00
421.681641,221.89064,10,2026-09-01T16:26:56.1378560+01:00
415.444458,261.75885,10,2026-09-01T16:26:56.2337408+01:00
417.597412,239.931824,10,2026-09-01T16:26:56.2654720+01:00
418.608307,208.122787,10,2026-09-01T16:26:56.3297920+01:00
414.32782,266.494873,10,2026-09-01T16:26:56.3778304+01:00
416.588806,258.762024,10,2026-09-01T16:26:56.4094592+01:00
416.769073,247.184143,10,2026-09-01T16:26:56.4413440+01:00
420.833344,205.996033,10,2026-09-01T16:26:56.4739328+01:00
420.560577,213.648026,10,2026-09-01T16:26:56.5378304+01:00
417.599762,236.491928,10,2026-09-01T16:26:56.6014208+01:00
419.95929,226.042908,10,2026-09-01T16:26:56.6339840+01:00
418.800598,231.69664,10,2026-09-01T16:26:56.6656512+01:00
415.86499,251.204636,10,2026-09-01T16:26:56.6977408+01:00
415.072418,251.341568,10,2026-09-01T16:26:56.7296384+01:00
411.167664,255.080185,10,2026-09-01T16:26:56.8419584+01:00
409.326996,265.313232,10,2026-09-01T16:26:56.8734976+01:00
414.649933,241.397125,10,2026-09-01T16:26:56.9374592+01:00
411.789429,254.764709,10,2026-09-01T16:26:57.0338688+01:00
411.18808,255.382721,10,2026-09-01T16:26:57.2736768+01:00
419.578339,209.436249,10,2026-09-01T16:26:57.5138944+01:00
409.829865,263.575134,10,2026-09-01T16:26:57.8336640+01:00
412.221588,251.767914,10,2026-09-01T16:26:57.9140736+01:00
420.38623,194.723557,10,2026-09-01T16:26:58.3455488+01:00
412.036102,247.806046,10,2026-09-01T16:26:58.6016768+01:00
408.823669,247.982788,10,2026-09-01T16:27:00.5857664+01:00
408.257324,241.861023,10,2026-09-01T16:27:04.5227136+01:00
406.531555,232.703217,10,2026-09-01T16:27:05.7708544+01:00
405.87204,244.401077,10,2026-09-01T16:27:08.4429056+01:00
399.517181,266.191833,10,2026-09-01T16:27:08.8754176+01:00
397.372864,274.044861,10,2026-09-01T16:27:08.9072896+01:00
398.897247,267.637756,10,2026-09-01T16:27:08.9710208+01:00
399.365509,260.760773,10,2026-09-01T16:27:09.0349952+01:00
394.094849,271.850677,10,2026-09-01T16:27:09.0670976+01:00
392.634521,274.495453,10,2026-09-01T16:27:09.0987904+01:00
397.314758,252.263779,10,2026-09-01T16:27:09.1312256+01:00
398.876648,253.870483,10,2026-09-01T16:27:09.1788672+01:00
399.327972,256.355774,10,2026-09-01T16:27:09.2115072+01:00
400.603882,258.541107,10,2026-09-01T16:27:09.2430848+01:00
399.02771,264.38916,10,2026-09-01T16:27:09.2748544+01:00
399.823517,254.91658,10,2026-09-01T16:27:09.3072512+01:00
400.342957,253.628525,10,2026-09-01T16:27:09.3396608+01:00
396.972778,266.046051,10,2026-09-01T16:27:09.3712512+01:00
398.058014,260.134186,10,2026-09-01T16:27:09.4033920+01:00
403.627686,243.452774,10,2026-09-01T16:27:09.4354176+01:00
405.11142,240.246262,10,2026-09-01T16:27:09.4672384+01:00
400.114319,263.598083,10,2026-09-01T16:27:09.4990848+01:00
400.87735,258.344574,10,2026-09-01T16:27:09.5474048+01:00
400.492126,258.726196,10,2026-09-01T16:27:09.5790336+01:00
400.540131,259.128754,10,2026-09-01T16:27:09.6113408+01:00
397.440063,272.602203,10,2026-09-01T16:27:09.6431616+01:00
401.361816,258.606262,10,2026-09-01T16:27:09.6753408+01:00
404.200989,244.542358,10,2026-09-01T16:27:09.7072000+01:00
404.592133,250.582306,10,2026-09-01T16:27:09.7389312+01:00
394.656494,273.004639,10,2026-09-01T16:27:09.7712000+01:00
395.019928,266.108459,10,2026-09-01T16:27:09.8034176+01:00
393.532288,272.831757,10,2026-09-01T16:27:09.8351360+01:00
396.288574,272.805756,10,2026-09-01T16:27:09.8670464+01:00
399.645233,260.288116,10,2026-09-01T16:27:09.9154560+01:00
394.739044,276.41333,10,2026-09-01T16:27:09.9474176+01:00
398.307281,265.008514,10,2026-09-01T16:27:09.9790720+01:00
398.687958,263.522125,10,2026-09-01T16:27:10.0112896+01:00
400.124054,262.01474,10,2026-09-01T16:27:10.0432128+01:00
406.573059,246.21347,10,2026-09-01T16:27:10.1070720+01:00
401.436493,262.234558,10,2026-09-01T16:27:10.1391872+01:00
401.916901,262.931061,10,2026-09-01T16:27:10.1715328+01:00
401.036926,263.879517,10,2026-09-01T16:27:10.2031360+01:00
399.665375,267.744293,10,2026-09-01T16:27:10.2352768+01:00
403.81662,257.472321,10,2026-09-01T16:27:10.3153152+01:00
403.843414,255.212448,10,2026-09-01T16:27:10.3791616+01:00
399.994202,271.135254,10,2026-09-01T16:27:10.4433664+01:00
402.831451,263.573242,10,2026-09-01T16:27:10.5071872+01:00
402.800781,264.493622,10,2026-09-01T16:27:10.5390720+01:00
403.6521,261.245148,10,2026-09-01T16:27:10.6035200+01:00
402.609222,262.196686,10,2026-09-01T16:27:10.6510848+01:00
404.262421,258.218964,10,2026-09-01T16:27:10.7151488+01:00
406.868622,252.854904,10,2026-09-01T16:27:10.7471488+01:00
401.608765,263.171051,10,2026-09-01T16:27:10.9715328+01:00
399.432343,270.806976,10,2026-09-01T16:27:11.0030976+01:00
399.051361,273.542969,10,2026-09-01T16:27:11.0834688+01:00
402.862457,266.037292,10,2026-09-01T16:27:11.1793280+01:00
400.473053,269.433319,10,2026-09-01T16:27:11.2112640+01:00
402.574036,261.664215,10,2026-09-01T16:27:11.2436608+01:00
402.446991,260.084442,10,2026-09-01T16:27:11.2756736+01:00
401.100128,262.024384,10,2026-09-01T16:27:11.3072128+01:00
401.617401,260.566193,10,2026-09-01T16:27:11.4193408+01:00
401.086578,263.134277,10,2026-09-01T16:27:11.4515712+01:00
395.484589,276.425812,10,2026-09-01T16:27:11.5152512+01:00
403.299988,266.908539,10,2026-09-01T16:27:11.6752512+01:00
405.054962,262.409454,10,2026-09-01T16:27:11.7076096+01:00
402.113495,269.603271,10,2026-09-01T16:27:11.7393536+01:00
405.397827,254.608749,10,2026-09-01T16:27:11.8515328+01:00
403.686218,265.563782,10,2026-09-01T16:27:11.8836352+01:00
402.272064,268.158569,10,2026-09-01T16:27:12.0116352+01:00
402.90329,261.749786,10,2026-09-01T16:27:12.0752384+01:00
401.028748,269.390839,10,2026-09-01T16:27:12.1874176+01:00
402.201538,264.376404,10,2026-09-01T16:27:12.2196608+01:00
399.160645,271.57431,10,2026-09-01T16:27:12.3476480+01:00
399.816895,267.822113,10,2026-09-01T16:27:12.4754176+01:00
402.586121,262.563202,10,2026-09-01T16:27:12.7155456+01:00
407.70285,252.150726,10,2026-09-01T16:27:12.8115584+01:00
408.810608,248.77272,10,2026-09-01T16:27:12.8436352+01:00
398.233215,268.47998,10,2026-09-01T16:27:12.9874304+01:00
401.493164,268.464783,10,2026-09-01T16:27:13.0833280+01:00
403.26297,263.987915,10,2026-09-01T16:27:13.1477248+01:00
402.365845,259.737427,10,2026-09-01T16:27:13.2118656+01:00
399.911621,266.721436,10,2026-09-01T16:27:13.2435968+01:00
404.109283,259.171265,10,2026-09-01T16:27:13.4517120+01:00
398.455811,273.941772,10,2026-09-01T16:27:13.5477888+01:00
401.474304,266.083862,10,2026-09-01T16:27:13.8514816+01:00
402.153351,266.989899,10,2026-09-01T16:27:13.9154176+01:00
402.889221,267.179016,10,2026-09-01T16:27:13.9476992+01:00
402.147339,265.631317,10,2026-09-01T16:27:14.0595840+01:00
401.347443,265.596893,10,2026-09-01T16:27:14.1555328+01:00
401.042297,265.674133,10,2026-09-01T16:27:14.2200064+01:00
398.50412,266.482086,10,2026-09-01T16:27:14.3479552+01:00
400.593445,262.931458,10,2026-09-01T16:27:14.3954048+01:00
403.351318,262.081543,10,2026-09-01T16:27:14.4595328+01:00
402.203033,264.150269,10,2026-09-01T16:27:14.5556096+01:00
401.794922,266.565399,10,2026-09-01T16:27:14.7636608+01:00
401.489594,266.631073,10,2026-09-01T16:27:14.7958912+01:00
400.593689,268.619263,10,2026-09-01T16:27:14.8916480+01:00
401.570221,264.864838,10,2026-09-01T16:27:14.9236864+01:00
402.519623,265.789215,10,2026-09-01T16:27:15.1635968+01:00
402.998444,263.533813,10,2026-09-01T16:27:15.1957760+01:00
403.581116,263.083771,10,2026-09-01T16:27:15.4201344+01:00
407.230438,254.893005,10,2026-09-01T16:27:15.4836864+01:00
400.76825,266.65387,10,2026-09-01T16:27:15.5316992+01:00
398.081177,272.557007,10,2026-09-01T16:27:15.6279808+01:00
403.835419,259.028137,10,2026-09-01T16:27:15.6597248+01:00
405.822754,258.889221,10,2026-09-01T16:27:15.6916224+01:00
401.3013,264.402191,10,2026-09-01T16:27:15.8202240+01:00
401.219147,268.541443,10,2026-09-01T16:27:15.9001088+01:00
402.140778,263.48172,10,2026-09-01T16:27:15.9956992+01:00
401.722076,264.411652,10,2026-09-01T16:27:16.2197120+01:00
405.391022,257.517639,10,2026-09-01T16:27:16.3321984+01:00
401.307281,268.519958,10,2026-09-01T16:27:16.3640192+01:00
401.003967,266.060181,10,2026-09-01T16:27:16.3956736+01:00
398.895782,270.364288,10,2026-09-01T16:27:16.4597632+01:00
398.109467,276.424866,10,2026-09-01T16:27:16.4916608+01:00
404.91745,259.003174,10,2026-09-01T16:27:16.5241728+01:00
399.926971,271.925079,10,2026-09-01T16:27:16.6681728+01:00
399.442627,273.600006,10,2026-09-01T16:27:16.6996480+01:00
402.01828,266.087402,10,2026-09-01T16:27:16.7639424+01:00
406.621429,257.386444,10,2026-09-01T16:27:16.8917760+01:00
402.803528,261.449219,10,2026-09-01T16:27:16.9242624+01:00
401.438446,269.338348,10,2026-09-01T16:27:17.0359168+01:00
399.185303,276.65097,10,2026-09-01T16:27:17.2282624+01:00
403.209656,268.361633,10,2026-09-01T16:27:17.2920960+01:00
401.566467,269.606354,10,2026-09-01T16:27:17.3561472+01:00
402.367706,270.632294,10,2026-09-01T16:27:17.4361984+01:00
399.910156,273.969086,10,2026-09-01T16:27:17.5002752+01:00
403.183472,266.822296,10,2026-09-01T16:27:17.9641088+01:00
400.807648,271.597809,10,2026-09-01T16:27:18.0598400+01:00
403.582001,264.734192,10,2026-09-01T16:27:18.1401344+01:00
401.778046,269.992523,10,2026-09-01T16:27:18.1720192+01:00
402.284485,267.61673,10,2026-09-01T16:27:18.5722240+01:00
403.931213,264.328033,10,2026-09-01T16:27:18.7961472+01:00
402.869598,266.879089,10,2026-09-01T16:27:19.0679808+01:00
400.019348,273.12149,10,2026-09-01T16:27:19.4364544+01:00
402.97049,264.507813,10,2026-09-01T16:27:19.7081472+01:00
399.780701,271.084442,10,2026-09-01T16:27:22.2530176+01:00
397.683746,272.28714,10,2026-09-01T16:27:22.4128256+01:00
397.485779,273.674805,10,2026-09-01T16:27:22.4770560+01:00
398.089417,274.293396,10,2026-09-01T16:27:22.9084288+01:00
399.608063,269.846313,10,2026-09-01T16:27:22.9888896+01:00
400.487122,265.859955,10,2026-09-01T16:27:23.1485696+01:00
403.708221,256.275513,10,2026-09-01T16:27:23.3566592+01:00
401.638184,264.638184,10,2026-09-01T16:27:23.4207488+01:00
397.946075,274.305298,10,2026-09-01T16:27:23.6447616+01:00
401.265594,264.737976,10,2026-09-01T16:27:23.7087104+01:00
400.505585,265.892914,10,2026-09-01T16:27:23.7893504+01:00
401.732208,265.67041,10,2026-09-01T16:27:24.3487872+01:00
401.881714,268.525909,10,2026-09-01T16:27:25.0212736+01:00
403.851593,267.656708,10,2026-09-01T16:27:26.1572992+01:00
400.530426,268.347107,10,2026-09-01T16:27:26.4613888+01:00
401.355194,265.726776,10,2026-09-01T16:27:26.4936960+01:00
400.801788,271.928925,10,2026-09-01T16:27:26.5895808+01:00
402.4729,265.448059,10,2026-09-01T16:27:26.6530944+01:00
399.877808,272.526245,10,2026-09-01T16:27:26.6855040+01:00
402.798981,269.318176,10,2026-09-01T16:27:26.8295040+01:00
406.914276,262.923798,10,2026-09-01T16:27:26.9250048+01:00
405.317566,263.592102,10,2026-09-01T16:27:26.9893376+01:00
402.704376,274.722717,10,2026-09-01T16:27:27.1654016+01:00
404.090088,266.140533,10,2026-09-01T16:27:27.2936448+01:00
405.035309,263.688751,10,2026-09-01T16:27:27.3895808+01:00
401.043915,272.252563,10,2026-09-01T16:27:27.6613888+01:00
403.261902,272.379883,10,2026-09-01T16:27:27.7892224+01:00
401.84906,269.920929,10,2026-09-01T16:27:27.8695296+01:00
403.873993,259.352386,10,2026-09-01T16:27:27.9014144+01:00
401.655487,268.725616,10,2026-09-01T16:27:28.1571840+01:00
402.949951,266.030396,10,2026-09-01T16:27:28.1894144+01:00
403.159332,268.556763,10,2026-09-01T16:27:28.2374784+01:00
402.948425,268.108887,10,2026-09-01T16:27:28.2692480+01:00
403.742126,270.366577,10,2026-09-01T16:27:28.9251712+01:00
405.378448,267.480011,10,2026-09-01T16:27:29.3412224+01:00
401.611115,271.625549,10,2026-09-01T16:27:30.0298624+01:00
403.459137,266.103241,10,2026-09-01T16:27:30.4773632+01:00
402.23407,265.822083,10,2026-09-01T16:27:31.5813632+01:00
400.516571,279.524292,10,2026-09-01T16:27:31.9024384+01:00
406.027618,265.085724,10,2026-09-01T16:27:32.0456704+01:00
405.640442,262.507111,10,2026-09-01T16:27:33.5501568+01:00
403.212219,263.898254,10,2026-09-01T16:27:33.9182720+01:00
398.577087,269.633331,10,2026-09-01T16:27:35.7582848+01:00
399.142944,263.966675,10,2026-09-01T16:27:35.8228608+01:00
401.676758,266.686249,10,2026-09-01T16:27:35.8545920+01:00
399.133331,276.973541,10,2026-09-01T16:27:35.8863232+01:00
399.21524,277.477936,10,2026-09-01T16:27:35.9182208+01:00
400.516418,274.010376,10,2026-09-01T16:27:36.2226048+01:00
401.061737,270.151245,10,2026-09-01T16:27:36.2867584+01:00
400.836884,264.814728,10,2026-09-01T16:27:36.9267328+01:00
399.444702,269.219727,10,2026-09-01T16:27:36.9586816+01:00
400.188507,269.762634,10,2026-09-01T16:27:36.9903872+01:00
402.684357,266.071869,10,2026-09-01T16:27:37.0223232+01:00
398.982605,274.028717,10,2026-09-01T16:27:37.0545920+01:00
402.791473,268.782776,10,2026-09-01T16:27:37.0865280+01:00
403.019257,264.855652,10,2026-09-01T16:27:37.1184000+01:00
403.635132,263.604126,10,2026-09-01T16:27:37.1503744+01:00
408.554626,251.779617,10,2026-09-01T16:27:37.1984256+01:00
410.362762,250.638184,10,2026-09-01T16:27:37.2627456+01:00
405.302826,268.467316,10,2026-09-01T16:27:37.2945920+01:00
403.534241,263.091003,10,2026-09-01T16:27:37.9987968+01:00
402.07901,266.849243,10,2026-09-01T16:27:38.0628480+01:00
402.396301,269.287048,10,2026-09-01T16:27:38.1904512+01:00
403.115845,269.779663,10,2026-09-01T16:27:38.2225920+01:00
403.25,270.00589,10,2026-09-01T16:27:38.9586560+01:00
403.330444,268.849182,10,2026-09-01T16:27:39.6948224+01:00
397.225403,275.230621,10,2026-09-01T16:27:39.9670912+01:00
399.482513,274.308655,10,2026-09-01T16:27:40.3987200+01:00
408.031097,259.981781,10,2026-09-01T16:27:45.0234240+01:00
407.50351,266.422821,10,2026-09-01T16:27:49.4243072+01:00
401.916199,268.799805,10,2026-09-01T16:27:50.3039872+01:00
404.93103,258.378418,10,2026-09-01T16:27:51.2966272+01:00
404.610931,263.450989,10,2026-09-01T16:27:52.4803328+01:00
404.786591,258.059967,10,2026-09-01T16:27:53.5683840+01:00
401.097748,264.893005,10,2026-09-01T16:27:54.1124992+01:00
403.493713,265.77005,10,2026-09-01T16:27:54.3046912+01:00
405.186279,260.558838,10,2026-09-01T16:27:54.3528320+01:00
403.717072,263.507568,10,2026-09-01T16:27:54.7208064+01:00
401.094757,268.005432,10,2026-09-01T16:27:54.7526016+01:00
400.35849,271.968567,10,2026-09-01T16:27:54.7845504+01:00
404.442505,262.749176,10,2026-09-01T16:27:54.8808576+01:00
401.472351,266.812805,10,2026-09-01T16:27:54.9766400+01:00
402.693146,266.617645,10,2026-09-01T16:27:55.1205376+01:00
400.177063,269.969391,10,2026-09-01T16:27:55.1848320+01:00
399.481384,266.659973,10,2026-09-01T16:27:55.7129856+01:00
403.068695,260.362579,10,2026-09-01T16:27:55.8088448+01:00
400.897095,271.35791,10,2026-09-01T16:27:55.8572032+01:00
401.386749,272.742523,10,2026-09-01T16:27:56.1131264+01:00
406.636017,261.799438,10,2026-09-01T16:27:56.1447936+01:00
405.778137,262.039154,10,2026-09-01T16:27:56.1775872+01:00
401.564026,266.906494,10,2026-09-01T16:27:57.1208064+01:00
401.774658,264.40564,10,2026-09-01T16:27:57.3927424+01:00
401.967102,263.3974,10,2026-09-01T16:27:57.4251136+01:00
397.539948,267.938019,10,2026-09-01T16:27:57.8889472+01:00
396.49939,266.984558,10,2026-09-01T16:27:58.0973952+01:00
396.293854,268.192841,10,2026-09-01T16:27:58.2890880+01:00
394.469879,274.448792,10,2026-09-01T16:27:58.3212800+01:00
395.627319,272.22049,10,2026-09-01T16:27:58.5293440+01:00
397.643616,267.601959,10,2026-09-01T16:27:58.6251392+01:00
400.402557,265.135498,10,2026-09-01T16:27:59.1215744+01:00
403.549652,257.466064,10,2026-09-01T16:27:59.4895872+01:00
399.388763,262.059601,10,2026-09-01T16:28:00.4013184+01:00
398.749817,263.41571,10,2026-09-01T16:28:00.5933312+01:00
397.595245,270.986115,10,2026-09-01T16:28:01.2656128+01:00
400.593811,262.29361,10,2026-09-01T16:28:01.6656000+01:00
398.797729,268.081665,10,2026-09-01T16:28:03.0418432+01:00
400.760712,265.486938,10,2026-09-01T16:28:03.6336384+01:00
411.872803,263.778503,10,2026-09-01T16:28:07.3789184+01:00
411.363525,265.110046,10,2026-09-01T16:28:07.5225344+01:00
411.453735,263.9552,10,2026-09-01T16:28:07.5545984+01:00
415.615997,251.802856,10,2026-09-01T16:28:07.7465216+01:00
412.747498,262.66568,10,2026-09-01T16:28:07.8585856+01:00
418.633331,258.816132,10,2026-09-01T16:28:08.5943680+01:00
414.182739,261.548767,10,2026-09-01T16:28:08.8502400+01:00
413.150818,257.193542,10,2026-09-01T16:28:08.8823680+01:00
409.04071,265.983521,10,2026-09-01T16:28:08.9306368+01:00
414.255096,253.377151,10,2026-09-01T16:28:08.9623552+01:00
416.685699,267.272614,10,2026-09-01T16:28:08.9943296+01:00
421.613678,263.370422,10,2026-09-01T16:28:09.0267008+01:00
423.61734,257.790802,10,2026-09-01T16:28:09.0587520+01:00
419.570984,263.398987,10,2026-09-01T16:28:09.0906752+01:00
416.966156,266.687531,10,2026-09-01T16:28:09.1225984+01:00
417.463531,259.560181,10,2026-09-01T16:28:09.1547904+01:00
410.648193,277.878265,10,2026-09-01T16:28:09.3625600+01:00
415.735626,255.504791,10,2026-09-01T16:28:09.4266624+01:00
408.43161,276.403778,10,2026-09-01T16:28:09.4586368+01:00
412.420685,267.608856,10,2026-09-01T16:28:09.5227776+01:00
408.547028,276.699554,10,2026-09-01T16:28:09.6184192+01:00
414.151672,258.513123,10,2026-09-01T16:28:09.6666752+01:00
412.475555,260.799103,10,2026-09-01T16:28:10.1625728+01:00
409.243896,261.603241,10,2026-09-01T16:28:10.6588416+01:00
407.396881,264.9198,10,2026-09-01T16:28:10.6908544+01:00
406.766479,266.338684,10,2026-09-01T16:28:10.7547008+01:00
410.6427,258.960785,10,2026-09-01T16:28:10.8026112+01:00
408.893463,260.847931,10,2026-09-01T16:28:10.8346752+01:00
401.261841,278.947418,10,2026-09-01T16:28:10.9625088+01:00
405.111115,269.046844,10,2026-09-01T16:28:11.1705472+01:00
404.232086,269.7211,10,2026-09-01T16:28:11.5385088+01:00
405.581024,258.842163,10,2026-09-01T16:28:14.4353792+01:00
402.033783,269.1427,10,2026-09-01T16:28:20.2598400+01:00
401.403564,269.925751,10,2026-09-01T16:28:20.3877888+01:00
400.080627,269.420288,10,2026-09-01T16:28:20.4516352+01:00
397.919281,271.098969,10,2026-09-01T16:28:20.4998016+01:00
398.139557,266.987946,10,2026-09-01T16:28:20.5317248+01:00
400.078278,267.670715,10,2026-09-01T16:28:20.5961472+01:00
401.011749,270.246796,10,2026-09-01T16:28:20.6279680+01:00
404.241699,264.45462,10,2026-09-01T16:28:20.6598400+01:00
400.476837,263.972748,10,2026-09-01T16:28:21.8919808+01:00
401.055206,265.828033,10,2026-09-01T16:28:22.6923008+01:00
396.502167,265.716278,10,2026-09-01T16:28:23.2680576+01:00
393.967621,273.964478,10,2026-09-01T16:28:23.3639808+01:00
397.688538,264.645538,10,2026-09-01T16:28:23.4281344+01:00
398.137573,259.960693,10,2026-09-01T16:28:23.4599552+01:00
397.165741,263.421722,10,2026-09-01T16:28:23.5080832+01:00
403.409088,248.815155,10,2026-09-01T16:28:23.5401984+01:00
399.623077,262.162537,10,2026-09-01T16:28:23.6043520+01:00
394.430725,275.205627,10,2026-09-01T16:28:23.7004032+01:00
398.439606,264.503174,10,2026-09-01T16:28:24.1642496+01:00
397.116699,262.958435,10,2026-09-01T16:28:24.8366592+01:00
396.54306,262.65451,10,2026-09-01T16:28:24.9328640+01:00
397.77713,263.03421,10,2026-09-01T16:28:26.6127744+01:00
394.110748,273.313965,10,2026-09-01T16:28:26.6447360+01:00
400.680206,264.944,10,2026-09-01T16:28:26.9487872+01:00
400.223145,263.094696,10,2026-09-01T16:28:26.9806208+01:00
399.333862,260.892395,10,2026-09-01T16:28:27.0126592+01:00
400.97934,255.105331,10,2026-09-01T16:28:27.0451456+01:00
397.021637,260.132751,10,2026-09-01T16:28:27.0767872+01:00
397.338654,262.70401,10,2026-09-01T16:28:27.1084672+01:00
393.920624,270.252106,10,2026-09-01T16:28:27.1408512+01:00
421.220428,158.717209,10,2026-09-01T16:28:27.4126592+01:00
414.791656,250.442978,10,2026-09-01T16:28:27.4446848+01:00
411.23822,261.277771,10,2026-09-01T16:28:27.4766720+01:00
416.067505,167.748367,10,2026-09-01T16:28:27.5088384+01:00
414.34317,252.290283,10,2026-09-01T16:28:27.5407488+01:00
417.462616,241.14769,10,2026-09-01T16:28:27.5728128+01:00
418.507355,239.53627,10,2026-09-01T16:28:27.6206976+01:00
417.73941,242.613052,10,2026-09-01T16:28:27.6529024+01:00
417.062744,243.042175,10,2026-09-01T16:28:27.6846976+01:00
417.16217,166.204636,10,2026-09-01T16:28:27.7169280+01:00
417.013336,243.363464,10,2026-09-01T16:28:27.7486720+01:00
415.107788,166.677719,10,2026-09-01T16:28:27.7807104+01:00
418.127014,242.65979,10,2026-09-01T16:28:27.8126720+01:00
417.390198,248.65686,10,2026-09-01T16:28:27.8449792+01:00
418.064331,240.438889,10,2026-09-01T16:28:27.8766720+01:00
419.306824,234.300186,10,2026-09-01T16:28:27.9086464+01:00
414.469269,173.880615,10,2026-09-01T16:28:27.9403904+01:00
415.137939,254.724091,10,2026-09-01T16:28:27.9888768+01:00
420.495056,215.544922,10,2026-09-01T16:28:28.0210944+01:00
418.657043,241.344498,10,2026-09-01T16:28:28.0530688+01:00
415.513214,254.170074,10,2026-09-01T16:28:28.0850688+01:00
416.391235,212.234222,10,2026-09-01T16:28:28.1166976+01:00
415.454163,168.231796,10,2026-09-01T16:28:28.1486464+01:00
413.554138,170.653458,10,2026-09-01T16:28:28.1810944+01:00
416.776062,210.429062,10,2026-09-01T16:28:28.2127616+01:00
414.221466,165.914856,10,2026-09-01T16:28:28.2449280+01:00
416.085693,245.010208,10,2026-09-01T16:28:28.2774912+01:00
418.350708,233.870224,10,2026-09-01T16:28:28.3086464+01:00
414.154358,172.227493,10,2026-09-01T16:28:28.3566720+01:00
417.264984,239.6978,10,2026-09-01T16:28:28.3888896+01:00
417.417725,237.001526,10,2026-09-01T16:28:28.4208256+01:00
416.447449,242.465805,10,2026-09-01T16:28:28.4526336+01:00
413.143982,171.105377,10,2026-09-01T16:28:28.4850944+01:00
416.820618,240.054291,10,2026-09-01T16:28:28.5168896+01:00
415.821472,245.499588,10,2026-09-01T16:28:28.5495168+01:00
416.138489,242.364365,10,2026-09-01T16:28:28.5807488+01:00
416.460632,244.484711,10,2026-09-01T16:28:28.6125568+01:00
416.836395,241.954605,10,2026-09-01T16:28:28.6452480+01:00
415.733826,244.648849,10,2026-09-01T16:28:28.6765952+01:00
416.670441,237.618362,10,2026-09-01T16:28:28.7262080+01:00
416.011139,204.904083,10,2026-09-01T16:28:28.7570048+01:00
415.632019,171.784836,10,2026-09-01T16:28:28.7892224+01:00
418.437622,222.051575,10,2026-09-01T16:28:28.8209152+01:00
416.309113,207.86319,10,2026-09-01T16:28:28.8530304+01:00
418.557587,221.315414,10,2026-09-01T16:28:28.8847872+01:00
417.405548,238.193604,10,2026-09-01T16:28:28.9165568+01:00
412.227997,171.714508,10,2026-09-01T16:28:28.9486336+01:00
418.721344,220.729736,10,2026-09-01T16:28:28.9806592+01:00
414.721619,174.975739,10,2026-09-01T16:28:29.0132352+01:00
416.670197,242.736862,10,2026-09-01T16:28:29.0447744+01:00
416.919159,237.945953,10,2026-09-01T16:28:29.0926592+01:00
416.650055,241.081757,10,2026-09-01T16:28:29.1247744+01:00
416.895294,239.900467,10,2026-09-01T16:28:29.1570048+01:00
415.04953,172.878326,10,2026-09-01T16:28:29.1888896+01:00
417.628876,239.780518,10,2026-09-01T16:28:29.2207744+01:00
415.859833,176.500427,10,2026-09-01T16:28:29.2530432+01:00
417.042114,239.395126,10,2026-09-01T16:28:29.2850048+01:00
417.929688,236.827469,10,2026-09-01T16:28:29.3166720+01:00
415.831757,217.033646,10,2026-09-01T16:28:29.3488256+01:00
416.917755,239.310074,10,2026-09-01T16:28:29.3805824+01:00
417.008179,240.036377,10,2026-09-01T16:28:29.4133504+01:00
413.743256,175.801392,10,2026-09-01T16:28:29.4607488+01:00
416.896667,210.324265,10,2026-09-01T16:28:29.4928768+01:00
422.280273,196.132217,10,2026-09-01T16:28:29.5247232+01:00
414.713135,212.963913,10,2026-09-01T16:28:29.5573120+01:00
415.805908,246.317902,10,2026-09-01T16:28:29.5892736+01:00
414.124207,173.43338,10,2026-09-01T16:28:29.6209664+01:00
415.064667,174.413254,10,2026-09-01T16:28:29.6529152+01:00
415.852081,204.944443,10,2026-09-01T16:28:29.6849280+01:00
417.884155,194.226517,10,2026-09-01T16:28:29.7170176+01:00
415.158478,216.06395,10,2026-09-01T16:28:29.7487104+01:00
417.436737,238.016846,10,2026-09-01T16:28:29.7807872+01:00
414.970947,211.431046,10,2026-09-01T16:28:29.8130688+01:00
421.98938,192.200195,10,2026-09-01T16:28:29.8614272+01:00
414.966858,212.745804,10,2026-09-01T16:28:29.8928384+01:00
415.695557,175.763382,10,2026-09-01T16:28:29.9247616+01:00
417.136017,241.296158,10,2026-09-01T16:28:29.9576448+01:00
416.667633,206.103516,10,2026-09-01T16:28:29.9891456+01:00
419.522064,229.194504,10,2026-09-01T16:28:30.0216192+01:00
419.1073,221.574448,10,2026-09-01T16:28:30.0530048+01:00
415.85791,248.741455,10,2026-09-01T16:28:30.4209024+01:00
422.067932,203.998962,10,2026-09-01T16:28:30.4848768+01:00
412.761292,261.038696,10,2026-09-01T16:28:30.6293888+01:00
416.712189,257.823029,10,2026-09-01T16:28:31.0932224+01:00
417.331329,258.234833,10,2026-09-01T16:28:31.1573888+01:00
409.741119,255.529999,10,2026-09-01T16:28:32.1013248+01:00
409.708832,256.404907,10,2026-09-01T16:28:32.1333376+01:00
410.869324,257.942413,10,2026-09-01T16:28:32.1972992+01:00
414.037415,243.647964,10,2026-09-01T16:28:32.7254912+01:00
410.228424,249.055878,10,2026-09-01T16:28:34.4377216+01:00
402.343018,269.397858,10,2026-09-01T16:28:34.8377856+01:00
404.261108,260.870789,10,2026-09-01T16:28:34.9016192+01:00
404.825378,255.673035,10,2026-09-01T16:28:34.9654400+01:00
402.665833,264.768982,10,2026-09-01T16:28:35.3018112+01:00
403.133972,264.456696,10,2026-09-01T16:28:35.7656192+01:00
403.668365,261.218506,10,2026-09-01T16:28:35.9419136+01:00
408.1651,246.68338,10,2026-09-01T16:28:36.0375424+01:00
402.769165,265.258545,10,2026-09-01T16:28:36.1817600+01:00
400.822937,271.842621,10,2026-09-01T16:28:36.2779392+01:00
400.432373,269.82428,10,2026-09-01T16:28:36.8696064+01:00
408.015106,247.067963,10,2026-09-01T16:28:36.9177856+01:00
401.453156,263.007629,10,2026-09-01T16:28:37.2057856+01:00
400.553009,262.230347,10,2026-09-01T16:28:37.2377856+01:00
402.501099,254.03421,10,2026-09-01T16:28:37.4782464+01:00
399.93512,259.831329,10,2026-09-01T16:28:37.7178624+01:00
401.90097,256.525757,10,2026-09-01T16:28:37.8136832+01:00
399.229462,259.462708,10,2026-09-01T16:28:37.8461824+01:00
401.55011,251.543961,10,2026-09-01T16:28:38.1817984+01:00
399.34491,255.792389,10,2026-09-01T16:28:38.7900288+01:00
396.045502,268.45105,10,2026-09-01T16:28:38.9501696+01:00
401.040405,248.016159,10,2026-09-01T16:28:40.0540672+01:00
397.385834,261.358337,10,2026-09-01T16:28:40.4540160+01:00
397.672333,260.570404,10,2026-09-01T16:28:40.7265920+01:00
396.223694,265.027405,10,2026-09-01T16:28:41.0623232+01:00
400.412567,248.350723,10,2026-09-01T16:28:41.3986816+01:00
398.187561,258.582184,10,2026-09-01T16:28:41.4946176+01:00
397.63092,259.831879,10,2026-09-01T16:28:41.5903872+01:00
397.172668,262.647888,10,2026-09-01T16:28:41.7185664+01:00
401.222229,255.777771,10,2026-09-01T16:28:42.0867072+01:00
397.382385,263.300903,10,2026-09-01T16:28:42.1667072+01:00
399.368591,261.012817,10,2026-09-01T16:28:42.3267328+01:00
399.456573,261.945831,10,2026-09-01T16:28:42.3589504+01:00
399.074921,260.156769,10,2026-09-01T16:28:42.6630656+01:00
399.496887,261.081787,10,2026-09-01T16:28:43.1269376+01:00
400.61322,257.09671,10,2026-09-01T16:28:43.1904640+01:00
404.962128,248.298706,10,2026-09-01T16:28:43.2226688+01:00
398.820587,262.747314,10,2026-09-01T16:28:43.4629504+01:00
398.566345,264.245789,10,2026-09-01T16:28:43.8951808+01:00
403.724701,249.831131,10,2026-09-01T16:28:44.1346688+01:00
400.200806,261.569275,10,2026-09-01T16:28:44.2948096+01:00
398.943054,259.576324,10,2026-09-01T16:28:44.7267456+01:00
398.525024,264.342773,10,2026-09-01T16:28:46.1669888+01:00
400.877899,257.838287,10,2026-09-01T16:28:46.7433728+01:00
399.660156,266.399567,10,2026-09-01T16:28:48.7114368+01:00
397.552094,263.741486,10,2026-09-01T16:28:48.8395392+01:00
399.781311,261.276489,10,2026-09-01T16:28:51.5914880+01:00
404.293549,243.96666,10,2026-09-01T16:28:51.7514368+01:00
398.652954,261.366669,10,2026-09-01T16:28:51.7835264+01:00
397.593018,265.656372,10,2026-09-01T16:28:52.0876416+01:00
398.426544,262.324371,10,2026-09-01T16:28:52.6319232+01:00
396.69986,266.82428,10,2026-09-01T16:28:52.6639872+01:00
397.996979,264.655548,10,2026-09-01T16:28:58.9045504+01:00
400.541504,256.007019,10,2026-09-01T16:28:59.0165504+01:00
398.754639,258.430603,10,2026-09-01T16:28:59.3847296+01:00
401.577576,255.700211,10,2026-09-01T16:28:59.5763712+01:00
401.865234,257.102081,10,2026-09-01T16:28:59.6405632+01:00
401.460815,260.607513,10,2026-09-01T16:28:59.7207808+01:00
401.313263,275.890167,10,2026-09-01T16:28:59.9446144+01:00
411.522888,257.281769,10,2026-09-01T16:29:00.0887552+01:00
410.803772,263.908325,10,2026-09-01T16:29:00.1207680+01:00
400.648163,268.229645,10,2026-09-01T16:29:00.7126784+01:00
399.803345,266.673859,10,2026-09-01T16:29:00.9527680+01:00
400.362,262.033569,10,2026-09-01T16:29:01.1126272+01:00
403.124603,264.799774,10,2026-09-01T16:29:01.8169344+01:00
411.313232,259.326996,10,2026-09-01T16:29:03.7208704+01:00
410.082428,264.682068,10,2026-09-01T16:29:04.1213312+01:00
410.7948,261.241669,10,2026-09-01T16:29:06.1372288+01:00
412.001099,261.83551,10,2026-09-01T16:29:06.3611392+01:00
